Preparing to unpack .../187-gir1.2-gnomeautoar-0.1_0.4.4-2build4_amd64.deb ...
Unpacking gir1.2-gnomeautoar-0.1:amd64 (0.4.4-2build4) ...
Selecting previously unselected package gir1.2-gnomedesktop-3.0:amd64.
Preparing to unpack .../188-gir1.2-gnomedesktop-3.0_44.0-5build2_amd64.deb ...
Unpacking gir1.2-gnomedesktop-3.0:amd64 (44.0-5build2) ...
Selecting previously unselected package gir1.2-gst-plugins-base-1.0:amd64.
Preparing to unpack .../189-gir1.2-gst-plugins-base-1.0_1.24.2-1ubuntu0.4_amd64.deb ...
Unpacking gir1.2-gst-plugins-base-1.0:amd64 (1.24.2-1ubuntu0.4) ...
Selecting previously unselected package libgtksourceview-4-common.
Preparing to unpack .../190-libgtksourceview-4-common_4.8.4-5build4_all.deb ...
Unpacking libgtksourceview-4-common (4.8.4-5build4) ...
Selecting previously unselected package libgtksourceview-4-0:amd64.
Preparing to unpack .../191-libgtksourceview-4-0_4.8.4-5build4_amd64.deb ...
Unpacking libgtksourceview-4-0:amd64 (4.8.4-5build4) ...
Selecting previously unselected package gir1.2-gtksource-4:amd64.
Preparing to unpack .../192-gir1.2-gtksource-4_4.8.4-5build4_amd64.deb ...
Unpacking gir1.2-gtksource-4:amd64 (4.8.4-5build4) ...
Selecting previously unselected package libgtop2-common.
Preparing to unpack .../193-libgtop2-common_2.41.3-1ubuntu0.24.04.1_all.deb ...
Unpacking libgtop2-common (2.41.3-1ubuntu0.24.04.1) ...
Selecting previously unselected package libgtop-2.0-11:amd64.
Preparing to unpack .../194-libgtop-2.0-11_2.41.3-1ubuntu0.24.04.1_amd64.deb ...
Unpacking libgtop-2.0-11:amd64 (2.41.3-1ubuntu0.24.04.1) ...
Selecting previously unselected package gir1.2-gtop-2.0:amd64.
Preparing to unpack .../195-gir1.2-gtop-2.0_2.41.3-1ubuntu0.24.04.1_amd64.deb ...
Unpacking gir1.2-gtop-2.0:amd64 (2.41.3-1ubuntu0.24.04.1) ...
Selecting previously unselected package gir1.2-gudev-1.0:amd64.
Preparing to unpack .../196-gir1.2-gudev-1.0_1%3a238-5ubuntu1_amd64.deb ...
Unpacking gir1.2-gudev-1.0:amd64 (1:238-5ubuntu1) ...
Selecting previously unselected package gir1.2-javascriptcoregtk-4.1:amd64.
Preparing to unpack .../197-gir1.2-javascriptcoregtk-4.1_2.52.6-0ubuntu0.24.04.1_amd64.deb ...
Unpacking gir1.2-javascriptcoregtk-4.1:amd64 (2.52.6-0ubuntu0.24.04.1) ...
Selecting previously unselected package gir1.2-vte-2.91:amd64.
Preparing to unpack .../198-gir1.2-vte-2.91_0.76.0-1ubuntu0.1_amd64.deb ...
Unpacking gir1.2-vte-2.91:amd64 (0.76.0-1ubuntu0.1) ...
Selecting previously unselected package gir1.2-webkit2-4.1:amd64.
Preparing to unpack .../199-gir1.2-webkit2-4.1_2.52.6-0ubuntu0.24.04.1_amd64.deb ...
Unpacking gir1.2-webkit2-4.1:amd64 (2.52.6-0ubuntu0.24.04.1) ...
Selecting previously unselected package libxres1:amd64.
Preparing to unpack .../200-libxres1_2%3a1.2.1-1build1_amd64.deb ...
Unpacking libxres1:amd64 (2:1.2.1-1build1) ...
Selecting previously unselected package libwnck-3-common.
Preparing to unpack .../201-libwnck-3-common_43.0-3build4_all.deb ...
Unpacking libwnck-3-common (43.0-3build4) ...
Selecting previously unselected package libwnck-3-0:amd64.
Preparing to unpack .../202-libwnck-3-0_43.0-3build4_amd64.deb ...
Unpacking libwnck-3-0:amd64 (43.0-3build4) ...
Selecting previously unselected package gir1.2-wnck-3.0:amd64.
Preparing to unpack .../203-gir1.2-wnck-3.0_43.0-3build4_amd64.deb ...
Unpacking gir1.2-wnck-3.0:amd64 (43.0-3build4) ...
Selecting previously unselected package libgnomekbd-common.
Preparing to unpack .../204-libgnomekbd-common_3.28.1-1build3_all.deb ...
Unpacking libgnomekbd-common (3.28.1-1build3) ...
Selecting previously unselected package libxklavier16:amd64.
Preparing to unpack .../205-libxklavier16_5.4-5build2_amd64.deb ...
Unpacking libxklavier16:amd64 (5.4-5build2) ...
Selecting previously unselected package libgnomekbd8:amd64.
Preparing to unpack .../206-libgnomekbd8_3.28.1-1build3_amd64.deb ...
Unpacking libgnomekbd8:amd64 (3.28.1-1build3) ...
Selecting previously unselected package gkbd-capplet.
Preparing to unpack .../207-gkbd-capplet_3.28.1-1build3_amd64.deb ...
Unpacking gkbd-capplet (3.28.1-1build3) ...
Selecting previously unselected package gnome-accessibility-themes.
Preparing to unpack .../208-gnome-accessibility-themes_3.28-2ubuntu5_all.deb ...
Unpacking gnome-accessibility-themes (3.28-2ubuntu5) ...
Selecting previously unselected package gnome-bluetooth-sendto.
Preparing to unpack .../209-gnome-bluetooth-sendto_46.0-1ubuntu1_amd64.deb ...
Unpacking gnome-bluetooth-sendto (46.0-1ubuntu1) ...
Selecting previously unselected package libgtksourceview-5-common.
Preparing to unpack .../210-libgtksourceview-5-common_5.12.0-1build1_all.deb ...
Unpacking libgtksourceview-5-common (5.12.0-1build1) ...
Selecting previously unselected package libgtksourceview-5-0:amd64.
Preparing to unpack .../211-libgtksourceview-5-0_5.12.0-1build1_amd64.deb ...
Unpacking libgtksourceview-5-0:amd64 (5.12.0-1build1) ...
Selecting previously unselected package gnome-calculator.
Preparing to unpack .../212-gnome-calculator_1%3a46.3-0ubuntu0.1_amd64.deb ...
Unpacking gnome-calculator (1:46.3-0ubuntu0.1) ...
Selecting previously unselected package libedataserverui4-1.0-0t64:amd64.
Preparing to unpack .../213-libedataserverui4-1.0-0t64_3.52.3-0ubuntu1.2_amd64.deb ...
Unpacking libedataserverui4-1.0-0t64:amd64 (3.52.3-0ubuntu1.2) ...
Selecting previously unselected package gnome-calendar.
Preparing to unpack .../214-gnome-calendar_46.1-0ubuntu2_amd64.deb ...
Unpacking gnome-calendar (46.1-0ubuntu2) ...
Selecting previously unselected package gjs.
Preparing to unpack .../215-gjs_1.80.2-1build2_amd64.deb ...
Unpacking gjs (1.80.2-1build2) ...
Selecting previously unselected package gnome-characters.
Preparing to unpack .../216-gnome-characters_46.0-1build1_amd64.deb ...
Unpacking gnome-characters (46.0-1build1) ...
Selecting previously unselected package gnome-clocks.
Preparing to unpack .../217-gnome-clocks_46.0-1build1_amd64.deb ...
Unpacking gnome-clocks (46.0-1build1) ...
Selecting previously unselected package gnome-control-center-data.
Preparing to unpack .../218-gnome-control-center-data_1%3a46.7-0ubuntu0.24.04.6_all.deb ...
Unpacking gnome-control-center-data (1:46.7-0ubuntu0.24.04.6) ...
Selecting previously unselected package heif-gdk-pixbuf:amd64.
Preparing to unpack .../219-heif-gdk-pixbuf_1.17.6-1ubuntu4.8_amd64.deb ...
Unpacking heif-gdk-pixbuf:amd64 (1.17.6-1ubuntu4.8) ...
Selecting previously unselected package heif-thumbnailer.
Preparing to unpack .../220-heif-thumbnailer_1.17.6-1ubuntu4.8_amd64.deb ...
Unpacking heif-thumbnailer (1.17.6-1ubuntu4.8) ...
Selecting previously unselected package python3-defer.
Preparing to unpack .../221-python3-defer_1.0.6-2.1ubuntu1_all.deb ...
Unpacking python3-defer (1.0.6-2.1ubuntu1) ...
Selecting previously unselected package python3-aptdaemon.
Preparing to unpack .../222-python3-aptdaemon_1.1.1+bzr982-0ubuntu44_all.deb ...
Unpacking python3-aptdaemon (1.1.1+bzr982-0ubuntu44) ...
Selecting previously unselected package pkexec.
Preparing to unpack .../223-pkexec_124-2ubuntu1.24.04.4_amd64.deb ...
Unpacking pkexec (124-2ubuntu1.24.04.4) ...
Selecting previously unselected package policykit-1.
Preparing to unpack .../224-policykit-1_124-2ubuntu1.24.04.4_amd64.deb ...
Unpacking policykit-1 (124-2ubuntu1.24.04.4) ...
Selecting previously unselected package aptdaemon.
Preparing to unpack .../225-aptdaemon_1.1.1+bzr982-0ubuntu44_all.deb ...
Unpacking aptdaemon (1.1.1+bzr982-0ubuntu44) ...
Selecting previously unselected package aptdaemon-data.
Preparing to unpack .../226-aptdaemon-data_1.1.1+bzr982-0ubuntu44_all.deb ...
Unpacking aptdaemon-data (1.1.1+bzr982-0ubuntu44) ...
Selecting previously unselected package python3-aptdaemon.gtk3widgets.
Preparing to unpack .../227-python3-aptdaemon.gtk3widgets_1.1.1+bzr982-0ubuntu44_all.deb ...
Unpacking python3-aptdaemon.gtk3widgets (1.1.1+bzr982-0ubuntu44) ...
Selecting previously unselected package language-selector-gnome.
Preparing to unpack .../228-language-selector-gnome_0.225_all.deb ...
Unpacking language-selector-gnome (0.225) ...
Selecting previously unselected package libwhoopsie-preferences0.
Preparing to unpack .../229-libwhoopsie-preferences0_23build3_amd64.deb ...
Unpacking libwhoopsie-preferences0 (23build3) ...
Selecting previously unselected package whoopsie-preferences.
Preparing to unpack .../230-whoopsie-preferences_23build3_amd64.deb ...
Unpacking whoopsie-preferences (23build3) ...
Selecting previously unselected package tecla.
Preparing to unpack .../231-tecla_46.0-1ubuntu0.1_amd64.deb ...
Unpacking tecla (46.0-1ubuntu0.1) ...
Selecting previously unselected package libcolord-gtk4-1t64:amd64.
Preparing to unpack .../232-libcolord-gtk4-1t64_0.3.1-1build2_amd64.deb ...
Unpacking libcolord-gtk4-1t64:amd64 (0.3.1-1build2) ...
Selecting previously unselected package libgsound0t64:amd64.
Preparing to unpack .../233-libgsound0t64_1.0.3-3.2build2_amd64.deb ...
Unpacking libgsound0t64:amd64 (1.0.3-3.2build2) ...
Selecting previously unselected package libgnome-bluetooth-ui-3.0-13:amd64.
Preparing to unpack .../234-libgnome-bluetooth-ui-3.0-13_46.0-1ubuntu1_amd64.deb ...
Unpacking libgnome-bluetooth-ui-3.0-13:amd64 (46.0-1ubuntu1) ...
Selecting previously unselected package libgnome-rr-4-2t64:amd64.
Preparing to unpack .../235-libgnome-rr-4-2t64_44.0-5build2_amd64.deb ...
Unpacking libgnome-rr-4-2t64:amd64 (44.0-5build2) ...
Selecting previously unselected package librest-1.0-0:amd64.
Preparing to unpack .../236-librest-1.0-0_0.9.1-6build3_amd64.deb ...
Unpacking librest-1.0-0:amd64 (0.9.1-6build3) ...
Selecting previously unselected package libgoa-backend-1.0-2:amd64.
Preparing to unpack .../237-libgoa-backend-1.0-2_3.50.4-0ubuntu2_amd64.deb ...
Unpacking libgoa-backend-1.0-2:amd64 (3.50.4-0ubuntu2) ...
Selecting previously unselected package libmalcontent-0-0:amd64.
Preparing to unpack .../238-libmalcontent-0-0_0.11.1-1ubuntu1.3_amd64.deb ...
Unpacking libmalcontent-0-0:amd64 (0.11.1-1ubuntu1.3) ...
Selecting previously unselected package libpwquality-common.
Preparing to unpack .../239-libpwquality-common_1.4.5-3build1_all.deb ...
Unpacking libpwquality-common (1.4.5-3build1) ...
Selecting previously unselected package libpwquality1:amd64.
Preparing to unpack .../240-libpwquality1_1.4.5-3build1_amd64.deb ...
Unpacking libpwquality1:amd64 (1.4.5-3build1) ...
Selecting previously unselected package gnome-control-center.
Preparing to unpack .../241-gnome-control-center_1%3a46.7-0ubuntu0.24.04.6_amd64.deb ...
Unpacking gnome-control-center (1:46.7-0ubuntu0.24.04.6) ...
Selecting previously unselected package gnome-control-center-faces.
Preparing to unpack .../242-gnome-control-center-faces_1%3a46.7-0ubuntu0.24.04.6_all.deb ...
Unpacking gnome-control-center-faces (1:46.7-0ubuntu0.24.04.6) ...
Selecting previously unselected package gnome-disk-utility.
Preparing to unpack .../243-gnome-disk-utility_46.0-1ubuntu3_amd64.deb ...
Unpacking gnome-disk-utility (46.0-1ubuntu3) ...
Selecting previously unselected package gnome-font-viewer.
Preparing to unpack .../244-gnome-font-viewer_46.0-1build1_amd64.deb ...
Unpacking gnome-font-viewer (46.0-1build1) ...
Selecting previously unselected package gnome-logs.
Preparing to unpack .../245-gnome-logs_45.0-1build1_amd64.deb ...
Unpacking gnome-logs (45.0-1build1) ...
Selecting previously unselected package gnome-menus.
Preparing to unpack .../246-gnome-menus_3.36.0-1.1ubuntu3_amd64.deb ...
Unpacking gnome-menus (3.36.0-1.1ubuntu3) ...
Selecting previously unselected package gnome-online-accounts.
Preparing to unpack .../247-gnome-online-accounts_3.50.4-0ubuntu2_amd64.deb ...
Unpacking gnome-online-accounts (3.50.4-0ubuntu2) ...
Selecting previously unselected package libei1:amd64.
Preparing to unpack .../248-libei1_1.2.1-1_amd64.deb ...
Unpacking libei1:amd64 (1.2.1-1) ...
Selecting previously unselected package libwinpr3-3:amd64.
Preparing to unpack .../249-libwinpr3-3_3.31.0+dfsg-0ubuntu0.24.04.1_amd64.deb ...
Unpacking libwinpr3-3:amd64 (3.31.0+dfsg-0ubuntu0.24.04.1) ...
Selecting previously unselected package libfreerdp3-3:amd64.
Preparing to unpack .../250-libfreerdp3-3_3.31.0+dfsg-0ubuntu0.24.04.1_amd64.deb ...
Unpacking libfreerdp3-3:amd64 (3.31.0+dfsg-0ubuntu0.24.04.1) ...
Selecting previously unselected package libfreerdp-server3-3:amd64.
Preparing to unpack .../251-libfreerdp-server3-3_3.31.0+dfsg-0ubuntu0.24.04.1_amd64.deb ...
Unpacking libfreerdp-server3-3:amd64 (3.31.0+dfsg-0ubuntu0.24.04.1) ...
Selecting previously unselected package libtss2-rc0t64:amd64.
Preparing to unpack .../252-libtss2-rc0t64_4.0.1-7.1ubuntu5.1_amd64.deb ...
Unpacking libtss2-rc0t64:amd64 (4.0.1-7.1ubuntu5.1) ...
Selecting previously unselected package gnome-remote-desktop.
Preparing to unpack .../253-gnome-remote-desktop_46.3-0ubuntu1.2_amd64.deb ...
Unpacking gnome-remote-desktop (46.3-0ubuntu1.2) ...
Selecting previously unselected package gnome-shell-extension-appindicator.
Preparing to unpack .../254-gnome-shell-extension-appindicator_58-1ubuntu24.04.1_all.deb ...
Unpacking gnome-shell-extension-appindicator (58-1ubuntu24.04.1) ...
Selecting previously unselected package nautilus-data.
Preparing to unpack .../255-nautilus-data_1%3a46.4-0ubuntu0.2_all.deb ...
Unpacking nautilus-data (1:46.4-0ubuntu0.2) ...
Selecting previously unselected package libtracker-sparql-3.0-0:amd64.
Preparing to unpack .../256-libtracker-sparql-3.0-0_3.7.1-1build1_amd64.deb ...
Unpacking libtracker-sparql-3.0-0:amd64 (3.7.1-1build1) ...
Selecting previously unselected package tracker.
Preparing to unpack .../257-tracker_3.7.1-1build1_amd64.deb ...
Unpacking tracker (3.7.1-1build1) ...
Selecting previously unselected package libcue2:amd64.
Preparing to unpack .../258-libcue2_2.2.1-4.1build1_amd64.deb ...
Unpacking libcue2:amd64 (2.2.1-4.1build1) ...
Selecting previously unselected package libexiv2-27:amd64.
Preparing to unpack .../259-libexiv2-27_0.27.6-1ubuntu0.3_amd64.deb ...
Unpacking libexiv2-27:amd64 (0.27.6-1ubuntu0.3) ...
Selecting previously unselected package libgexiv2-2:amd64.
Preparing to unpack .../260-libgexiv2-2_0.14.2-2build3_amd64.deb ...
Unpacking libgexiv2-2:amd64 (0.14.2-2build3) ...
Selecting previously unselected package libgif7:amd64.
Preparing to unpack .../261-libgif7_5.2.2-1ubuntu1.2_amd64.deb ...
Unpacking libgif7:amd64 (5.2.2-1ubuntu1.2) ...
Selecting previously unselected package libgsf-1-common.
Preparing to unpack .../262-libgsf-1-common_1.14.51-2ubuntu0.1_all.deb ...
Unpacking libgsf-1-common (1.14.51-2ubuntu0.1) ...
Selecting previously unselected package libgsf-1-114:amd64.
Preparing to unpack .../263-libgsf-1-114_1.14.51-2ubuntu0.1_amd64.deb ...
Unpacking libgsf-1-114:amd64 (1.14.51-2ubuntu0.1) ...
Selecting previously unselected package libtotem-plparser-common.
Preparing to unpack .../264-libtotem-plparser-common_3.26.6-1build5_all.deb ...
Unpacking libtotem-plparser-common (3.26.6-1build5) ...
Selecting previously unselected package libtotem-plparser18:amd64.
Preparing to unpack .../265-libtotem-plparser18_3.26.6-1build5_amd64.deb ...
Unpacking libtotem-plparser18:amd64 (3.26.6-1build5) ...
Selecting previously unselected package tracker-extract.
Preparing to unpack .../266-tracker-extract_3.7.1-1ubuntu0.1_amd64.deb ...
Unpacking tracker-extract (3.7.1-1ubuntu0.1) ...
Selecting previously unselected package tracker-miner-fs.
Preparing to unpack .../267-tracker-miner-fs_3.7.1-1ubuntu0.1_amd64.deb ...
Unpacking tracker-miner-fs (3.7.1-1ubuntu0.1) ...
Selecting previously unselected package libdbusmenu-glib4:amd64.
Preparing to unpack .../268-libdbusmenu-glib4_18.10.20180917~bzr492+repack1-3.1ubuntu5_amd64.deb ...
Unpacking libdbusmenu-glib4:amd64 (18.10.20180917~bzr492+repack1-3.1ubuntu5) ...
Selecting previously unselected package libportal-gtk4-1:amd64.
Preparing to unpack .../269-libportal-gtk4-1_0.7.1-5build5_amd64.deb ...
Unpacking libportal-gtk4-1:amd64 (0.7.1-5build5) ...
Selecting previously unselected package libportal1:amd64.
Preparing to unpack .../270-libportal1_0.7.1-5build5_amd64.deb ...
Unpacking libportal1:amd64 (0.7.1-5build5) ...
Selecting previously unselected package libdee-1.0-4:amd64.
Preparing to unpack .../271-libdee-1.0-4_1.2.7+17.10.20170616-7build5_amd64.deb ...
Unpacking libdee-1.0-4:amd64 (1.2.7+17.10.20170616-7build5) ...
Selecting previously unselected package libunity-protocol-private0:amd64.
Preparing to unpack .../272-libunity-protocol-private0_7.1.4+19.04.20190319-6build4_amd64.deb ...
Unpacking libunity-protocol-private0:amd64 (7.1.4+19.04.20190319-6build4) ...
Selecting previously unselected package libunity-scopes-json-def-desktop.
Preparing to unpack .../273-libunity-scopes-json-def-desktop_7.1.4+19.04.20190319-6build4_all.deb ...
Unpacking libunity-scopes-json-def-desktop (7.1.4+19.04.20190319-6build4) ...
Selecting previously unselected package libunity9:amd64.
Preparing to unpack .../274-libunity9_7.1.4+19.04.20190319-6build4_amd64.deb ...
Unpacking libunity9:amd64 (7.1.4+19.04.20190319-6build4) ...
Selecting previously unselected package nautilus.
Preparing to unpack .../275-nautilus_1%3a46.4-0ubuntu0.2_amd64.deb ...
Unpacking nautilus (1:46.4-0ubuntu0.2) ...
Selecting previously unselected package gnome-shell-extension-desktop-icons-ng.
Preparing to unpack .../276-gnome-shell-extension-desktop-icons-ng_46+really47.0.9-1ubuntu5_all.deb ...
Unpacking gnome-shell-extension-desktop-icons-ng (46+really47.0.9-1ubuntu5) ...
Selecting previously unselected package libtext-engine-0.1-0.
Preparing to unpack .../277-libtext-engine-0.1-0_0.1.1-4build2_amd64.deb ...
Unpacking libtext-engine-0.1-0 (0.1.1-4build2) ...
Selecting previously unselected package gnome-shell-extension-manager.
Preparing to unpack .../278-gnome-shell-extension-manager_0.5.0-1build1_amd64.deb ...
Unpacking gnome-shell-extension-manager (0.5.0-1build1) ...
Selecting previously unselected package gnome-shell-extension-prefs.
Preparing to unpack .../279-gnome-shell-extension-prefs_46.0-0ubuntu6~24.04.14_amd64.deb ...
Unpacking gnome-shell-extension-prefs (46.0-0ubuntu6~24.04.14) ...
Selecting previously unselected package gnome-shell-extensions.
Preparing to unpack .../280-gnome-shell-extensions_46.1-2_all.deb ...
Unpacking gnome-shell-extensions (46.1-2) ...
Selecting previously unselected package liblttng-ust-common1t64:amd64.
Preparing to unpack .../281-liblttng-ust-common1t64_2.13.7-1.1ubuntu2_amd64.deb ...
Unpacking liblttng-ust-common1t64:amd64 (2.13.7-1.1ubuntu2) ...
Selecting previously unselected package liblttng-ust-ctl5t64:amd64.
Preparing to unpack .../282-liblttng-ust-ctl5t64_2.13.7-1.1ubuntu2_amd64.deb ...
Unpacking liblttng-ust-ctl5t64:amd64 (2.13.7-1.1ubuntu2) ...
Selecting previously unselected package liblttng-ust1t64:amd64.
Preparing to unpack .../283-liblttng-ust1t64_2.13.7-1.1ubuntu2_amd64.deb ...
Unpacking liblttng-ust1t64:amd64 (2.13.7-1.1ubuntu2) ...
Selecting previously unselected package libcamera0.2:amd64.
Preparing to unpack .../284-libcamera0.2_0.2.0-3fakesync1build6_amd64.deb ...
Unpacking libcamera0.2:amd64 (0.2.0-3fakesync1build6) ...
Selecting previously unselected package gstreamer1.0-libcamera:amd64.
Preparing to unpack .../285-gstreamer1.0-libcamera_0.2.0-3fakesync1build6_amd64.deb ...
Unpacking gstreamer1.0-libcamera:amd64 (0.2.0-3fakesync1build6) ...
Selecting previously unselected package gnome-snapshot.
Preparing to unpack .../286-gnome-snapshot_46.2-1ubuntu2_amd64.deb ...
Unpacking gnome-snapshot (46.2-1ubuntu2) ...
Selecting previously unselected package gnome-startup-applications.
Preparing to unpack .../287-gnome-startup-applications_46.0-1ubuntu4_amd64.deb ...
Unpacking gnome-startup-applications (46.0-1ubuntu4) ...
Selecting previously unselected package libsigc++-3.0-0:amd64.
Preparing to unpack .../288-libsigc++-3.0-0_3.6.0-2_amd64.deb ...
Unpacking libsigc++-3.0-0:amd64 (3.6.0-2) ...
Selecting previously unselected package libglibmm-2.68-1t64:amd64.
Preparing to unpack .../289-libglibmm-2.68-1t64_2.78.1-2.2build2_amd64.deb ...
Unpacking libglibmm-2.68-1t64:amd64 (2.78.1-2.2build2) ...
Selecting previously unselected package libcairomm-1.16-1:amd64.
Preparing to unpack .../290-libcairomm-1.16-1_1.18.0-1build1_amd64.deb ...
Unpacking libcairomm-1.16-1:amd64 (1.18.0-1build1) ...
Selecting previously unselected package libpangomm-2.48-1t64:amd64.
Preparing to unpack .../291-libpangomm-2.48-1t64_2.52.0-1build1_amd64.deb ...
Unpacking libpangomm-2.48-1t64:amd64 (2.52.0-1build1) ...
Selecting previously unselected package libgtkmm-4.0-0:amd64.
Preparing to unpack .../292-libgtkmm-4.0-0_4.10.0-4build3_amd64.deb ...
Unpacking libgtkmm-4.0-0:amd64 (4.10.0-4build3) ...
Selecting previously unselected package gnome-system-monitor.
Preparing to unpack .../293-gnome-system-monitor_46.0-1build1_amd64.deb ...
Unpacking gnome-system-monitor (46.0-1build1) ...
Selecting previously unselected package libeditorconfig0:amd64.
Preparing to unpack .../294-libeditorconfig0_0.12.7-0.1ubuntu0.1_amd64.deb ...
Unpacking libeditorconfig0:amd64 (0.12.7-0.1ubuntu0.1) ...
Selecting previously unselected package gnome-text-editor.
Preparing to unpack .../295-gnome-text-editor_46.3-0ubuntu2_amd64.deb ...
Unpacking gnome-text-editor (46.3-0ubuntu2) ...
Selecting previously unselected package gnome-themes-extra-data.
Preparing to unpack .../296-gnome-themes-extra-data_3.28-2ubuntu5_all.deb ...
Unpacking gnome-themes-extra-data (3.28-2ubuntu5) ...
Selecting previously unselected package libgtk2.0-common.
Preparing to unpack .../297-libgtk2.0-common_2.24.33-4ubuntu1.1_all.deb ...
Unpacking libgtk2.0-common (2.24.33-4ubuntu1.1) ...
Selecting previously unselected package libgtk2.0-0t64:amd64.
Preparing to unpack .../298-libgtk2.0-0t64_2.24.33-4ubuntu1.1_amd64.deb ...
Unpacking libgtk2.0-0t64:amd64 (2.24.33-4ubuntu1.1) ...
Selecting previously unselected package gtk2-engines-pixbuf:amd64.
Preparing to unpack .../299-gtk2-engines-pixbuf_2.24.33-4ubuntu1.1_amd64.deb ...
Unpacking gtk2-engines-pixbuf:amd64 (2.24.33-4ubuntu1.1) ...
Selecting previously unselected package gnome-themes-extra:amd64.
Preparing to unpack .../300-gnome-themes-extra_3.28-2ubuntu5_amd64.deb ...
Unpacking gnome-themes-extra:amd64 (3.28-2ubuntu5) ...
Selecting previously unselected package user-session-migration.
Preparing to unpack .../301-user-session-migration_0.4.1ubuntu3_amd64.deb ...
Unpacking user-session-migration (0.4.1ubuntu3) ...
Selecting previously unselected package gnome-tweaks.
Preparing to unpack .../302-gnome-tweaks_46.0-2_all.deb ...
Unpacking gnome-tweaks (46.0-2) ...
Selecting previously unselected package libyelp0:amd64.
Preparing to unpack .../303-libyelp0_42.2-1ubuntu0.24.04.2_amd64.deb ...
Unpacking libyelp0:amd64 (42.2-1ubuntu0.24.04.2) ...
Selecting previously unselected package yelp-xsl.
Preparing to unpack .../304-yelp-xsl_42.1-2ubuntu0.24.04.1_all.deb ...
Unpacking yelp-xsl (42.1-2ubuntu0.24.04.1) ...
Selecting previously unselected package yelp.
Preparing to unpack .../305-yelp_42.2-1ubuntu0.24.04.2_amd64.deb ...
Unpacking yelp (42.2-1ubuntu0.24.04.2) ...
Selecting previously unselected package ubuntu-docs.
Preparing to unpack .../306-ubuntu-docs_24.04.2_all.deb ...
Unpacking ubuntu-docs (24.04.2) ...
Selecting previously unselected package gnome-user-docs.
Preparing to unpack .../307-gnome-user-docs_46.0-1ubuntu1_all.deb ...
Unpacking gnome-user-docs (46.0-1ubuntu1) ...
Selecting previously unselected package gstreamer1.0-gtk3:amd64.
Preparing to unpack .../308-gstreamer1.0-gtk3_1.24.2-1ubuntu1.6_amd64.deb ...
Unpacking gstreamer1.0-gtk3:amd64 (1.24.2-1ubuntu1.6) ...
Selecting previously unselected package gtk2-engines-murrine:amd64.
Preparing to unpack .../309-gtk2-engines-murrine_0.98.2-4_amd64.deb ...
Unpacking gtk2-engines-murrine:amd64 (0.98.2-4) ...
Selecting previously unselected package libdbusmenu-gtk3-4:amd64.
Preparing to unpack .../310-libdbusmenu-gtk3-4_18.10.20180917~bzr492+repack1-3.1ubuntu5_amd64.deb ...
Unpacking libdbusmenu-gtk3-4:amd64 (18.10.20180917~bzr492+repack1-3.1ubuntu5) ...
Selecting previously unselected package ibus-data.
Preparing to unpack .../311-ibus-data_1.5.29-2_all.deb ...
Unpacking ibus-data (1.5.29-2) ...
Selecting previously unselected package python3-ibus-1.0.
Preparing to unpack .../312-python3-ibus-1.0_1.5.29-2_all.deb ...
Unpacking python3-ibus-1.0 (1.5.29-2) ...
Selecting previously unselected package ibus.
Preparing to unpack .../313-ibus_1.5.29-2_amd64.deb ...
Unpacking ibus (1.5.29-2) ...
Selecting previously unselected package ibus-gtk:amd64.
Preparing to unpack .../314-ibus-gtk_1.5.29-2_amd64.deb ...
Unpacking ibus-gtk:amd64 (1.5.29-2) ...
Selecting previously unselected package ibus-gtk3:amd64.
Preparing to unpack .../315-ibus-gtk3_1.5.29-2_amd64.deb ...
Unpacking ibus-gtk3:amd64 (1.5.29-2) ...
Selecting previously unselected package ibus-gtk4:amd64.
Preparing to unpack .../316-ibus-gtk4_1.5.29-2_amd64.deb ...
Unpacking ibus-gtk4:amd64 (1.5.29-2) ...
Selecting previously unselected package iio-sensor-proxy.
Preparing to unpack .../317-iio-sensor-proxy_3.5-1build2_amd64.deb ...
Unpacking iio-sensor-proxy (3.5-1build2) ...
Selecting previously unselected package im-config.
Preparing to unpack .../318-im-config_0.57-2_all.deb ...
Unpacking im-config (0.57-2) ...
Selecting previously unselected package libao-common.
Preparing to unpack .../319-libao-common_1.2.2+20180113-1.1ubuntu4_all.deb ...
Unpacking libao-common (1.2.2+20180113-1.1ubuntu4) ...
Selecting previously unselected package libao4:amd64.
Preparing to unpack .../320-libao4_1.2.2+20180113-1.1ubuntu4_amd64.deb ...
Unpacking libao4:amd64 (1.2.2+20180113-1.1ubuntu4) ...
Selecting previously unselected package libayatana-ido3-0.4-0:amd64.
Preparing to unpack .../321-libayatana-ido3-0.4-0_0.10.1-1build2_amd64.deb ...
Unpacking libayatana-ido3-0.4-0:amd64 (0.10.1-1build2) ...
Selecting previously unselected package libayatana-indicator3-7:amd64.
Preparing to unpack .../322-libayatana-indicator3-7_0.9.4-1build1_amd64.deb ...
Unpacking libayatana-indicator3-7:amd64 (0.9.4-1build1) ...
Selecting previously unselected package libayatana-appindicator3-1.
Preparing to unpack .../323-libayatana-appindicator3-1_0.5.93-1build3_amd64.deb ...
Unpacking libayatana-appindicator3-1 (0.5.93-1build3) ...
Selecting previously unselected package libgomp1:amd64.
Preparing to unpack .../324-libgomp1_14.2.0-4ubuntu2~24.04.1_amd64.deb ...
Unpacking libgomp1:amd64 (14.2.0-4ubuntu2~24.04.1) ...
Selecting previously unselected package libb2-1:amd64.
Preparing to unpack .../325-libb2-1_0.98.1-1.1build1_amd64.deb ...
Unpacking libb2-1:amd64 (0.98.1-1.1build1) ...
Selecting previously unselected package libbrlapi0.8:amd64.
Preparing to unpack .../326-libbrlapi0.8_6.6-4ubuntu5_amd64.deb ...
Unpacking libbrlapi0.8:amd64 (6.6-4ubuntu5) ...
Selecting previously unselected package libcanberra-pulse:amd64.
Preparing to unpack .../327-libcanberra-pulse_0.30-10ubuntu10_amd64.deb ...
Unpacking libcanberra-pulse:amd64 (0.30-10ubuntu10) ...
Selecting previously unselected package libclone-perl:amd64.
Preparing to unpack .../328-libclone-perl_0.46-1build3_amd64.deb ...
Unpacking libclone-perl:amd64 (0.46-1build3) ...
Selecting previously unselected package libdata-dump-perl.
Preparing to unpack .../329-libdata-dump-perl_1.25-1_all.deb ...
Unpacking libdata-dump-perl (1.25-1) ...
Selecting previously unselected package libdecor-0-plugin-1-gtk:amd64.
Preparing to unpack .../330-libdecor-0-plugin-1-gtk_0.2.2-1build2_amd64.deb ...
Unpacking libdecor-0-plugin-1-gtk:amd64 (0.2.2-1build2) ...
Selecting previously unselected package libdotconf0:amd64.
Preparing to unpack .../331-libdotconf0_1.3-0.3fakesync1build3_amd64.deb ...
Unpacking libdotconf0:amd64 (1.3-0.3fakesync1build3) ...
Selecting previously unselected package libdouble-conversion3:amd64.
Preparing to unpack .../332-libdouble-conversion3_3.3.0-1build1_amd64.deb ...
Unpacking libdouble-conversion3:amd64 (3.3.0-1build1) ...
Selecting previously unselected package libdrm-nouveau2:amd64.
Preparing to unpack .../333-libdrm-nouveau2_2.4.125-1ubuntu0.1~24.04.2_amd64.deb ...
Unpacking libdrm-nouveau2:amd64 (2.4.125-1ubuntu0.1~24.04.2) ...
Selecting previously unselected package libdrm-radeon1:amd64.
Preparing to unpack .../334-libdrm-radeon1_2.4.125-1ubuntu0.1~24.04.2_amd64.deb ...
Unpacking libdrm-radeon1:amd64 (2.4.125-1ubuntu0.1~24.04.2) ...
Selecting previously unselected package libencode-locale-perl.
Preparing to unpack .../335-libencode-locale-perl_1.05-3_all.deb ...
Unpacking libencode-locale-perl (1.05-3) ...
Selecting previously unselected package libpcaudio0:amd64.
Preparing to unpack .../336-libpcaudio0_1.2-2build3_amd64.deb ...
Unpacking libpcaudio0:amd64 (1.2-2build3) ...
Selecting previously unselected package libsonic0:amd64.
Preparing to unpack .../337-libsonic0_0.2.0-13build1_amd64.deb ...
Unpacking libsonic0:amd64 (0.2.0-13build1) ...
Selecting previously unselected package libespeak-ng1:amd64.
Preparing to unpack .../338-libespeak-ng1_1.51+dfsg-12build1_amd64.deb ...
Unpacking libespeak-ng1:amd64 (1.51+dfsg-12build1) ...
Selecting previously unselected package libevent-2.1-7t64:amd64.
Preparing to unpack .../339-libevent-2.1-7t64_2.1.12-stable-9ubuntu2.1_amd64.deb ...
Unpacking libevent-2.1-7t64:amd64 (2.1.12-stable-9ubuntu2.1) ...
Selecting previously unselected package libipc-system-simple-perl.
Preparing to unpack .../340-libipc-system-simple-perl_1.30-2_all.deb ...
Unpacking libipc-system-simple-perl (1.30-2) ...
Selecting previously unselected package libfile-basedir-perl.
Preparing to unpack .../341-libfile-basedir-perl_0.09-2_all.deb ...
Unpacking libfile-basedir-perl (0.09-2) ...
Selecting previously unselected package liburi-perl.
Preparing to unpack .../342-liburi-perl_5.27-1_all.deb ...
Unpacking liburi-perl (5.27-1) ...
Selecting previously unselected package libfile-desktopentry-perl.
Preparing to unpack .../343-libfile-desktopentry-perl_0.22-3_all.deb ...
Unpacking libfile-desktopentry-perl (0.22-3) ...
Selecting previously unselected package libtimedate-perl.
Preparing to unpack .../344-libtimedate-perl_2.3300-2_all.deb ...
Unpacking libtimedate-perl (2.3300-2) ...
Selecting previously unselected package libhttp-date-perl.
Preparing to unpack .../345-libhttp-date-perl_6.06-1ubuntu0.24.04.1_all.deb ...
Unpacking libhttp-date-perl (6.06-1ubuntu0.24.04.1) ...
Selecting previously unselected package libfile-listing-perl.
Preparing to unpack .../346-libfile-listing-perl_6.16-1_all.deb ...
Unpacking libfile-listing-perl (6.16-1) ...
Selecting previously unselected package libfile-mimeinfo-perl.
Preparing to unpack .../347-libfile-mimeinfo-perl_0.34-1_all.deb ...
Unpacking libfile-mimeinfo-perl (0.34-1) ...
Selecting previously unselected package libfont-afm-perl.
Preparing to unpack .../348-libfont-afm-perl_1.20-4_all.deb ...
Unpacking libfont-afm-perl (1.20-4) ...
Selecting previously unselected package libgail18t64:amd64.
Preparing to unpack .../349-libgail18t64_2.24.33-4ubuntu1.1_amd64.deb ...
Unpacking libgail18t64:amd64 (2.24.33-4ubuntu1.1) ...
Selecting previously unselected package libgail-common:amd64.
Preparing to unpack .../350-libgail-common_2.24.33-4ubuntu1.1_amd64.deb ...
Unpacking libgail-common:amd64 (2.24.33-4ubuntu1.1) ...
Selecting previously unselected package libgee-0.8-2:amd64.
Preparing to unpack .../351-libgee-0.8-2_0.20.6-1build2_amd64.deb ...
Unpacking libgee-0.8-2:amd64 (0.20.6-1build2) ...
Selecting previously unselected package libgssdp-1.6-0:amd64.
Preparing to unpack .../352-libgssdp-1.6-0_1.6.3-1build3_amd64.deb ...
Unpacking libgssdp-1.6-0:amd64 (1.6.3-1build3) ...
Selecting previously unselected package libgtk2.0-bin.
Preparing to unpack .../353-libgtk2.0-bin_2.24.33-4ubuntu1.1_amd64.deb ...
Unpacking libgtk2.0-bin (2.24.33-4ubuntu1.1) ...
Selecting previously unselected package libgupnp-1.6-0:amd64.
Preparing to unpack .../354-libgupnp-1.6-0_1.6.6-1build3_amd64.deb ...
Unpacking libgupnp-1.6-0:amd64 (1.6.6-1build3) ...
Selecting previously unselected package libgupnp-av-1.0-3:amd64.
Preparing to unpack .../355-libgupnp-av-1.0-3_0.14.1-2build2_amd64.deb ...
Unpacking libgupnp-av-1.0-3:amd64 (0.14.1-2build2) ...
Selecting previously unselected package libgupnp-dlna-2.0-4:amd64.
Preparing to unpack .../356-libgupnp-dlna-2.0-4_0.12.0-4build2_amd64.deb ...
Unpacking libgupnp-dlna-2.0-4:amd64 (0.12.0-4build2) ...
Selecting previously unselected package libhtml-tagset-perl.
Preparing to unpack .../357-libhtml-tagset-perl_3.20-6_all.deb ...
Unpacking libhtml-tagset-perl (3.20-6) ...
Selecting previously unselected package libhtml-parser-perl:amd64.
Preparing to unpack .../358-libhtml-parser-perl_3.81-1ubuntu0.1_amd64.deb ...
Unpacking libhtml-parser-perl:amd64 (3.81-1ubuntu0.1) ...
Selecting previously unselected package libio-html-perl.
Preparing to unpack .../359-libio-html-perl_1.004-3_all.deb ...
Unpacking libio-html-perl (1.004-3) ...
Selecting previously unselected package liblwp-mediatypes-perl.
Preparing to unpack .../360-liblwp-mediatypes-perl_6.04-2_all.deb ...
Unpacking liblwp-mediatypes-perl (6.04-2) ...
Selecting previously unselected package libhttp-message-perl.
Preparing to unpack .../361-libhttp-message-perl_6.45-1ubuntu1_all.deb ...
Unpacking libhttp-message-perl (6.45-1ubuntu1) ...
Selecting previously unselected package libhtml-form-perl.
Preparing to unpack .../362-libhtml-form-perl_6.11-1_all.deb ...
Unpacking libhtml-form-perl (6.11-1) ...
Selecting previously unselected package libhtml-tree-perl.
Preparing to unpack .../363-libhtml-tree-perl_5.07-3_all.deb ...
Unpacking libhtml-tree-perl (5.07-3) ...
Selecting previously unselected package libhtml-format-perl.
Preparing to unpack .../364-libhtml-format-perl_2.16-2_all.deb ...
Unpacking libhtml-format-perl (2.16-2) ...
Selecting previously unselected package libhttp-cookies-perl.
Preparing to unpack .../365-libhttp-cookies-perl_6.11-1_all.deb ...
Unpacking libhttp-cookies-perl (6.11-1) ...
Selecting previously unselected package libhttp-daemon-perl.
Preparing to unpack .../366-libhttp-daemon-perl_6.16-1ubuntu0.24.04.1_all.deb ...
Unpacking libhttp-daemon-perl (6.16-1ubuntu0.24.04.1) ...
Selecting previously unselected package libhttp-negotiate-perl.
Preparing to unpack .../367-libhttp-negotiate-perl_6.01-2_all.deb ...
Unpacking libhttp-negotiate-perl (6.01-2) ...
Selecting previously unselected package perl-openssl-defaults:amd64.
Preparing to unpack .../368-perl-openssl-defaults_7build3_amd64.deb ...
Unpacking perl-openssl-defaults:amd64 (7build3) ...
Selecting previously unselected package libnet-ssleay-perl:amd64.
Preparing to unpack .../369-libnet-ssleay-perl_1.94-1build4_amd64.deb ...
Unpacking libnet-ssleay-perl:amd64 (1.94-1build4) ...
Selecting previously unselected package libio-socket-ssl-perl.
Preparing to unpack .../370-libio-socket-ssl-perl_2.085-1_all.deb ...
Unpacking libio-socket-ssl-perl (2.085-1) ...
Selecting previously unselected package libio-stringy-perl.
Preparing to unpack .../371-libio-stringy-perl_2.111-3_all.deb ...
Unpacking libio-stringy-perl (2.111-3) ...
Selecting previously unselected package libnet-http-perl.
Preparing to unpack .../372-libnet-http-perl_6.23-1_all.deb ...
Unpacking libnet-http-perl (6.23-1) ...
Selecting previously unselected package libtry-tiny-perl.
Preparing to unpack .../373-libtry-tiny-perl_0.31-2_all.deb ...
Unpacking libtry-tiny-perl (0.31-2) ...
Selecting previously unselected package libwww-robotrules-perl.
Preparing to unpack .../374-libwww-robotrules-perl_6.02-1_all.deb ...
Unpacking libwww-robotrules-perl (6.02-1) ...
Selecting previously unselected package libwww-perl.
Preparing to unpack .../375-libwww-perl_6.76-1ubuntu0.1_all.deb ...
Unpacking libwww-perl (6.76-1ubuntu0.1) ...
Selecting previously unselected package liblwp-protocol-https-perl.
Preparing to unpack .../376-liblwp-protocol-https-perl_6.13-1_all.deb ...
Unpacking liblwp-protocol-https-perl (6.13-1) ...
Selecting previously unselected package libnet-smtp-ssl-perl.
Preparing to unpack .../377-libnet-smtp-ssl-perl_1.04-2_all.deb ...
Unpacking libnet-smtp-ssl-perl (1.04-2) ...
Selecting previously unselected package libmailtools-perl.
Preparing to unpack .../378-libmailtools-perl_2.21-2_all.deb ...
Unpacking libmailtools-perl (2.21-2) ...
Selecting previously unselected package libmd4c0:amd64.
Preparing to unpack .../379-libmd4c0_0.4.8-1build1_amd64.deb ...
Unpacking libmd4c0:amd64 (0.4.8-1build1) ...
Selecting previously unselected package libmediaart-2.0-0:amd64.
Preparing to unpack .../380-libmediaart-2.0-0_1.9.6-1build2_amd64.deb ...
Unpacking libmediaart-2.0-0:amd64 (1.9.6-1build2) ...
Selecting previously unselected package libminiupnpc17:amd64.
Preparing to unpack .../381-libminiupnpc17_2.2.6-1build2_amd64.deb ...
Unpacking libminiupnpc17:amd64 (2.2.6-1build2) ...
Selecting previously unselected package libnatpmp1t64:amd64.
Preparing to unpack .../382-libnatpmp1t64_20230423-1.2build1_amd64.deb ...
Unpacking libnatpmp1t64:amd64 (20230423-1.2build1) ...
Selecting previously unselected package libxml-parser-perl.
Preparing to unpack .../383-libxml-parser-perl_2.47-1ubuntu0.24.04.1_amd64.deb ...
Unpacking libxml-parser-perl (2.47-1ubuntu0.24.04.1) ...
Selecting previously unselected package libxml-twig-perl.
Preparing to unpack .../384-libxml-twig-perl_1%3a3.52-2_all.deb ...
Unpacking libxml-twig-perl (1:3.52-2) ...
Selecting previously unselected package libnet-dbus-perl.
Preparing to unpack .../385-libnet-dbus-perl_1.2.0-2build3_amd64.deb ...
Unpacking libnet-dbus-perl (1.2.0-2build3) ...
Selecting previously unselected package libpcre2-16-0:amd64.
Preparing to unpack .../386-libpcre2-16-0_10.42-4ubuntu2.1_amd64.deb ...
Unpacking libpcre2-16-0:amd64 (10.42-4ubuntu2.1) ...
Selecting previously unselected package libqt5core5t64:amd64.
Preparing to unpack .../387-libqt5core5t64_5.15.13+dfsg-1ubuntu1_amd64.deb ...
Unpacking libqt5core5t64:amd64 (5.15.13+dfsg-1ubuntu1) ...
Selecting previously unselected package libqt5dbus5t64:amd64.
Preparing to unpack .../388-libqt5dbus5t64_5.15.13+dfsg-1ubuntu1_amd64.deb ...
Unpacking libqt5dbus5t64:amd64 (5.15.13+dfsg-1ubuntu1) ...
Selecting previously unselected package libqt5network5t64:amd64.
Preparing to unpack .../389-libqt5network5t64_5.15.13+dfsg-1ubuntu1_amd64.deb ...
Unpacking libqt5network5t64:amd64 (5.15.13+dfsg-1ubuntu1) ...
Selecting previously unselected package libxcb-icccm4:amd64.
Preparing to unpack .../390-libxcb-icccm4_0.4.1-1.1build3_amd64.deb ...
Unpacking libxcb-icccm4:amd64 (0.4.1-1.1build3) ...
Selecting previously unselected package libxcb-image0:amd64.
Preparing to unpack .../391-libxcb-image0_0.4.0-2build1_amd64.deb ...
Unpacking libxcb-image0:amd64 (0.4.0-2build1) ...
Selecting previously unselected package libxcb-keysyms1:amd64.
Preparing to unpack .../392-libxcb-keysyms1_0.4.0-1build4_amd64.deb ...
Unpacking libxcb-keysyms1:amd64 (0.4.0-1build4) ...
Selecting previously unselected package libxcb-render-util0:amd64.
Preparing to unpack .../393-libxcb-render-util0_0.3.9-1build4_amd64.deb ...
Unpacking libxcb-render-util0:amd64 (0.3.9-1build4) ...
Selecting previously unselected package libxcb-shape0:amd64.
Preparing to unpack .../394-libxcb-shape0_1.15-1ubuntu2_amd64.deb ...
Unpacking libxcb-shape0:amd64 (1.15-1ubuntu2) ...
Selecting previously unselected package libxcb-xinerama0:amd64.
Preparing to unpack .../395-libxcb-xinerama0_1.15-1ubuntu2_amd64.deb ...
Unpacking libxcb-xinerama0:amd64 (1.15-1ubuntu2) ...
Selecting previously unselected package libxcb-xinput0:amd64.
Preparing to unpack .../396-libxcb-xinput0_1.15-1ubuntu2_amd64.deb ...
Unpacking libxcb-xinput0:amd64 (1.15-1ubuntu2) ...
Selecting previously unselected package libqt5gui5t64:amd64.
Preparing to unpack .../397-libqt5gui5t64_5.15.13+dfsg-1ubuntu1_amd64.deb ...
Unpacking libqt5gui5t64:amd64 (5.15.13+dfsg-1ubuntu1) ...
Selecting previously unselected package libqt5qml5:amd64.
Preparing to unpack .../398-libqt5qml5_5.15.13+dfsg-1ubuntu0.1_amd64.deb ...
Unpacking libqt5qml5:amd64 (5.15.13+dfsg-1ubuntu0.1) ...
Selecting previously unselected package libqt5qmlmodels5:amd64.
Preparing to unpack .../399-libqt5qmlmodels5_5.15.13+dfsg-1ubuntu0.1_amd64.deb ...
Unpacking libqt5qmlmodels5:amd64 (5.15.13+dfsg-1ubuntu0.1) ...
Selecting previously unselected package libqt5quick5:amd64.
Preparing to unpack .../400-libqt5quick5_5.15.13+dfsg-1ubuntu0.1_amd64.deb ...
Unpacking libqt5quick5:amd64 (5.15.13+dfsg-1ubuntu0.1) ...
Selecting previously unselected package libqt5widgets5t64:amd64.
Preparing to unpack .../401-libqt5widgets5t64_5.15.13+dfsg-1ubuntu1_amd64.deb ...
Unpacking libqt5widgets5t64:amd64 (5.15.13+dfsg-1ubuntu1) ...
Selecting previously unselected package libqt5svg5:amd64.
Preparing to unpack .../402-libqt5svg5_5.15.13-1_amd64.deb ...
Unpacking libqt5svg5:amd64 (5.15.13-1) ...
Selecting previously unselected package libqt5waylandclient5:amd64.
Preparing to unpack .../403-libqt5waylandclient5_5.15.13-1_amd64.deb ...
Unpacking libqt5waylandclient5:amd64 (5.15.13-1) ...
Selecting previously unselected package libqt5waylandcompositor5:amd64.
Preparing to unpack .../404-libqt5waylandcompositor5_5.15.13-1_amd64.deb ...
Unpacking libqt5waylandcompositor5:amd64 (5.15.13-1) ...
Selecting previously unselected package libqt6core6t64:amd64.
Preparing to unpack .../405-libqt6core6t64_6.4.2+dfsg-21.1build5_amd64.deb ...
Unpacking libqt6core6t64:amd64 (6.4.2+dfsg-21.1build5) ...
Selecting previously unselected package libqt6dbus6t64:amd64.
Preparing to unpack .../406-libqt6dbus6t64_6.4.2+dfsg-21.1build5_amd64.deb ...
Unpacking libqt6dbus6t64:amd64 (6.4.2+dfsg-21.1build5) ...
Selecting previously unselected package libopengl0:amd64.
Preparing to unpack .../407-libopengl0_1.7.0-1build1_amd64.deb ...
Unpacking libopengl0:amd64 (1.7.0-1build1) ...
Selecting previously unselected package libts0t64:amd64.
Preparing to unpack .../408-libts0t64_1.22-1.1build1_amd64.deb ...
Unpacking libts0t64:amd64 (1.22-1.1build1) ...
Selecting previously unselected package libqt6gui6t64:amd64.
Preparing to unpack .../409-libqt6gui6t64_6.4.2+dfsg-21.1build5_amd64.deb ...
Unpacking libqt6gui6t64:amd64 (6.4.2+dfsg-21.1build5) ...
Selecting previously unselected package libqt6network6t64:amd64.
Preparing to unpack .../410-libqt6network6t64_6.4.2+dfsg-21.1build5_amd64.deb ...
Unpacking libqt6network6t64:amd64 (6.4.2+dfsg-21.1build5) ...
Selecting previously unselected package libqt6opengl6t64:amd64.
Preparing to unpack .../411-libqt6opengl6t64_6.4.2+dfsg-21.1build5_amd64.deb ...
Unpacking libqt6opengl6t64:amd64 (6.4.2+dfsg-21.1build5) ...
Selecting previously unselected package libqt6qml6:amd64.
Preparing to unpack .../412-libqt6qml6_6.4.2+dfsg-4build3_amd64.deb ...
Unpacking libqt6qml6:amd64 (6.4.2+dfsg-4build3) ...
Selecting previously unselected package libqt6qmlmodels6:amd64.
Preparing to unpack .../413-libqt6qmlmodels6_6.4.2+dfsg-4build3_amd64.deb ...
Unpacking libqt6qmlmodels6:amd64 (6.4.2+dfsg-4build3) ...
Selecting previously unselected package libqt6quick6:amd64.
Preparing to unpack .../414-libqt6quick6_6.4.2+dfsg-4build3_amd64.deb ...
Unpacking libqt6quick6:amd64 (6.4.2+dfsg-4build3) ...
Selecting previously unselected package libqt6waylandclient6:amd64.
Preparing to unpack .../415-libqt6waylandclient6_6.4.2-5build3_amd64.deb ...
Unpacking libqt6waylandclient6:amd64 (6.4.2-5build3) ...
Selecting previously unselected package libqt6waylandcompositor6:amd64.
Preparing to unpack .../416-libqt6waylandcompositor6_6.4.2-5build3_amd64.deb ...
Unpacking libqt6waylandcompositor6:amd64 (6.4.2-5build3) ...
Selecting previously unselected package libqt6waylandeglclienthwintegration6:amd64.
Preparing to unpack .../417-libqt6waylandeglclienthwintegration6_6.4.2-5build3_amd64.deb ...
Unpacking libqt6waylandeglclienthwintegration6:amd64 (6.4.2-5build3) ...
Selecting previously unselected package libqt6waylandeglcompositorhwintegration6:amd64.
Preparing to unpack .../418-libqt6waylandeglcompositorhwintegration6_6.4.2-5build3_amd64.deb ...
Unpacking libqt6waylandeglcompositorhwintegration6:amd64 (6.4.2-5build3) ...
Selecting previously unselected package libqt6wlshellintegration6:amd64.
Preparing to unpack .../419-libqt6wlshellintegration6_6.4.2-5build3_amd64.deb ...
Unpacking libqt6wlshellintegration6:amd64 (6.4.2-5build3) ...
Selecting previously unselected package librygel-core-2.8-0:amd64.
Preparing to unpack .../420-librygel-core-2.8-0_0.42.5-1ubuntu3_amd64.deb ...
Unpacking librygel-core-2.8-0:amd64 (0.42.5-1ubuntu3) ...
Selecting previously unselected package librygel-db-2.8-0:amd64.
Preparing to unpack .../421-librygel-db-2.8-0_0.42.5-1ubuntu3_amd64.deb ...
Unpacking librygel-db-2.8-0:amd64 (0.42.5-1ubuntu3) ...
Selecting previously unselected package librygel-renderer-2.8-0:amd64.
Preparing to unpack .../422-librygel-renderer-2.8-0_0.42.5-1ubuntu3_amd64.deb ...
Unpacking librygel-renderer-2.8-0:amd64 (0.42.5-1ubuntu3) ...
Selecting previously unselected package librygel-server-2.8-0:amd64.
Preparing to unpack .../423-librygel-server-2.8-0_0.42.5-1ubuntu3_amd64.deb ...
Unpacking librygel-server-2.8-0:amd64 (0.42.5-1ubuntu3) ...
Selecting previously unselected package libsass1:amd64.
Preparing to unpack .../424-libsass1_3.6.5+20231221-3_amd64.deb ...
Unpacking libsass1:amd64 (3.6.5+20231221-3) ...
Selecting previously unselected package libsodium23:amd64.
Preparing to unpack .../425-libsodium23_1.0.18-1ubuntu0.24.04.1_amd64.deb ...
Unpacking libsodium23:amd64 (1.0.18-1ubuntu0.24.04.1) ...
Selecting previously unselected package libtie-ixhash-perl.
Preparing to unpack .../426-libtie-ixhash-perl_1.23-4_all.deb ...
Unpacking libtie-ixhash-perl (1.23-4) ...
Selecting previously unselected package libx11-protocol-perl.
Preparing to unpack .../427-libx11-protocol-perl_0.56-9_all.deb ...
Unpacking libx11-protocol-perl (0.56-9) ...
Selecting previously unselected package libxatracker2:amd64.
Preparing to unpack .../428-libxatracker2_25.1.7-1ubuntu2~24.04.2_amd64.deb ...
Unpacking libxatracker2:amd64 (25.1.7-1ubuntu2~24.04.2) ...
Selecting previously unselected package libxcb-dri2-0:amd64.
Preparing to unpack .../429-libxcb-dri2-0_1.15-1ubuntu2_amd64.deb ...
Unpacking libxcb-dri2-0:amd64 (1.15-1ubuntu2) ...
Selecting previously unselected package libxcb-xv0:amd64.
Preparing to unpack .../430-libxcb-xv0_1.15-1ubuntu2_amd64.deb ...
Unpacking libxcb-xv0:amd64 (1.15-1ubuntu2) ...
Selecting previously unselected package libxml-xpathengine-perl.
Preparing to unpack .../431-libxml-xpathengine-perl_0.14-2_all.deb ...
Unpacking libxml-xpathengine-perl (0.14-2) ...
Selecting previously unselected package libxss1:amd64.
Preparing to unpack .../432-libxss1_1%3a1.2.3-1build3_amd64.deb ...
Unpacking libxss1:amd64 (1:1.2.3-1build3) ...
Selecting previously unselected package libxvmc1:amd64.
Preparing to unpack .../433-libxvmc1_2%3a1.0.12-2build3_amd64.deb ...
Unpacking libxvmc1:amd64 (2:1.0.12-2build3) ...
Selecting previously unselected package libxxf86dga1:amd64.
Preparing to unpack .../434-libxxf86dga1_2%3a1.1.5-1build1_amd64.deb ...
Unpacking libxxf86dga1:amd64 (2:1.1.5-1build1) ...
Selecting previously unselected package nautilus-extension-gnome-terminal:amd64.
Preparing to unpack .../435-nautilus-extension-gnome-terminal_3.52.0-1ubuntu2_amd64.deb ...
Unpacking nautilus-extension-gnome-terminal:amd64 (3.52.0-1ubuntu2) ...
Selecting previously unselected package network-manager-gnome.
Preparing to unpack .../436-network-manager-gnome_1.34.0-1ubuntu3_amd64.deb ...
Unpacking network-manager-gnome (1.34.0-1ubuntu3) ...
Selecting previously unselected package python3-brlapi:amd64.
Preparing to unpack .../437-python3-brlapi_6.6-4ubuntu5_amd64.deb ...
Unpacking python3-brlapi:amd64 (6.6-4ubuntu5) ...
Selecting previously unselected package python3-louis.
Preparing to unpack .../438-python3-louis_3.29.0-1build1_all.deb ...
Unpacking python3-louis (3.29.0-1build1) ...
Selecting previously unselected package python3-xdg.
Preparing to unpack .../439-python3-xdg_0.28-2_all.deb ...
Unpacking python3-xdg (0.28-2) ...
Selecting previously unselected package python3-speechd.
Preparing to unpack .../440-python3-speechd_0.12.0~rc2-2build3_all.deb ...
Unpacking python3-speechd (0.12.0~rc2-2build3) ...
Selecting previously unselected package speech-dispatcher-audio-plugins:amd64.
Preparing to unpack .../441-speech-dispatcher-audio-plugins_0.12.0~rc2-2build3_amd64.deb ...
Unpacking speech-dispatcher-audio-plugins:amd64 (0.12.0~rc2-2build3) ...
Selecting previously unselected package libspeechd2:amd64.
Preparing to unpack .../442-libspeechd2_0.12.0~rc2-2build3_amd64.deb ...
Unpacking libspeechd2:amd64 (0.12.0~rc2-2build3) ...
Selecting previously unselected package speech-dispatcher.
Preparing to unpack .../443-speech-dispatcher_0.12.0~rc2-2build3_amd64.deb ...
Unpacking speech-dispatcher (0.12.0~rc2-2build3) ...
Selecting previously unselected package orca.
Preparing to unpack .../444-orca_46.1-1ubuntu1_all.deb ...
Unpacking orca (46.1-1ubuntu1) ...
Selecting previously unselected package papirus-icon-theme.
Preparing to unpack .../445-papirus-icon-theme_20240201-1_all.deb ...
Unpacking papirus-icon-theme (20240201-1) ...
Selecting previously unselected package python3-nacl.
Preparing to unpack .../446-python3-nacl_1.5.0-4build1_amd64.deb ...
Unpacking python3-nacl (1.5.0-4build1) ...
Selecting previously unselected package python3-bcrypt.
Preparing to unpack .../447-python3-bcrypt_3.2.2-1build1_amd64.deb ...
Unpacking python3-bcrypt (3.2.2-1build1) ...
Selecting previously unselected package python3-paramiko.
Preparing to unpack .../448-python3-paramiko_2.12.0-2ubuntu4.1_all.deb ...
Unpacking python3-paramiko (2.12.0-2ubuntu4.1) ...
Selecting previously unselected package python3-ptyprocess.
Preparing to unpack .../449-python3-ptyprocess_0.7.0-5_all.deb ...
Unpacking python3-ptyprocess (0.7.0-5) ...
Selecting previously unselected package python3-pexpect.
Preparing to unpack .../450-python3-pexpect_4.9-2_all.deb ...
Unpacking python3-pexpect (4.9-2) ...
Selecting previously unselected package python3-systemd.
Preparing to unpack .../451-python3-systemd_235-1build4_amd64.deb ...
Unpacking python3-systemd (235-1build4) ...
Selecting previously unselected package qt5-gtk-platformtheme:amd64.
Preparing to unpack .../452-qt5-gtk-platformtheme_5.15.13+dfsg-1ubuntu1_amd64.deb ...
Unpacking qt5-gtk-platformtheme:amd64 (5.15.13+dfsg-1ubuntu1) ...
Selecting previously unselected package qt6-gtk-platformtheme:amd64.
Preparing to unpack .../453-qt6-gtk-platformtheme_6.4.2+dfsg-21.1build5_amd64.deb ...
Unpacking qt6-gtk-platformtheme:amd64 (6.4.2+dfsg-21.1build5) ...
Selecting previously unselected package qt6-qpa-plugins:amd64.
Preparing to unpack .../454-qt6-qpa-plugins_6.4.2+dfsg-21.1build5_amd64.deb ...
Unpacking qt6-qpa-plugins:amd64 (6.4.2+dfsg-21.1build5) ...
Selecting previously unselected package qt6-translations-l10n.
Preparing to unpack .../455-qt6-translations-l10n_6.4.2-1_all.deb ...
Unpacking qt6-translations-l10n (6.4.2-1) ...
Selecting previously unselected package qt6-wayland:amd64.
Preparing to unpack .../456-qt6-wayland_6.4.2-5build3_amd64.deb ...
Unpacking qt6-wayland:amd64 (6.4.2-5build3) ...
Selecting previously unselected package qttranslations5-l10n.
Preparing to unpack .../457-qttranslations5-l10n_5.15.13-1_all.deb ...
Unpacking qttranslations5-l10n (5.15.13-1) ...
Selecting previously unselected package qtwayland5:amd64.
Preparing to unpack .../458-qtwayland5_5.15.13-1_amd64.deb ...
Unpacking qtwayland5:amd64 (5.15.13-1) ...
Selecting previously unselected package sassc.
Preparing to unpack .../459-sassc_3.6.1+20201027-2_amd64.deb ...
Unpacking sassc (3.6.1+20201027-2) ...
Selecting previously unselected package seahorse.
Preparing to unpack .../460-seahorse_43.0-3build2_amd64.deb ...
Unpacking seahorse (43.0-3build2) ...
Selecting previously unselected package xdg-utils.
Preparing to unpack .../461-xdg-utils_1.1.3-4.1ubuntu3_all.deb ...
Unpacking xdg-utils (1.1.3-4.1ubuntu3) ...
Selecting previously unselected package simple-scan.
Preparing to unpack .../462-simple-scan_46.0-0ubuntu2.1_amd64.deb ...
Unpacking simple-scan (46.0-0ubuntu2.1) ...
Selecting previously unselected package sound-icons.
Preparing to unpack .../463-sound-icons_0.1-8_all.deb ...
Unpacking sound-icons (0.1-8) ...
Selecting previously unselected package speech-dispatcher-espeak-ng.
Preparing to unpack .../464-speech-dispatcher-espeak-ng_0.12.0~rc2-2build3_amd64.deb ...
Unpacking speech-dispatcher-espeak-ng (0.12.0~rc2-2build3) ...
Selecting previously unselected package switcheroo-control.
Preparing to unpack .../465-switcheroo-control_2.6-2build2_amd64.deb ...
Unpacking switcheroo-control (2.6-2build2) ...
Selecting previously unselected package transmission-common.
Preparing to unpack .../466-transmission-common_4.0.5-1ubuntu0.1_amd64.deb ...
Unpacking transmission-common (4.0.5-1ubuntu0.1) ...
Selecting previously unselected package transmission-gtk.
Preparing to unpack .../467-transmission-gtk_4.0.5-1ubuntu0.1_amd64.deb ...
Unpacking transmission-gtk (4.0.5-1ubuntu0.1) ...
Selecting previously unselected package wamerican.
Preparing to unpack .../468-wamerican_2020.12.07-2_all.deb ...
Unpacking wamerican (2020.12.07-2) ...
Selecting previously unselected package x11-utils.
Preparing to unpack .../469-x11-utils_7.7+6build2_amd64.deb ...
Unpacking x11-utils (7.7+6build2) ...
Selecting previously unselected package xcvt.
Preparing to unpack .../470-xcvt_0.1.2-1build1_amd64.deb ...
Unpacking xcvt (0.1.2-1build1) ...
Selecting previously unselected package xdg-user-dirs-gtk.
Preparing to unpack .../471-xdg-user-dirs-gtk_0.11-1build2_amd64.deb ...
Unpacking xdg-user-dirs-gtk (0.11-1build2) ...
Selecting previously unselected package xfonts-base.
Preparing to unpack .../472-xfonts-base_1%3a1.0.5+nmu1_all.deb ...
Unpacking xfonts-base (1:1.0.5+nmu1) ...
Selecting previously unselected package xserver-xephyr.
Preparing to unpack .../473-xserver-xephyr_2%3a21.1.12-1ubuntu1.6_amd64.deb ...
Unpacking xserver-xephyr (2:21.1.12-1ubuntu1.6) ...
Selecting previously unselected package xserver-xorg-core.
Preparing to unpack .../474-xserver-xorg-core_2%3a21.1.12-1ubuntu1.6_amd64.deb ...
Unpacking xserver-xorg-core (2:21.1.12-1ubuntu1.6) ...
Selecting previously unselected package xserver-xorg-input-libinput.
Preparing to unpack .../475-xserver-xorg-input-libinput_1.4.0-1ubuntu24.04.1_amd64.deb ...
Unpacking xserver-xorg-input-libinput (1.4.0-1ubuntu24.04.1) ...
Selecting previously unselected package xserver-xorg-input-all.
Preparing to unpack .../476-xserver-xorg-input-all_1%3a7.7+23ubuntu3_amd64.deb ...
Unpacking xserver-xorg-input-all (1:7.7+23ubuntu3) ...
Selecting previously unselected package xserver-xorg-input-wacom.
Preparing to unpack .../477-xserver-xorg-input-wacom_1%3a1.2.0-1ubuntu2_amd64.deb ...
Unpacking xserver-xorg-input-wacom (1:1.2.0-1ubuntu2) ...
Selecting previously unselected package xserver-xorg.
Preparing to unpack .../478-xserver-xorg_1%3a7.7+23ubuntu3_amd64.deb ...
Unpacking xserver-xorg (1:7.7+23ubuntu3) ...
Selecting previously unselected package xserver-xorg-video-amdgpu.
Preparing to unpack .../479-xserver-xorg-video-amdgpu_23.0.0-1ubuntu0.24.04.1_amd64.deb ...
Unpacking xserver-xorg-video-amdgpu (23.0.0-1ubuntu0.24.04.1) ...
Selecting previously unselected package xserver-xorg-video-radeon.
Preparing to unpack .../480-xserver-xorg-video-radeon_1%3a22.0.0-1build1_amd64.deb ...
Unpacking xserver-xorg-video-radeon (1:22.0.0-1build1) ...
Selecting previously unselected package xserver-xorg-video-ati.
Preparing to unpack .../481-xserver-xorg-video-ati_1%3a22.0.0-1build1_amd64.deb ...
Unpacking xserver-xorg-video-ati (1:22.0.0-1build1) ...
Selecting previously unselected package xserver-xorg-video-fbdev.
Preparing to unpack .../482-xserver-xorg-video-fbdev_1%3a0.5.0-2build2_amd64.deb ...
Unpacking xserver-xorg-video-fbdev (1:0.5.0-2build2) ...
Selecting previously unselected package xserver-xorg-video-nouveau.
Preparing to unpack .../483-xserver-xorg-video-nouveau_1%3a1.0.17-2ubuntu0.1_amd64.deb ...
Unpacking xserver-xorg-video-nouveau (1:1.0.17-2ubuntu0.1) ...
Selecting previously unselected package xserver-xorg-video-vesa.
Preparing to unpack .../484-xserver-xorg-video-vesa_1%3a2.6.0-1ubuntu0.1_amd64.deb ...
Unpacking xserver-xorg-video-vesa (1:2.6.0-1ubuntu0.1) ...
Selecting previously unselected package xserver-xorg-video-vmware.
Preparing to unpack .../485-xserver-xorg-video-vmware_1%3a13.4.0-1build1_amd64.deb ...
Unpacking xserver-xorg-video-vmware (1:13.4.0-1build1) ...
Selecting previously unselected package xserver-xorg-video-all.
Preparing to unpack .../486-xserver-xorg-video-all_1%3a7.7+23ubuntu3_amd64.deb ...
Unpacking xserver-xorg-video-all (1:7.7+23ubuntu3) ...
Selecting previously unselected package xserver-xorg-video-intel.
Preparing to unpack .../487-xserver-xorg-video-intel_2%3a2.99.917+git20210115-1build1_amd64.deb ...
Unpacking xserver-xorg-video-intel (2:2.99.917+git20210115-1build1) ...
Selecting previously unselected package xserver-xorg-video-qxl.
Preparing to unpack .../488-xserver-xorg-video-qxl_0.1.6-1build1_amd64.deb ...
Unpacking xserver-xorg-video-qxl (0.1.6-1build1) ...
Selecting previously unselected package yaru-theme-gnome-shell.
Preparing to unpack .../489-yaru-theme-gnome-shell_24.04.2-0ubuntu1_all.deb ...
Unpacking yaru-theme-gnome-shell (24.04.2-0ubuntu1) ...
Selecting previously unselected package zenity-common.
Preparing to unpack .../490-zenity-common_4.0.1-1build3_all.deb ...
Unpacking zenity-common (4.0.1-1build3) ...
Selecting previously unselected package zenity.
Preparing to unpack .../491-zenity_4.0.1-1build3_amd64.deb ...
Unpacking zenity (4.0.1-1build3) ...
Selecting previously unselected package gnome-sushi.
Preparing to unpack .../492-gnome-sushi_46.0-1_amd64.deb ...
Unpacking gnome-sushi (46.0-1) ...
Selecting previously unselected package libauthen-sasl-perl.
Preparing to unpack .../493-libauthen-sasl-perl_2.1700-1_all.deb ...
Unpacking libauthen-sasl-perl (2.1700-1) ...
Selecting previously unselected package libcanberra-gtk3-module:amd64.
Preparing to unpack .../494-libcanberra-gtk3-module_0.30-10ubuntu10_amd64.deb ...
Unpacking libcanberra-gtk3-module:amd64 (0.30-10ubuntu10) ...
Selecting previously unselected package mobile-broadband-provider-info.
Preparing to unpack .../495-mobile-broadband-provider-info_20230416-1_all.deb ...
Unpacking mobile-broadband-provider-info (20230416-1) ...
Selecting previously unselected package rygel.
Preparing to unpack .../496-rygel_0.42.5-1ubuntu3_amd64.deb ...
Unpacking rygel (0.42.5-1ubuntu3) ...
Selecting previously unselected package xbrlapi.
Preparing to unpack .../497-xbrlapi_6.6-4ubuntu5_amd64.deb ...
Unpacking xbrlapi (6.6-4ubuntu5) ...
Selecting previously unselected package xserver-xorg-legacy.
Preparing to unpack .../498-xserver-xorg-legacy_2%3a21.1.12-1ubuntu1.6_amd64.deb ...
Unpacking xserver-xorg-legacy (2:21.1.12-1ubuntu1.6) ...
Setting up libwinpr3-3:amd64 (3.31.0+dfsg-0ubuntu0.24.04.1) ...
Setting up gir1.2-graphene-1.0:amd64 (1.10.8-3build2) ...
Setting up libpwquality-common (1.4.5-3build1) ...
Setting up libcamel-1.2-64t64:amd64 (3.52.3-0ubuntu1.2) ...
Setting up libgsf-1-common (1.14.51-2ubuntu0.1) ...
Setting up libpipeline1:amd64 (1.5.7-2) ...
Setting up gir1.2-gtk-4.0:amd64 (4.14.5+ds-0ubuntu0.10) ...
Setting up libwhoopsie-preferences0 (23build3) ...
Setting up sound-icons (0.1-8) ...
Setting up gir1.2-gstreamer-1.0:amd64 (1.24.2-1ubuntu0.1) ...
Setting up libxcb-res0:amd64 (1.15-1ubuntu2) ...
Setting up fonts-cantarell (0.303.1-1) ...
Setting up iio-sensor-proxy (3.5-1build2) ...
Setting up libprotobuf32t64:amd64 (3.21.12-8.2ubuntu0.3) ...
Setting up libdouble-conversion3:amd64 (3.3.0-1build1) ...
Setting up libxmu6:amd64 (2:1.1.3-3build2) ...
Setting up libdrm-nouveau2:amd64 (2.4.125-1ubuntu0.1~24.04.2) ...
Setting up libnatpmp1t64:amd64 (20230423-1.2build1) ...
Setting up libtie-ixhash-perl (1.23-4) ...
Setting up libsodium23:amd64 (1.0.18-1ubuntu0.24.04.1) ...
Setting up geocode-glib-common (3.26.3-6build3) ...
Setting up libcue2:amd64 (2.2.1-4.1build1) ...
Setting up libportal1:amd64 (0.7.1-5build5) ...
Setting up dconf-cli (0.40.0-4ubuntu0.1) ...
Setting up bsdextrautils (2.39.3-9ubuntu6.6) ...
Setting up user-session-migration (0.4.1ubuntu3) ...
Created symlink /etc/systemd/user/graphical-session-pre.target.wants/user-session-migration.service → /usr/lib/systemd/user/user-session-migration.service.
Setting up gnome-settings-daemon-common (46.0-1ubuntu1.24.04.1) ...
Setting up libeditorconfig0:amd64 (0.12.7-0.1ubuntu0.1) ...
Setting up libgtksourceview-5-common (5.12.0-1build1) ...
Setting up libxcb-xinput0:amd64 (1.15-1ubuntu2) ...
Setting up libfont-afm-perl (1.20-4) ...
Setting up libvte-2.91-common (0.76.0-1ubuntu0.1) ...
Setting up libdee-1.0-4:amd64 (1.2.7+17.10.20170616-7build5) ...
Setting up libsass1:amd64 (3.6.5+20231221-3) ...
Setting up libgdm1 (46.2-1ubuntu1~24.04.9) ...
Setting up libgspell-1-common (1.12.2-1build4) ...
Setting up mobile-broadband-provider-info (20230416-1) ...
Setting up fonts-noto-color-emoji (2.047-0ubuntu0.24.04.1) ...
Setting up yaru-theme-gnome-shell (24.04.2-0ubuntu1) ...
update-alternatives: using /usr/share/gnome-shell/theme/Yaru/gnome-shell-theme.gresource to provide /usr/share/gnome-shell/gdm-theme.gresource (gdm-theme.gresource) in auto mode
Setting up evince-common (46.3.1-0ubuntu1.1) ...
Setting up gnome-menus (3.36.0-1.1ubuntu3) ...
Setting up libclone-perl:amd64 (0.46-1build3) ...
Setting up python3-problem-report (2.28.3-0ubuntu0.1) ...
Setting up libdrm-radeon1:amd64 (2.4.125-1ubuntu0.1~24.04.2) ...
Setting up libwnck-3-common (43.0-3build4) ...
Setting up libio-stringy-perl (2.111-3) ...
Setting up libcolord-gtk4-1t64:amd64 (0.3.1-1build2) ...
Setting up libtotem-plparser-common (3.26.6-1build5) ...
Setting up libhtml-tagset-perl (3.20-6) ...
Setting up libts0t64:amd64 (1.22-1.1build1) ...
Setting up libtracker-sparql-3.0-0:amd64 (3.7.1-1build1) ...
Setting up libtss2-rc0t64:amd64 (4.0.1-7.1ubuntu5.1) ...
Setting up libauthen-sasl-perl (2.1700-1) ...
Setting up libdbusmenu-glib4:amd64 (18.10.20180917~bzr492+repack1-3.1ubuntu5) ...
Setting up gir1.2-gst-plugins-base-1.0:amd64 (1.24.2-1ubuntu0.4) ...
Setting up python3-bcrypt (3.2.2-1build1) ...
Setting up libunity-scopes-json-def-desktop (7.1.4+19.04.20190319-6build4) ...
Setting up fonts-noto-cjk (1:20230817+repack1-3) ...
Setting up liblwp-mediatypes-perl (6.04-2) ...
Setting up liblttng-ust-common1t64:amd64 (2.13.7-1.1ubuntu2) ...
Setting up libibus-1.0-5:amd64 (1.5.29-2) ...
Setting up libxcb-keysyms1:amd64 (0.4.0-1build4) ...
Setting up libxcb-shape0:amd64 (1.15-1ubuntu2) ...
Setting up libgnome-autoar-0-0:amd64 (0.4.4-2build4) ...
Setting up libtry-tiny-perl (0.31-2) ...
Setting up libxxf86dga1:amd64 (2:1.1.5-1build1) ...
Setting up perl-openssl-defaults:amd64 (7build3) ...
Setting up libexempi8:amd64 (2.6.5-1build1) ...
Setting up gnome-themes-extra-data (3.28-2ubuntu5) ...
Setting up pkexec (124-2ubuntu1.24.04.4) ...
Setting up libtext-engine-0.1-0 (0.1.1-4build2) ...
Setting up libevent-2.1-7t64:amd64 (2.1.12-stable-9ubuntu2.1) ...
Setting up gnome-shell-common (46.0-0ubuntu6~24.04.14) ...
Setting up libspectre1:amd64 (0.2.12-1build2) ...
Setting up libxcb-render-util0:amd64 (0.3.9-1build4) ...
Setting up gstreamer1.0-pipewire:amd64 (1.0.5-1ubuntu3.3) ...
Setting up apg (2.2.3.dfsg.1-5build3) ...
Setting up libencode-locale-perl (1.05-3) ...
Setting up libyelp0:amd64 (42.2-1ubuntu0.24.04.2) ...
Setting up gstreamer1.0-gtk3:amd64 (1.24.2-1ubuntu1.6) ...
Setting up geoclue-2.0 (2.7.0-3ubuntu7) ...
Setting up libpeas-common (1.36.0-3build4) ...
Setting up libxcb-icccm4:amd64 (0.4.1-1.1build3) ...
Setting up libwhoopsie0:amd64 (0.2.77ubuntu0.1) ...
Setting up gir1.2-atspi-2.0:amd64 (2.52.0-1build1) ...
Setting up libxaw7:amd64 (2:1.0.14-1build2) ...
Setting up nautilus-data (1:46.4-0ubuntu0.2) ...
Setting up libgomp1:amd64 (14.2.0-4ubuntu2~24.04.1) ...
Setting up python3-xdg (0.28-2) ...
Setting up libadwaita-1-0:amd64 (1.5.0-1ubuntu2) ...
Setting up ibus-data (1.5.29-2) ...
Setting up libvte-2.91-0:amd64 (0.76.0-1ubuntu0.1) ...
Setting up libayatana-ido3-0.4-0:amd64 (0.10.1-1build2) ...
Setting up bzip2 (1.0.8-5.1ubuntu0.1) ...
Setting up gir1.2-gdesktopenums-3.0:amd64 (46.1-0ubuntu1) ...
Setting up libxvmc1:amd64 (2:1.0.12-2build3) ...
Setting up libminiupnpc17:amd64 (2.2.6-1build2) ...
Setting up apport-symptoms (0.25) ...
Setting up libpcre2-16-0:amd64 (10.42-4ubuntu2.1) ...
Setting up gnome-font-viewer (46.0-1build1) ...
Setting up gnome-terminal-data (3.52.0-1ubuntu2) ...
Setting up libopengl0:amd64 (1.7.0-1build1) ...
Setting up papirus-icon-theme (20240201-1) ...
Setting up gir1.2-javascriptcoregtk-4.1:amd64 (2.52.6-0ubuntu0.24.04.1) ...
Setting up libxcb-util1:amd64 (0.4.0-1build3) ...
Setting up libxatracker2:amd64 (25.1.7-1ubuntu2~24.04.2) ...
Setting up libxcb-xkb1:amd64 (1.15-1ubuntu2) ...
Setting up librsync2t64:amd64 (2.3.4-1.1ubuntu2) ...
Setting up libxcb-image0:amd64 (0.4.0-2build1) ...
Setting up libgsf-1-114:amd64 (1.14.51-2ubuntu0.1) ...
Setting up libao-common (1.2.2+20180113-1.1ubuntu4) ...
Setting up python3-monotonic (1.6-2) ...
Setting up webp-pixbuf-loader:amd64 (0.2.4-2build2) ...
Setting up fonts-crosextra-carlito (20230309-2) ...
Setting up libexiv2-27:amd64 (0.27.6-1ubuntu0.3) ...
Setting up gnome-desktop3-data (44.0-5build2) ...
Setting up qt6-translations-l10n (6.4.2-1) ...
Setting up libgssdp-1.6-0:amd64 (1.6.3-1build3) ...
Setting up libspeechd2:amd64 (0.12.0~rc2-2build3) ...
Setting up libgtop2-common (2.41.3-1ubuntu0.24.04.1) ...
Setting up libvorbisfile3:amd64 (1.3.7-1build3) ...
Setting up libqt5core5t64:amd64 (5.15.13+dfsg-1ubuntu1) ...
Setting up libgupnp-dlna-2.0-4:amd64 (0.12.0-4build2) ...
Setting up mutter-common (46.2-1ubuntu0.24.04.16) ...
Setting up xfonts-base (1:1.0.5+nmu1) ...
Setting up libei1:amd64 (1.2.1-1) ...
Setting up libmediaart-2.0-0:amd64 (1.9.6-1build2) ...
Setting up libxcb-xinerama0:amd64 (1.15-1ubuntu2) ...
Setting up libgxps2t64:amd64 (0.3.2-4build3) ...
Setting up libgnomekbd-common (3.28.1-1build3) ...
Setting up gnome-accessibility-themes (3.28-2ubuntu5) ...
Setting up python3-chardet (5.2.0+dfsg-1) ...
Setting up gcc-13-base:amd64 (13.3.0-6ubuntu2~24.04.1) ...
Setting up python3-louis (3.29.0-1build1) ...
Setting up qttranslations5-l10n (5.15.13-1) ...
Setting up libdata-dump-perl (1.25-1) ...
Setting up python3-certifi (2023.11.17-1) ...
Setting up gnome-control-center-data (1:46.7-0ubuntu0.24.04.6) ...
Setting up libxkbregistry0:amd64 (1.6.0-1build1) ...
Setting up libjavascriptcoregtk-6.0-1:amd64 (2.52.6-0ubuntu0.24.04.1) ...
Setting up gnome-bluetooth-3-common (46.0-1ubuntu1) ...
Setting up libipc-system-simple-perl (1.30-2) ...
Setting up libxml-xpathengine-perl (0.14-2) ...
Setting up libtotem-plparser18:amd64 (3.26.6-1build5) ...
Setting up libpulse-mainloop-glib0:amd64 (1:16.1+dfsg1-2ubuntu10.1) ...
Setting up wamerican (2020.12.07-2) ...
Setting up libpcaudio0:amd64 (1.2-2build3) ...
Setting up zenity-common (4.0.1-1build3) ...
Setting up gir1.2-gudev-1.0:amd64 (1:238-5ubuntu1) ...
Setting up libxkbcommon-x11-0:amd64 (1.6.0-1build1) ...
Setting up libmpc3:amd64 (1.3.1-1build1.1) ...
Setting up libgee-0.8-2:amd64 (0.20.6-1build2) ...
Setting up python3-idna (3.6-2ubuntu0.2) ...
Setting up fonts-inter (4.0+ds-1) ...
Setting up libio-html-perl (1.004-3) ...
Setting up libnautilus-extension4:amd64 (1:46.4-0ubuntu0.2) ...
Setting up tecla (46.0-1ubuntu0.1) ...
Setting up libgeocode-glib-2-0:amd64 (3.26.3-6build3) ...
Setting up baobab (46.0-1build1) ...
Setting up python3-fasteners (0.18-2) ...
Setting up mutter-common-bin (46.2-1ubuntu0.24.04.16) ...
Setting up libical3t64:amd64 (3.0.17-1.1build3) ...
Setting up libsonic0:amd64 (0.2.0-13build1) ...
Setting up libgnome-menu-3-0:amd64 (3.36.0-1.1ubuntu3) ...
Setting up libkpathsea6:amd64 (2023.20230311.66589-9build3) ...
Setting up libcrack2:amd64 (2.9.6-5.1build2) ...
Setting up python3-urllib3 (2.0.7-1ubuntu0.7) ...
Setting up im-config (0.57-2) ...
Setting up ubuntu-wallpapers-noble (24.04.2) ...
Setting up libtimedate-perl (2.3300-2) ...
Setting up gir1.2-soup-3.0:amd64 (3.4.4-5ubuntu0.8) ...
Setting up gir1.2-gck-2:amd64 (4.2.0-5) ...
Setting up libxcb-dri2-0:amd64 (1.15-1ubuntu2) ...
Setting up libsigc++-3.0-0:amd64 (3.6.0-2) ...
Setting up libgif7:amd64 (5.2.2-1ubuntu1.2) ...
Setting up libgweather-4-common (4.4.2-1build1) ...
Setting up gir1.2-gnomeautoar-0.1:amd64 (0.4.4-2build4) ...
Setting up libao4:amd64 (1.2.2+20180113-1.1ubuntu4) ...
Setting up fonts-dejavu-extra (2.37-8) ...
Setting up librest-1.0-0:amd64 (0.9.1-6build3) ...
Setting up libgnome-rr-4-2t64:amd64 (44.0-5build2) ...
Setting up sassc (3.6.1+20201027-2) ...
Setting up libmtdev1t64:amd64 (1.1.6-1.1build1) ...
Setting up sound-theme-freedesktop (0.8-2ubuntu1) ...
Setting up libmozjs-115-0t64:amd64 (115.10.0-1) ...
Setting up gnome-control-center-faces (1:46.7-0ubuntu0.24.04.6) ...
Setting up gir1.2-polkit-1.0 (124-2ubuntu1.24.04.4) ...
Setting up fonts-jetbrains-mono (2.304+ds-4) ...
Setting up python3-defer (1.0.6-2.1ubuntu1) ...
Setting up libpeas-1.0-0:amd64 (1.36.0-3build4) ...
Setting up duplicity (2.1.4-3ubuntu2) ...
Setting up libxcb-xv0:amd64 (1.15-1ubuntu2) ...
Setting up libuchardet0:amd64 (0.0.8-1build1) ...
Setting up switcheroo-control (2.6-2build2) ...
Created symlink /etc/systemd/system/graphical.target.wants/switcheroo-control.service → /usr/lib/systemd/system/switcheroo-control.service.
Setting up fonts-liberation (1:2.1.5-3) ...
Setting up gir1.2-gmenu-3.0:amd64 (3.36.0-1.1ubuntu3) ...
Setting up libxcvt0:amd64 (0.1.2-1build1) ...
Setting up heif-gdk-pixbuf:amd64 (1.17.6-1ubuntu4.8) ...
Setting up gnome-session-common (46.0-1ubuntu4) ...
Setting up gir1.2-upowerglib-1.0:amd64 (1.90.3-1) ...
Setting up libgtop-2.0-11:amd64 (2.41.3-1ubuntu0.24.04.1) ...
Setting up fonts-crosextra-caladea (20200211-2) ...
Setting up libmd4c0:amd64 (0.4.8-1build1) ...
Setting up libdecor-0-0:amd64 (0.2.2-1build2) ...
Setting up libdotconf0:amd64 (1.3-0.3fakesync1build3) ...
Setting up ubuntu-wallpapers (24.04.2) ...
Setting up sgml-data (2.0.11+nmu1) ...
Setting up libgtk2.0-common (2.24.33-4ubuntu1.1) ...
Setting up ibus-gtk4:amd64 (1.5.29-2) ...
Setting up libabsl20220623t64:amd64 (20220623.1-3.1ubuntu3.2) ...
Setting up libbrlapi0.8:amd64 (6.6-4ubuntu5) ...
Setting up libxss1:amd64 (1:1.2.3-1build3) ...
Setting up aptdaemon-data (1.1.1+bzr982-0ubuntu44) ...
Setting up gir1.2-vte-2.91:amd64 (0.76.0-1ubuntu0.1) ...
Setting up heif-thumbnailer (1.17.6-1ubuntu4.8) ...
Setting up libxkbfile1:amd64 (1:1.1.0-1build4) ...
Setting up libdjvulibre-text (3.5.28-2ubuntu0.24.04.2) ...
Setting up libgexiv2-2:amd64 (0.14.2-2build3) ...
Setting up gir1.2-gtop-2.0:amd64 (2.41.3-1ubuntu0.24.04.1) ...
Setting up liblttng-ust-ctl5t64:amd64 (2.13.7-1.1ubuntu2) ...
Setting up libgupnp-av-1.0-3:amd64 (0.14.1-2build2) ...
Setting up libaccountsservice0:amd64 (23.13.9-2ubuntu6.1) ...
Setting up libgoa-backend-1.0-2:amd64 (3.50.4-0ubuntu2) ...
Setting up fonts-liberation-sans-narrow (1:1.07.6-4) ...
Setting up gir1.2-nm-1.0:amd64 (1.46.0-1ubuntu2.8) ...
Setting up libisl23:amd64 (0.26-3build1.1) ...
Setting up gir1.2-rsvg-2.0:amd64 (2.58.0+dfsg-1build1) ...
Setting up ibus-gtk3:amd64 (1.5.29-2) ...
Setting up transmission-common (4.0.5-1ubuntu0.1) ...
Setting up libayatana-indicator3-7:amd64 (0.9.4-1build1) ...
Setting up evolution-data-server-common (3.52.3-0ubuntu1.2) ...
Setting up libeis1:amd64 (1.2.1-1) ...
Setting up gir1.2-ibus-1.0:amd64 (1.5.29-2) ...
Setting up libxfont2:amd64 (1:2.0.6-1+deb13u1build0.24.04.2) ...
Setting up libgtksourceview-4-common (4.8.4-5build4) ...
Setting up policykit-1 (124-2ubuntu1.24.04.4) ...
Setting up fonts-noto-core (20201225-2) ...
Setting up libdecor-0-plugin-1-gtk:amd64 (0.2.2-1build2) ...
Setting up xdg-utils (1.1.3-4.1ubuntu3) ...
update-alternatives: using /usr/bin/xdg-open to provide /usr/bin/open (open) in auto mode
Setting up xdg-user-dirs-gtk (0.11-1build2) ...
Setting up liburi-perl (5.27-1) ...
Setting up libunity-protocol-private0:amd64 (7.1.4+19.04.20190319-6build4) ...
Setting up accountsservice (23.13.9-2ubuntu6.1) ...
Created symlink /etc/systemd/system/graphical.target.wants/accounts-daemon.service → /usr/lib/systemd/system/accounts-daemon.service.
Setting up libx11-protocol-perl (0.56-9) ...
Setting up libportal-gtk4-1:amd64 (0.7.1-5build5) ...
Setting up python3-nacl (1.5.0-4build1) ...
Setting up libgspell-1-2:amd64 (1.12.2-1build4) ...
Setting up yelp-xsl (42.1-2ubuntu0.24.04.1) ...
Setting up python3-systemd (235-1build4) ...
Setting up espeak-ng-data:amd64 (1.51+dfsg-12build1) ...
Setting up libsynctex2:amd64 (2023.20230311.66589-9build3) ...
Setting up libhandy-1-0:amd64 (1.8.3-1build2) ...
Setting up libmalcontent-0-0:amd64 (0.11.1-1ubuntu1.3) ...
Setting up libxres1:amd64 (2:1.2.1-1build1) ...
Setting up python3-ptyprocess (0.7.0-5) ...
Setting up libwacom-common (2.10.0-2) ...
Setting up libstartup-notification0:amd64 (0.12-6build3) ...
Setting up libnet-ssleay-perl:amd64 (1.94-1build4) ...
Setting up libb2-1:amd64 (0.98.1-1.1build1) ...
Setting up speech-dispatcher-audio-plugins:amd64 (0.12.0~rc2-2build3) ...
Setting up gnome-terminal (3.52.0-1ubuntu2) ...
update-alternatives: using /usr/bin/gnome-terminal.wrapper to provide /usr/bin/x-terminal-emulator (x-terminal-emulator) in auto mode
Setting up tracker (3.7.1-1build1) ...
Setting up libqt6core6t64:amd64 (6.4.2+dfsg-21.1build5) ...
Setting up libhttp-date-perl (6.06-1ubuntu0.24.04.1) ...
Setting up fonts-dejavu (2.37-8) ...
Setting up libcanberra0t64:amd64 (0.30-10ubuntu10) ...
Setting up libdbusmenu-gtk3-4:amd64 (18.10.20180917~bzr492+repack1-3.1ubuntu5) ...
Setting up libqt5dbus5t64:amd64 (5.15.13+dfsg-1ubuntu1) ...
Setting up libgeoclue-2-0:amd64 (2.7.0-3ubuntu7) ...
Setting up libfile-basedir-perl (0.09-2) ...
Setting up libgtksourceview-5-0:amd64 (5.12.0-1build1) ...
Setting up libfile-listing-perl (6.16-1) ...
Setting up libgjs0g:amd64 (1.80.2-1build2) ...
Setting up libglibmm-2.68-1t64:amd64 (2.78.1-2.2build2) ...
Setting up gir1.2-webkit2-4.1:amd64 (2.52.6-0ubuntu0.24.04.1) ...
Setting up file-roller (44.3-0ubuntu2) ...
Setting up tracker-extract (3.7.1-1ubuntu0.1) ...
Setting up libwebkitgtk-6.0-4:amd64 (2.52.6-0ubuntu0.24.04.1) ...
Setting up xbrlapi (6.6-4ubuntu5) ...
Setting up python3-speechd (0.12.0~rc2-2build3) ...
Setting up whoopsie (0.2.77ubuntu0.1) ...
Created symlink /etc/systemd/system/multi-user.target.wants/whoopsie.path → /usr/lib/systemd/system/whoopsie.path.
Running in chroot, ignoring request.
invoke-rc.d: policy-rc.d denied execution of start.
Setting up libwacom9:amd64 (2.10.0-2) ...
Setting up cpp-13-x86-64-linux-gnu (13.3.0-6ubuntu2~24.04.1) ...
Setting up gnome-online-accounts (3.50.4-0ubuntu2) ...
Setting up gjs (1.80.2-1build2) ...
Setting up x11-xkb-utils (7.7+8build2) ...
Setting up libgsound0t64:amd64 (1.0.3-3.2build2) ...
Setting up libqt5network5t64:amd64 (5.15.13+dfsg-1ubuntu1) ...
Setting up gnome-logs (45.0-1build1) ...
Setting up libdjvulibre21:amd64 (3.5.28-2ubuntu0.24.04.2) ...
Setting up libgnome-bluetooth-3.0-13:amd64 (46.0-1ubuntu1) ...
Setting up libgupnp-1.6-0:amd64 (1.6.6-1build3) ...
Setting up libnet-http-perl (6.23-1) ...
Setting up gir1.2-javascriptcoregtk-6.0:amd64 (2.52.6-0ubuntu0.24.04.1) ...
Setting up libqt6dbus6t64:amd64 (6.4.2+dfsg-21.1build5) ...
Setting up whoopsie-preferences (23build3) ...
Setting up libespeak-ng1:amd64 (1.51+dfsg-12build1) ...
Setting up gir1.2-adw-1:amd64 (1.5.0-1ubuntu2) ...
Setting up gir1.2-nma4-1.0:amd64 (1.10.6-3build2) ...
Setting up gir1.2-accountsservice-1.0:amd64 (23.13.9-2ubuntu6.1) ...
Setting up zenity (4.0.1-1build3) ...
Setting up libgnome-desktop-3-20t64:amd64 (44.0-5build2) ...
Setting up bluez-obexd (5.72-0ubuntu5.5) ...
Created symlink /etc/systemd/user/dbus-org.bluez.obex.service → /usr/lib/systemd/user/obex.service.
Setting up speech-dispatcher (0.12.0~rc2-2build3) ...
Created symlink /etc/systemd/user/sockets.target.wants/speech-dispatcher.socket → /usr/lib/systemd/user/speech-dispatcher.socket.
Setting up libinput-bin (1.25.0-1ubuntu3.7) ...
Setting up xcvt (0.1.2-1build1) ...
Setting up gir1.2-peas-1.0:amd64 (1.36.0-3build4) ...
Setting up libphonenumber8:amd64 (8.12.57+ds-4.2build3) ...
Setting up libcairomm-1.16-1:amd64 (1.18.0-1build1) ...
Setting up cracklib-runtime (2.9.6-5.1build2) ...
Setting up libgnome-desktop-4-2t64:amd64 (44.0-5build2) ...
Setting up libgtksourceview-4-0:amd64 (4.8.4-5build4) ...
Setting up libpwquality1:amd64 (1.4.5-3build1) ...
Setting up librygel-core-2.8-0:amd64 (0.42.5-1ubuntu3) ...
Setting up libcanberra-gtk3-0t64:amd64 (0.30-10ubuntu10) ...
Setting up gir1.2-gcr-4:amd64 (4.2.0-5) ...
Setting up gir1.2-gnomedesktop-3.0:amd64 (44.0-5build2) ...
Setting up libqt5qml5:amd64 (5.15.13+dfsg-1ubuntu0.1) ...
Setting up fonts-liberation2 (1:2.1.5-3) ...
Setting up python3-pexpect (4.9-2) ...
Setting up libayatana-appindicator3-1 (0.5.93-1build3) ...
Setting up liblttng-ust1t64:amd64 (2.13.7-1.1ubuntu2) ...
Setting up python3-requests (2.31.0+dfsg-1ubuntu1.1) ...
Setting up libunity9:amd64 (7.1.4+19.04.20190319-6build4) ...
Setting up python3-brlapi:amd64 (6.6-4ubuntu5) ...
Setting up gnome-bluetooth-sendto (46.0-1ubuntu1) ...
Setting up libgtk2.0-0t64:amd64 (2.24.33-4ubuntu1.1) ...
Setting up deja-dup (45.2-1build2) ...
Setting up gir1.2-geoclue-2.0:amd64 (2.7.0-3ubuntu7) ...
Setting up speech-dispatcher-espeak-ng (0.12.0~rc2-2build3) ...
Setting up libgnome-bluetooth-ui-3.0-13:amd64 (46.0-1ubuntu1) ...
Setting up libfile-desktopentry-perl (0.22-3) ...
Setting up libfreerdp3-3:amd64 (3.31.0+dfsg-0ubuntu0.24.04.1) ...
Setting up libwww-robotrules-perl (6.02-1) ...
Setting up libgail18t64:amd64 (2.24.33-4ubuntu1.1) ...
Setting up simple-scan (46.0-0ubuntu2.1) ...
Setting up ibus-gtk:amd64 (1.5.29-2) ...
Setting up groff-base (1.23.0-3build2) ...
Setting up libgtk2.0-bin (2.24.33-4ubuntu1.1) ...
Setting up libwnck-3-0:amd64 (43.0-3build4) ...
Setting up gnome-text-editor (46.3-0ubuntu2) ...
Setting up libhtml-parser-perl:amd64 (3.81-1ubuntu0.1) ...
Setting up gnome-disk-utility (46.0-1ubuntu3) ...
Setting up gir1.2-webkit-6.0:amd64 (2.52.6-0ubuntu0.24.04.1) ...
Setting up x11-utils (7.7+6build2) ...
Setting up librygel-server-2.8-0:amd64 (0.42.5-1ubuntu3) ...
Setting up language-selector-common (0.225) ...
Setting up gir1.2-gnomebluetooth-3.0:amd64 (46.0-1ubuntu1) ...
Setting up libqt6network6t64:amd64 (6.4.2+dfsg-21.1build5) ...
Setting up gir1.2-gnomedesktop-4.0:amd64 (44.0-5build2) ...
Setting up xserver-common (2:21.1.12-1ubuntu1.6) ...
Setting up xwayland (2:23.2.6-1ubuntu0.8) ...
Setting up python3-paramiko (2.12.0-2ubuntu4.1) ...
Setting up python3-ibus-1.0 (1.5.29-2) ...
Setting up xserver-xorg-legacy (2:21.1.12-1ubuntu1.6) ...
Setting up libpangomm-2.48-1t64:amd64 (2.52.0-1build1) ...
Setting up libio-socket-ssl-perl (2.085-1) ...
Setting up eog (45.3-1ubuntu2) ...
Setting up libhttp-message-perl (6.45-1ubuntu1) ...
Setting up libhtml-form-perl (6.11-1) ...
Setting up cpp-x86-64-linux-gnu (4:13.2.0-7ubuntu1) ...
Setting up gnome-calculator (1:46.3-0ubuntu0.1) ...
Setting up libxklavier16:amd64 (5.4-5build2) ...
Setting up libinput10:amd64 (1.25.0-1ubuntu3.7) ...
Setting up libfile-mimeinfo-perl (0.34-1) ...
Setting up gtk2-engines-murrine:amd64 (0.98.2-4) ...
Setting up libcanberra-pulse:amd64 (0.30-10ubuntu10) ...
Setting up libhttp-negotiate-perl (6.01-2) ...
Setting up gir1.2-gtksource-4:amd64 (4.8.4-5build4) ...
Setting up libqt5qmlmodels5:amd64 (5.15.13+dfsg-1ubuntu0.1) ...
Setting up cpp-13 (13.3.0-6ubuntu2~24.04.1) ...
Setting up libhttp-cookies-perl (6.11-1) ...
Setting up libgail-common:amd64 (2.24.33-4ubuntu1.1) ...
Setting up libcamera0.2:amd64 (0.2.0-3fakesync1build6) ...
Setting up librygel-db-2.8-0:amd64 (0.42.5-1ubuntu3) ...
Setting up libhtml-tree-perl (5.07-3) ...
Setting up gstreamer1.0-libcamera:amd64 (0.2.0-3fakesync1build6) ...
Setting up gnome-session-bin (46.0-1ubuntu4) ...
update-alternatives: using /usr/bin/gnome-session to provide /usr/bin/x-session-manager (x-session-manager) in auto mode
Setting up libqt6qml6:amd64 (6.4.2+dfsg-4build3) ...
Setting up libevdocument3-4t64:amd64 (46.3.1-0ubuntu1.1) ...
Setting up xserver-xorg-core (2:21.1.12-1ubuntu1.6) ...
Setting up libhtml-format-perl (2.16-2) ...
Setting up seahorse (43.0-3build2) ...
Setting up xserver-xorg-video-radeon (1:22.0.0-1build1) ...
Setting up man-db (2.12.0-4build2) ...
Building database of manual pages ...
Created symlink /etc/systemd/system/timers.target.wants/man-db.timer → /usr/lib/systemd/system/man-db.timer.
Setting up libgnome-bg-4-2t64:amd64 (44.0-5build2) ...
Setting up libqt6qmlmodels6:amd64 (6.4.2+dfsg-4build3) ...
Setting up libcanberra-gtk3-module:amd64 (0.30-10ubuntu10) ...
Setting up python3-apport (2.28.3-0ubuntu0.1) ...
Setting up librygel-renderer-2.8-0:amd64 (0.42.5-1ubuntu3) ...
Setting up gir1.2-wnck-3.0:amd64 (43.0-3build4) ...
Setting up xserver-xorg-input-wacom (1:1.2.0-1ubuntu2) ...
Setting up libqt5gui5t64:amd64 (5.15.13+dfsg-1ubuntu1) ...
Setting up xserver-xorg-video-fbdev (1:0.5.0-2build2) ...
Setting up libnet-smtp-ssl-perl (1.04-2) ...
Setting up libfreerdp-server3-3:amd64 (3.31.0+dfsg-0ubuntu0.24.04.1) ...
Setting up xserver-xephyr (2:21.1.12-1ubuntu1.6) ...
Setting up libmailtools-perl (2.21-2) ...
Setting up xserver-xorg-video-vmware (1:13.4.0-1build1) ...
Setting up xserver-xorg-video-intel (2:2.99.917+git20210115-1build1) ...
Setting up gtk2-engines-pixbuf:amd64 (2.24.33-4ubuntu1.1) ...
Setting up libgtkmm-4.0-0:amd64 (4.10.0-4build3) ...
Setting up gnome-snapshot (46.2-1ubuntu2) ...
Setting up libqt6gui6t64:amd64 (6.4.2+dfsg-21.1build5) ...
Setting up libhttp-daemon-perl (6.16-1ubuntu0.24.04.1) ...
Setting up xserver-xorg-video-vesa (1:2.6.0-1ubuntu0.1) ...
Setting up cpp (4:13.2.0-7ubuntu1) ...
Setting up orca (46.1-1ubuntu1) ...
Setting up gnome-characters (46.0-1build1) ...
Setting up libqt5quick5:amd64 (5.15.13+dfsg-1ubuntu0.1) ...
Setting up gir1.2-gnomebg-4.0:amd64 (44.0-5build2) ...
Setting up xserver-xorg-video-qxl (0.1.6-1build1) ...
Setting up qt6-qpa-plugins:amd64 (6.4.2+dfsg-21.1build5) ...
Setting up libevview3-3t64:amd64 (46.3.1-0ubuntu1.1) ...
Setting up libqt5widgets5t64:amd64 (5.15.13+dfsg-1ubuntu1) ...
Setting up xserver-xorg-video-amdgpu (23.0.0-1ubuntu0.24.04.1) ...
Setting up xdg-desktop-portal-gnome (46.2-0ubuntu1) ...
Setting up xserver-xorg (1:7.7+23ubuntu3) ...
Setting up xserver-xorg-video-nouveau (1:1.0.17-2ubuntu0.1) ...
Setting up xserver-xorg-input-libinput (1.4.0-1ubuntu24.04.1) ...
Setting up libqt5svg5:amd64 (5.15.13-1) ...
Setting up xserver-xorg-video-ati (1:22.0.0-1build1) ...
Setting up yelp (42.2-1ubuntu0.24.04.2) ...
Setting up rygel (0.42.5-1ubuntu3) ...
Setting up x11-xserver-utils (7.7+10build2) ...
Setting up libqt6opengl6t64:amd64 (6.4.2+dfsg-21.1build5) ...
Setting up gnome-themes-extra:amd64 (3.28-2ubuntu5) ...
Setting up qt5-gtk-platformtheme:amd64 (5.15.13+dfsg-1ubuntu1) ...
Setting up libqt5waylandclient5:amd64 (5.15.13-1) ...
Setting up libqt5waylandcompositor5:amd64 (5.15.13-1) ...
Setting up transmission-gtk (4.0.5-1ubuntu0.1) ...
Setting up libqt6waylandclient6:amd64 (6.4.2-5build3) ...
Setting up qt6-gtk-platformtheme:amd64 (6.4.2+dfsg-21.1build5) ...
Setting up gnome-system-monitor (46.0-1build1) ...
Setting up libqt6quick6:amd64 (6.4.2+dfsg-4build3) ...
Setting up xserver-xorg-video-all (1:7.7+23ubuntu3) ...
Setting up evince (46.3.1-0ubuntu1.1) ...
Setting up gir1.2-evince-3.0:amd64 (46.3.1-0ubuntu1.1) ...
Setting up libqt6wlshellintegration6:amd64 (6.4.2-5build3) ...
Setting up xserver-xorg-input-all (1:7.7+23ubuntu3) ...
Setting up libqt6waylandcompositor6:amd64 (6.4.2-5build3) ...
Setting up qtwayland5:amd64 (5.15.13-1) ...
Setting up libqt6waylandeglcompositorhwintegration6:amd64 (6.4.2-5build3) ...
Setting up libqt6waylandeglclienthwintegration6:amd64 (6.4.2-5build3) ...
Setting up qt6-wayland:amd64 (6.4.2-5build3) ...
Setting up libwww-perl (6.76-1ubuntu0.1) ...
Setting up aptdaemon (1.1.1+bzr982-0ubuntu44) ...
Setting up python3-aptdaemon (1.1.1+bzr982-0ubuntu44) ...
/usr/lib/python3/dist-packages/aptdaemon/core.py:96: SyntaxWarning: invalid escape sequence '\-'
  REGEX_VALID_PACKAGENAME = "^[a-z0-9][a-z0-9\-+.]+(:[a-z0-9]+)?$"
/usr/lib/python3/dist-packages/aptdaemon/core.py:99: SyntaxWarning: invalid escape sequence '\-'
  REGEX_VALID_VERSION = "^[0-9][0-9.+\-A-Za-z:~]*$"
/usr/lib/python3/dist-packages/aptdaemon/core.py:101: SyntaxWarning: invalid escape sequence '\-'
  REGEX_VALID_RELEASE = "^[a-zA-Z0-9_\-\.]+$"
/usr/lib/python3/dist-packages/aptdaemon/progress.py:57: SyntaxWarning: invalid escape sequence '\['
  REGEX_ANSI_ESCAPE_CODE = chr(27) + "\[[;?0-9]*[A-Za-z]"
/usr/lib/python3/dist-packages/aptdaemon/progress.py:667: SyntaxWarning: invalid escape sequence '\s'
  match = re.match("\s*\'(.*)\'\s*\'(.*)\'.*", message_raw)
/usr/lib/python3/dist-packages/aptdaemon/progress.py:791: SyntaxWarning: invalid escape sequence '\s'
  match = re.match("\s*\'(.*)\'\s*\'(.*)\'.*", status[3])
/usr/lib/python3/dist-packages/aptdaemon/worker/aptworker.py:462: SyntaxWarning: invalid escape sequence '\S'
  if re.match("(http|https|ftp)://\S+?:\S+?@\S+", uri):
/usr/lib/python3/dist-packages/aptdaemon/worker/pkworker.py:89: SyntaxWarning: invalid escape sequence '\d'
  MATCH_CVE = "CVE-\d{4}-\d{4}"
/usr/lib/python3/dist-packages/aptdaemon/worker/pkworker.py:325: SyntaxWarning: invalid escape sequence '\/'
  pattern = "^%s$" % filename[1:].replace("/", "\/")
/usr/lib/python3/dist-packages/aptdaemon/worker/pkworker.py:327: SyntaxWarning: invalid escape sequence '\/'
  pattern = "\/%s$" % filename
/usr/lib/python3/dist-packages/aptdaemon/worker/pkworker.py:350: SyntaxWarning: invalid escape sequence '\/'
  pattern = "^%s$" % filename.replace("/", "\/")
/usr/lib/python3/dist-packages/aptdaemon/worker/pkworker.py:352: SyntaxWarning: invalid escape sequence '\/'
  pattern = ".*\/%s$" % filename
/usr/lib/python3/dist-packages/aptdaemon/worker/pkworker.py:661: SyntaxWarning: invalid escape sequence '\+'
  "(?P<date>.+) (?P<offset>[-\+][0-9]+)$",
Setting up apport-core-dump-handler (2.28.3-0ubuntu0.1) ...
Running in chroot, ignoring request.
invoke-rc.d: policy-rc.d denied execution of start.
Created symlink /etc/systemd/system/multi-user.target.wants/apport.service → /usr/lib/systemd/system/apport.service.
Setting up apport (2.28.3-0ubuntu0.1) ...
Created symlink /etc/systemd/system/paths.target.wants/apport-autoreport.path → /usr/lib/systemd/system/apport-autoreport.path.
Created symlink /etc/systemd/system/timers.target.wants/apport-autoreport.timer → /usr/lib/systemd/system/apport-autoreport.timer.
Created symlink /etc/systemd/system/sockets.target.wants/apport-forward.socket → /usr/lib/systemd/system/apport-forward.socket.
Setting up python3-aptdaemon.gtk3widgets (1.1.1+bzr982-0ubuntu44) ...
Setting up liblwp-protocol-https-perl (6.13-1) ...
Setting up language-selector-gnome (0.225) ...
Setting up libxml-parser-perl (2.47-1ubuntu0.24.04.1) ...
Setting up libxml-twig-perl (1:3.52-2) ...
Setting up libnet-dbus-perl (1.2.0-2build3) ...
Processing triggers for libglib2.0-0t64:amd64 (2.80.0-6ubuntu3.8) ...
Setting up libmutter-14-0:amd64 (46.2-1ubuntu0.24.04.16) ...
Setting up libgnomekbd8:amd64 (3.28.1-1build3) ...
Processing triggers for dbus (1.14.10-4ubuntu4.1) ...
Processing triggers for libgtk-3-0t64:amd64 (3.24.41-4ubuntu1.3) ...
Processing triggers for udev (255.4-1ubuntu8.17) ...
Setting up nautilus-extension-gnome-terminal:amd64 (3.52.0-1ubuntu2) ...
Setting up gnome-remote-desktop (46.3-0ubuntu1.2) ...
Creating group 'gnome-remote-desktop' with GID 989.
Creating user 'gnome-remote-desktop' (GNOME Remote Desktop) with UID 989 and GID 989.
Running in chroot, ignoring request.
invoke-rc.d: policy-rc.d denied execution of reload.
Created symlink /etc/systemd/system/graphical.target.wants/gnome-remote-desktop.service → /usr/lib/systemd/system/gnome-remote-desktop.service.
Setting up gir1.2-mutter-14:amd64 (46.2-1ubuntu0.24.04.16) ...
Setting up ibus (1.5.29-2) ...
Created symlink /etc/systemd/user/gnome-session.target.wants/org.freedesktop.IBus.session.GNOME.service → /usr/lib/systemd/user/org.freedesktop.IBus.session.GNOME.service.
Setting up gnome-startup-applications (46.0-1ubuntu4) ...
Processing triggers for libgtk-4-1:amd64 (4.14.5+ds-0ubuntu0.10) ...
Processing triggers for libgdk-pixbuf-2.0-0:amd64 (2.42.10+dfsg-3ubuntu3.3) ...
Processing triggers for sgml-base (1.31) ...
Setting up gir1.2-gdm-1.0 (46.2-1ubuntu1~24.04.9) ...
Setting up libedataserver-1.2-27t64:amd64 (3.52.3-0ubuntu1.2) ...
Setting up libgweather-4-0t64:amd64 (4.4.2-1build1) ...
Processing triggers for fontconfig (2.15.0-1.1ubuntu2) ...
Setting up ubuntu-docs (24.04.2) ...
Processing triggers for desktop-file-utils (0.27-2build1) ...
Processing triggers for hicolor-icon-theme (0.17-2) ...
Setting up gnome-settings-daemon (46.0-1ubuntu1.24.04.1) ...
Setting up gnome-user-docs (46.0-1ubuntu1) ...
Setting up docbook-xml (4.5-12) ...
Processing triggers for libc-bin (2.39-0ubuntu8.9) ...
Setting up gir1.2-gweather-4.0:amd64 (4.4.2-1build1) ...
Setting up tracker-miner-fs (3.7.1-1ubuntu0.1) ...
Created symlink /etc/systemd/user/gnome-session.target.wants/tracker-miner-fs-3.service → /usr/lib/systemd/user/tracker-miner-fs-3.service.
Setting up gkbd-capplet (3.28.1-1build3) ...
Setting up libebook-contacts-1.2-4t64:amd64 (3.52.3-0ubuntu1.2) ...
Setting up gnome-tweaks (46.0-2) ...
Setting up libebackend-1.2-11t64:amd64 (3.52.3-0ubuntu1.2) ...
Setting up libecal-2.0-3:amd64 (3.52.3-0ubuntu1.2) ...
Setting up nautilus (1:46.4-0ubuntu0.2) ...
Setting up gnome-clocks (46.0-1build1) ...
Setting up libedataserverui4-1.0-0t64:amd64 (3.52.3-0ubuntu1.2) ...
Setting up gnome-control-center (1:46.7-0ubuntu0.24.04.6) ...
Setting up gnome-calendar (46.1-0ubuntu2) ...
Setting up libedata-cal-2.0-2t64:amd64 (3.52.3-0ubuntu1.2) ...
Setting up libedata-book-1.2-27t64:amd64 (3.52.3-0ubuntu1.2) ...
Setting up libedataserverui-1.2-4t64:amd64 (3.52.3-0ubuntu1.2) ...
Setting up gnome-shell (46.0-0ubuntu6~24.04.14) ...
Setting up gnome-shell-extension-appindicator (58-1ubuntu24.04.1) ...
Setting up gdm3 (46.2-1ubuntu1~24.04.9) ...

Creating config file /etc/gdm3/greeter.dconf-defaults with new version
update-alternatives: using /etc/pam.d/gdm-smartcard-sssd-exclusive to provide /etc/pam.d/gdm-smartcard (gdm-smartcard) in auto mode
Running in chroot, ignoring request.
invoke-rc.d: policy-rc.d denied execution of reload.
Setting up gnome-browser-connector (42.1-4) ...
Setting up gnome-sushi (46.0-1) ...
Setting up gnome-shell-extension-prefs (46.0-0ubuntu6~24.04.14) ...
Setting up gnome-shell-extension-desktop-icons-ng (46+really47.0.9-1ubuntu5) ...
Setting up gnome-session (46.0-1ubuntu4) ...
Setting up network-manager-gnome (1.34.0-1ubuntu3) ...
Setting up gnome-shell-extensions (46.1-2) ...
Setting up chrome-gnome-shell (42.1-4) ...
Setting up libebook-1.2-21t64:amd64 (3.52.3-0ubuntu1.2) ...
Setting up gnome-shell-extension-manager (0.5.0-1build1) ...
Setting up evolution-data-server (3.52.3-0ubuntu1.2) ...
Processing triggers for dictionaries-common (1.29.7) ...
Processing triggers for rygel (0.42.5-1ubuntu3) ...
Processing triggers for sgml-base (1.31) ...
Processing triggers for libc-bin (2.39-0ubuntu8.9) ...
    -> extension dash-to-panel@jderose9.github.com
      version 74, for shell 46, 47, 48, 49, 50, 51
    -> extension arcmenu@arcmenu.com
      version 73, for shell 45, 46, 47, 48, 49, 50
    -> extension blur-my-shell@aunetx
      version 72, for shell 46, 47, 48, 49, 50
    -> Colloid GTK theme 2026-08-08

GNOME Shell 46.0

Installing '/usr/share/themes/Colloid'...
Installing '/usr/share/themes/Colloid-Light'...
Installing '/usr/share/themes/Colloid-Dark'...
Installing '/usr/share/themes/Colloid-Purple'...
Installing '/usr/share/themes/Colloid-Purple-Light'...
Installing '/usr/share/themes/Colloid-Purple-Dark'...
Installing '/usr/share/themes/Colloid-Pink'...
Installing '/usr/share/themes/Colloid-Pink-Light'...
Installing '/usr/share/themes/Colloid-Pink-Dark'...
Installing '/usr/share/themes/Colloid-Red'...
Installing '/usr/share/themes/Colloid-Red-Light'...
Installing '/usr/share/themes/Colloid-Red-Dark'...
Installing '/usr/share/themes/Colloid-Orange'...
Installing '/usr/share/themes/Colloid-Orange-Light'...
Installing '/usr/share/themes/Colloid-Orange-Dark'...
Installing '/usr/share/themes/Colloid-Yellow'...
Installing '/usr/share/themes/Colloid-Yellow-Light'...
Installing '/usr/share/themes/Colloid-Yellow-Dark'...
Installing '/usr/share/themes/Colloid-Green'...
Installing '/usr/share/themes/Colloid-Green-Light'...
Installing '/usr/share/themes/Colloid-Green-Dark'...
Installing '/usr/share/themes/Colloid-Teal'...
Installing '/usr/share/themes/Colloid-Teal-Light'...
Installing '/usr/share/themes/Colloid-Teal-Dark'...
Installing '/usr/share/themes/Colloid-Grey'...
Installing '/usr/share/themes/Colloid-Grey-Light'...
Installing '/usr/share/themes/Colloid-Grey-Dark'...

Done.

GNOME Shell 46.0

Rimless version! ...

Install Floating Gnome-Shell Panel version! ...

Installing '/usr/share/themes/Colloid-Float-Dark'...
Installing '/usr/share/themes/Colloid-Float-Purple-Dark'...
Installing '/usr/share/themes/Colloid-Float-Pink-Dark'...
Installing '/usr/share/themes/Colloid-Float-Red-Dark'...
Installing '/usr/share/themes/Colloid-Float-Orange-Dark'...
Installing '/usr/share/themes/Colloid-Float-Yellow-Dark'...
Installing '/usr/share/themes/Colloid-Float-Green-Dark'...
Installing '/usr/share/themes/Colloid-Float-Teal-Dark'...
Installing '/usr/share/themes/Colloid-Float-Grey-Dark'...

Done.
    -> 108 Colloid themes installed
    -> papirus-folders
papirus-folders: Changing color of folders to 'green' for 'Papirus-Dark' ...
papirus-folders: Changing color of folders to 'green' for 'Papirus-Light' ...
papirus-folders: Changing color of folders to 'green' for 'Papirus' ...
    -> cursor Bibata-Modern-Ice
    -> cursor Bibata-Modern-Classic
    -> cursor Bibata-Modern-Amber
update-alternatives: using /usr/share/icons/Bibata-Modern-Ice/index.theme to provide /usr/share/icons/default/index.theme (x-cursor-theme) in manual mode

==>   30-branding.sh
Adding 'local diversion of /usr/lib/os-release to /usr/lib/os-release.distrib'
dpkg-divert: warning: diverting file '/usr/lib/os-release' from an Essential package with rename is dangerous, use --no-rename
Adding 'local diversion of /etc/lsb-release to /etc/lsb-release.distrib'
dpkg-divert: warning: diverting file '/etc/lsb-release' from an Essential package with rename is dangerous, use --no-rename
    -> python-apt sees Veil noble
Adding 'local diversion of /etc/issue to /etc/issue.distrib'
dpkg-divert: warning: diverting file '/etc/issue' from an Essential package with rename is dangerous, use --no-rename
Adding 'local diversion of /etc/issue.net to /etc/issue.net.distrib'
dpkg-divert: warning: diverting file '/etc/issue.net' from an Essential package with rename is dangerous, use --no-rename
Adding 'local diversion of /etc/legal to /etc/legal.distrib'
dpkg-divert: warning: diverting file '/etc/legal' from an Essential package with rename is dangerous, use --no-rename
    -> logos
    -> boot splash
update-alternatives: using /usr/share/plymouth/themes/veil/veil.plymouth to provide /usr/share/plymouth/themes/default.plymouth (default.plymouth) in auto mode
Adding 'local diversion of /usr/share/plymouth/ubuntu-logo.png to /usr/share/plymouth/ubuntu-logo.png.distrib'
update-alternatives: using /usr/share/plymouth/themes/veil-text/veil-text.plymouth to provide /usr/share/plymouth/themes/text.plymouth (text.plymouth) in auto mode
    -> boot menu
    -> login screen
    -> wallpapers
    -> installer

==>   40-apps.sh
    -> installing 15 packages from apps.list
Reading package lists...
Building dependency tree...
Reading state information...
hunspell-en-us is already the newest version (1:2020.12.07-2).
hunspell-en-us set to manually installed.
xdg-desktop-portal is already the newest version (1.18.4-1ubuntu2.24.04.2).
xdg-desktop-portal set to manually installed.
policykit-1 is already the newest version (124-2ubuntu1.24.04.4).
policykit-1 set to manually installed.
packagekit is already the newest version (1.2.8-2ubuntu1.5).
packagekit set to manually installed.
The following additional packages will be installed:
  ca-certificates-java default-jre default-jre-headless firebird3.0-common
  firebird3.0-common-doc firebird3.0-server-core firebird3.0-utils
  fonts-freefont-ttf fonts-linuxlibertine fonts-noto-extra fonts-noto-ui-core
  fonts-opensymbol fonts-sil-gentium fonts-sil-gentium-basic i965-va-driver
  intel-media-va-driver java-common liba52-0.7.4 libaacs0 libabw-0.1-1
  libaribb24-0t64 libass9 libatk-wrapper-java libatk-wrapper-java-jni
  libavcodec60 libavformat60 libavutil58 libbdplus0 libbluray2
  libboost-iostreams1.83.0 libboost-locale1.83.0 libboost-thread1.83.0
  libbsh-java libcddb2 libcdr-0.1-1 libchromaprint1 libcjson1
  libclucene-contribs1t64 libclucene-core1t64 libcodec2-1.2 libcolamd3
  libdav1d7 libdc1394-25 libdca0 libdvbpsi10 libdvdnav4 libdvdread8t64
  libe-book-0.1-1 libebml5 libel-api-java libeot0 libepubgen-0.1-1
  libetonyek-0.1-1 libexttextcat-2.0-0 libexttextcat-data libfaad2
  libfbclient2 libfreehand-0.1-1 libgme0 libgpgmepp6t64 libgsm1
  libhsqldb1.8.0-java libhwy1t64 libib-util libigdgmm12 libixml11t64
  libjsp-api-java libjxl0.7 libkate1 liblangtag-common liblangtag1
  liblibreoffice-java liblirc-client0t64 liblua5.2-0 libmad0 libmatroska7
  libmbedcrypto7t64 libmhash2 libmpcdec6 libmpeg2-4 libmspub-0.1-1
  libmwaw-0.3-3 libmysofa1 libmysqlclient21 libmythes-1.2-0 libnorm1t64
  libodfgen-0.1-1 libopenmpt-modplug1 libopenmpt0t64 liborcus-0.18-0
  liborcus-parser-0.18-0 libostree-1-1 libpagemaker-0.0-0 libpgm-5.3-0t64
  libpostproc57 libpq5 libprotobuf-lite32t64 libproxy-tools libqt5x11extras5
  librabbitmq4 libraptor2-0 librasqal3t64 librav1e0 librdf0t64
  libreoffice-base libreoffice-base-core libreoffice-base-drivers
  libreoffice-calc libreoffice-common libreoffice-core libreoffice-draw
  libreoffice-impress libreoffice-java-common libreoffice-math
  libreoffice-nlpsolver libreoffice-report-builder
  libreoffice-report-builder-bin libreoffice-script-provider-bsh
  libreoffice-script-provider-js libreoffice-script-provider-python
  libreoffice-sdbc-firebird libreoffice-sdbc-hsqldb libreoffice-sdbc-mysql
  libreoffice-sdbc-postgresql libreoffice-style-elementary
  libreoffice-style-yaru libreoffice-uiconfig-base libreoffice-uiconfig-calc
  libreoffice-uiconfig-common libreoffice-uiconfig-draw
  libreoffice-uiconfig-impress libreoffice-uiconfig-math
  libreoffice-uiconfig-report-builder libreoffice-uiconfig-writer
  libreoffice-wiki-publisher libreoffice-writer libresid-builder0c2a
  librevenge-0.0-0 librist4 libsamplerate0 libservlet-api-java
  libservlet3.1-java libshine3 libsidplay2 libsnappy1v5 libsoxr0
  libspatialaudio0t64 libsrt1.5-gnutls libssh-gcrypt-4 libssh2-1t64
  libsuitesparseconfig7 libsvtav1enc1d1 libswresample4 libswscale7 libudfread0
  libunibreak5 libuno-cppu3t64 libuno-cppuhelpergcc3-3t64
  libuno-purpenvhelpergcc3-3t64 libuno-sal3t64 libuno-salhelpergcc3-3t64
  libunoloader-java libupnp17t64 libva-drm2 libva-wayland2 libva-x11-2 libva2
  libvdpau1 libvisio-0.1-1 libvlc-bin libvlc5 libvlccore9 libvncclient1
  libvpl2 libwebsocket-api-java libwpd-0.10-10 libwpg-0.3-3 libwps-0.4-4
  libx264-164 libx265-199 libxcb-composite0 libxmlsec1t64-nss libxvidcore4
  libyajl2 libzmq5 libzvbi-common libzvbi0t64 lp-solve mesa-va-drivers
  mesa-vdpau-drivers mysql-common ocl-icd-libopencl1 openjdk-21-jre
  openjdk-21-jre-headless python3-uno uno-libs-private ure ure-java
  va-driver-all vdpau-driver-all vlc-bin vlc-data vlc-l10n vlc-plugin-base
  vlc-plugin-notify vlc-plugin-qt vlc-plugin-samba vlc-plugin-skins2
  vlc-plugin-video-output vlc-plugin-video-splitter vlc-plugin-visualization
Suggested packages:
  firebird3.0-server firebird3.0-doc malcontent-gui hunspell
  i965-va-driver-shaders libcuda1 libnvcuvid1 libnvidia-encode1 libbluray-bdj
  libdvdcss2 java-virtual-machine libhsqldb1.8.0-java-gcj lirc raptor2-utils
  rasqal-utils librdf-storage-mysql librdf-storage-postgresql
  librdf-storage-sqlite librdf-storage-virtuoso redland-utils cups-bsd firefox
  | firefox-esr | thunderbird gpa imagemagick
  | graphicsmagick-imagemagick-compat libreoffice-grammarcheck
  libreoffice-help libreoffice-l10n libreoffice-librelogo myspell-dictionary
  openclipart-libreoffice pstoedit unixodbc gstreamer1.0-plugins-ugly
  gstreamer1.0-plugins-bad gstreamer1.0-libav libofficebean-java
  python3-access2base libjtds-java libsqliteodbc | tdsodbc | odbc-mdbtools
  python3-scriptforge libreoffice-evolution libreofficekit-data
  libreoffice-help-common default-mysql-server | virtual-mysql-server
  postgresql mediawiki opencl-icd fonts-ipafont-gothic fonts-ipafont-mincho
  fonts-wqy-microhei | fonts-wqy-zenhei fonts-indic libvdpau-va-gl1
  vlc-plugin-fluidsynth vlc-plugin-jack vlc-plugin-pipewire vlc-plugin-svg
The following NEW packages will be installed:
  ca-certificates-java default-jre default-jre-headless firebird3.0-common
  firebird3.0-common-doc firebird3.0-server-core firebird3.0-utils flatpak
  fonts-freefont-ttf fonts-linuxlibertine fonts-noto-extra fonts-noto-ui-core
  fonts-opensymbol fonts-sil-gentium fonts-sil-gentium-basic hunspell-en-gb
  hyphen-en-us i965-va-driver intel-media-va-driver java-common liba52-0.7.4
  libaacs0 libabw-0.1-1 libaribb24-0t64 libass9 libatk-wrapper-java
  libatk-wrapper-java-jni libavcodec60 libavformat60 libavutil58 libbdplus0
  libbluray2 libboost-iostreams1.83.0 libboost-locale1.83.0
  libboost-thread1.83.0 libbsh-java libcddb2 libcdr-0.1-1 libchromaprint1
  libcjson1 libclucene-contribs1t64 libclucene-core1t64 libcodec2-1.2
  libcolamd3 libdav1d7 libdc1394-25 libdca0 libdvbpsi10 libdvdnav4
  libdvdread8t64 libe-book-0.1-1 libebml5 libel-api-java libeot0
  libepubgen-0.1-1 libetonyek-0.1-1 libexttextcat-2.0-0 libexttextcat-data
  libfaad2 libfbclient2 libfreehand-0.1-1 libgme0 libgpgmepp6t64 libgsm1
  libhsqldb1.8.0-java libhwy1t64 libib-util libigdgmm12 libixml11t64
  libjsp-api-java libjxl0.7 libkate1 liblangtag-common liblangtag1
  liblibreoffice-java liblirc-client0t64 liblua5.2-0 libmad0 libmatroska7
  libmbedcrypto7t64 libmhash2 libmpcdec6 libmpeg2-4 libmspub-0.1-1
  libmwaw-0.3-3 libmysofa1 libmysqlclient21 libmythes-1.2-0 libnorm1t64
  libnotify-bin libodfgen-0.1-1 libopenmpt-modplug1 libopenmpt0t64
  liborcus-0.18-0 liborcus-parser-0.18-0 libostree-1-1 libpagemaker-0.0-0
  libpgm-5.3-0t64 libpostproc57 libpq5 libprotobuf-lite32t64 libproxy-tools
  libqt5x11extras5 librabbitmq4 libraptor2-0 librasqal3t64 librav1e0
  librdf0t64 libreoffice libreoffice-base libreoffice-base-core
  libreoffice-base-drivers libreoffice-calc libreoffice-common
  libreoffice-core libreoffice-draw libreoffice-gnome libreoffice-gtk3
  libreoffice-impress libreoffice-java-common libreoffice-math
  libreoffice-nlpsolver libreoffice-report-builder
  libreoffice-report-builder-bin libreoffice-script-provider-bsh
  libreoffice-script-provider-js libreoffice-script-provider-python
  libreoffice-sdbc-firebird libreoffice-sdbc-hsqldb libreoffice-sdbc-mysql
  libreoffice-sdbc-postgresql libreoffice-style-colibre
  libreoffice-style-elementary libreoffice-style-yaru
  libreoffice-uiconfig-base libreoffice-uiconfig-calc
  libreoffice-uiconfig-common libreoffice-uiconfig-draw
  libreoffice-uiconfig-impress libreoffice-uiconfig-math
  libreoffice-uiconfig-report-builder libreoffice-uiconfig-writer
  libreoffice-wiki-publisher libreoffice-writer libresid-builder0c2a
  librevenge-0.0-0 librist4 libsamplerate0 libservlet-api-java
  libservlet3.1-java libshine3 libsidplay2 libsnappy1v5 libsoxr0
  libspatialaudio0t64 libsrt1.5-gnutls libssh-gcrypt-4 libssh2-1t64
  libsuitesparseconfig7 libsvtav1enc1d1 libswresample4 libswscale7 libudfread0
  libunibreak5 libuno-cppu3t64 libuno-cppuhelpergcc3-3t64
  libuno-purpenvhelpergcc3-3t64 libuno-sal3t64 libuno-salhelpergcc3-3t64
  libunoloader-java libupnp17t64 libva-drm2 libva-wayland2 libva-x11-2 libva2
  libvdpau1 libvisio-0.1-1 libvlc-bin libvlc5 libvlccore9 libvncclient1
  libvpl2 libwebsocket-api-java libwpd-0.10-10 libwpg-0.3-3 libwps-0.4-4
  libx264-164 libx265-199 libxcb-composite0 libxmlsec1t64-nss libxvidcore4
  libyajl2 libzmq5 libzvbi-common libzvbi0t64 lp-solve mesa-va-drivers
  mesa-vdpau-drivers mysql-common mythes-en-us ocl-icd-libopencl1
  openjdk-21-jre openjdk-21-jre-headless python3-uno uno-libs-private ure
  ure-java va-driver-all vdpau-driver-all vlc vlc-bin vlc-data vlc-l10n
  vlc-plugin-access-extra vlc-plugin-base vlc-plugin-notify vlc-plugin-qt
  vlc-plugin-samba vlc-plugin-skins2 vlc-plugin-video-output
  vlc-plugin-video-splitter vlc-plugin-visualization
0 upgraded, 222 newly installed, 0 to remove and 0 not upgraded.
Need to get 338 MB of archives.
After this operation, 1278 MB of additional disk space will be used.
Get:1 http://archive.ubuntu.com/ubuntu noble-updates/main amd64 libreoffice-style-colibre all 4:24.2.7-0ubuntu0.24.04.6 [7276 kB]
Get:2 http://archive.ubuntu.com/ubuntu noble-updates/main amd64 libreoffice-uiconfig-common all 4:24.2.7-0ubuntu0.24.04.6 [343 kB]
Get:3 http://archive.ubuntu.com/ubuntu noble-updates/main amd64 libuno-sal3t64 amd64 4:24.2.7-0ubuntu0.24.04.6 [233 kB]
Get:4 http://archive.ubuntu.com/ubuntu noble-updates/main amd64 libuno-salhelpergcc3-3t64 amd64 4:24.2.7-0ubuntu0.24.04.6 [19.3 kB]
Get:5 http://archive.ubuntu.com/ubuntu noble-updates/main amd64 libuno-cppu3t64 amd64 4:24.2.7-0ubuntu0.24.04.6 [91.1 kB]
Get:6 http://archive.ubuntu.com/ubuntu noble-updates/main amd64 uno-libs-private amd64 4:24.2.7-0ubuntu0.24.04.6 [229 kB]
Get:7 http://archive.ubuntu.com/ubuntu noble/main amd64 liblangtag-common all 0.6.7-1build2 [210 kB]
Get:8 http://archive.ubuntu.com/ubuntu noble/main amd64 liblangtag1 amd64 0.6.7-1build2 [52.2 kB]
Get:9 http://archive.ubuntu.com/ubuntu noble-updates/main amd64 libuno-cppuhelpergcc3-3t64 amd64 4:24.2.7-0ubuntu0.24.04.6 [364 kB]
Get:10 http://archive.ubuntu.com/ubuntu noble-updates/main amd64 libuno-purpenvhelpergcc3-3t64 amd64 4:24.2.7-0ubuntu0.24.04.6 [17.4 kB]
Get:11 http://archive.ubuntu.com/ubuntu noble-updates/main amd64 ure amd64 4:24.2.7-0ubuntu0.24.04.6 [1426 kB]
Get:12 http://archive.ubuntu.com/ubuntu noble-updates/main amd64 libreoffice-common all 4:24.2.7-0ubuntu0.24.04.6 [20.3 MB]
Get:13 http://archive.ubuntu.com/ubuntu noble-updates/main amd64 fonts-opensymbol all 4:102.12+LibO24.2.7-0ubuntu0.24.04.6 [138 kB]
Get:14 http://archive.ubuntu.com/ubuntu noble-updates/main amd64 libboost-thread1.83.0 amd64 1.83.0-2.1ubuntu3.2 [276 kB]
Get:15 http://archive.ubuntu.com/ubuntu noble-updates/main amd64 libboost-locale1.83.0 amd64 1.83.0-2.1ubuntu3.2 [413 kB]
Get:16 http://archive.ubuntu.com/ubuntu noble/main amd64 libclucene-core1t64 amd64 2.3.3.4+dfsg-1.2ubuntu2 [565 kB]
Get:17 http://archive.ubuntu.com/ubuntu noble/main amd64 libclucene-contribs1t64 amd64 2.3.3.4+dfsg-1.2ubuntu2 [93.5 kB]
Get:18 http://archive.ubuntu.com/ubuntu noble/main amd64 libeot0 amd64 0.01-5build3 [28.1 kB]
Get:19 http://archive.ubuntu.com/ubuntu noble/main amd64 libexttextcat-data all 3.4.7-1build1 [193 kB]
Get:20 http://archive.ubuntu.com/ubuntu noble/main amd64 libexttextcat-2.0-0 amd64 3.4.7-1build1 [13.3 kB]
Get:21 http://archive.ubuntu.com/ubuntu noble/main amd64 libgpgmepp6t64 amd64 1.18.0-4.1ubuntu4 [119 kB]
Get:22 http://archive.ubuntu.com/ubuntu noble/main amd64 libmythes-1.2-0 amd64 2:1.2.5-1build1 [8580 B]
Get:23 http://archive.ubuntu.com/ubuntu noble-updates/main amd64 libboost-iostreams1.83.0 amd64 1.83.0-2.1ubuntu3.2 [260 kB]
Get:24 http://archive.ubuntu.com/ubuntu noble/main amd64 liborcus-parser-0.18-0 amd64 0.19.2-3build3 [113 kB]
Get:25 http://archive.ubuntu.com/ubuntu noble/main amd64 liborcus-0.18-0 amd64 0.19.2-3build3 [435 kB]
Get:26 http://archive.ubuntu.com/ubuntu noble/main amd64 libyajl2 amd64 2.1.0-5build1 [20.2 kB]
Get:27 http://archive.ubuntu.com/ubuntu noble-updates/main amd64 libraptor2-0 amd64 2.0.16-3ubuntu0.1 [165 kB]
Get:28 http://archive.ubuntu.com/ubuntu noble/main amd64 libmhash2 amd64 0.9.9.9-9build3 [94.2 kB]
Get:29 http://archive.ubuntu.com/ubuntu noble/main amd64 librasqal3t64 amd64 0.9.33-2.1build1 [188 kB]
Get:30 http://archive.ubuntu.com/ubuntu noble/main amd64 librdf0t64 amd64 1.0.17-3.1ubuntu3 [102 kB]
Get:31 http://archive.ubuntu.com/ubuntu noble/main amd64 librevenge-0.0-0 amd64 0.0.5-3build1 [211 kB]
Get:32 http://archive.ubuntu.com/ubuntu noble/main amd64 libxmlsec1t64-nss amd64 1.2.39-5build2 [63.0 kB]
Get:33 http://archive.ubuntu.com/ubuntu noble-updates/main amd64 libreoffice-core amd64 4:24.2.7-0ubuntu0.24.04.6 [43.0 MB]
Get:34 http://archive.ubuntu.com/ubuntu noble-updates/main amd64 python3-uno amd64 4:24.2.7-0ubuntu0.24.04.6 [148 kB]
Get:35 http://archive.ubuntu.com/ubuntu noble/main amd64 ca-certificates-java all 20240118 [11.6 kB]
Get:36 http://archive.ubuntu.com/ubuntu noble/main amd64 java-common all 0.75+exp1 [6798 B]
Get:37 http://archive.ubuntu.com/ubuntu noble-updates/main amd64 openjdk-21-jre-headless amd64 21.0.12+8-1~24.04 [46.5 MB]
Get:38 http://archive.ubuntu.com/ubuntu noble/main amd64 default-jre-headless amd64 2:1.21-75+exp1 [3094 B]
Get:39 http://archive.ubuntu.com/ubuntu noble-updates/main amd64 openjdk-21-jre amd64 21.0.12+8-1~24.04 [233 kB]
Get:40 http://archive.ubuntu.com/ubuntu noble/main amd64 default-jre amd64 2:1.21-75+exp1 [922 B]
Get:41 http://archive.ubuntu.com/ubuntu noble/universe amd64 firebird3.0-common-doc all 3.0.11.33703.ds4-2ubuntu2 [28.5 kB]
Get:42 http://archive.ubuntu.com/ubuntu noble/universe amd64 firebird3.0-common all 3.0.11.33703.ds4-2ubuntu2 [15.5 kB]
Get:43 http://archive.ubuntu.com/ubuntu noble/universe amd64 libfbclient2 amd64 3.0.11.33703.ds4-2ubuntu2 [549 kB]
Get:44 http://archive.ubuntu.com/ubuntu noble/universe amd64 libib-util amd64 3.0.11.33703.ds4-2ubuntu2 [3270 B]
Get:45 http://archive.ubuntu.com/ubuntu noble/universe amd64 firebird3.0-server-core amd64 3.0.11.33703.ds4-2ubuntu2 [2731 kB]
Get:46 http://archive.ubuntu.com/ubuntu noble/universe amd64 firebird3.0-utils amd64 3.0.11.33703.ds4-2ubuntu2 [968 kB]
Get:47 http://archive.ubuntu.com/ubuntu noble/universe amd64 libostree-1-1 amd64 2024.5-1build2 [373 kB]
Get:48 http://archive.ubuntu.com/ubuntu noble-updates/universe amd64 flatpak amd64 1.14.6-1ubuntu0.1 [1350 kB]
Get:49 http://archive.ubuntu.com/ubuntu noble/main amd64 fonts-freefont-ttf all 20211204+svn4273-2 [5641 kB]
Get:50 http://archive.ubuntu.com/ubuntu noble/universe amd64 fonts-linuxlibertine all 5.3.0-6 [1627 kB]
Get:51 http://archive.ubuntu.com/ubuntu noble/universe amd64 fonts-noto-extra all 20201225-2 [78.5 MB]
Get:52 http://archive.ubuntu.com/ubuntu noble/main amd64 fonts-noto-ui-core all 20201225-2 [1552 kB]
Get:53 http://archive.ubuntu.com/ubuntu noble/universe amd64 fonts-sil-gentium all 20081126:1.03-4 [245 kB]
Get:54 http://archive.ubuntu.com/ubuntu noble/universe amd64 fonts-sil-gentium-basic all 1.102-1.1 [384 kB]
Get:55 http://archive.ubuntu.com/ubuntu noble/main amd64 hunspell-en-gb all 1:24.2.1-1 [876 kB]
Get:56 http://archive.ubuntu.com/ubuntu noble/main amd64 hyphen-en-us all 2.8.8-7build3 [49.7 kB]
Get:57 http://archive.ubuntu.com/ubuntu noble-updates/universe amd64 libva2 amd64 2.20.0-2ubuntu0.2 [66.4 kB]
Get:58 http://archive.ubuntu.com/ubuntu noble-updates/universe amd64 libigdgmm12 amd64 22.3.17+ds1-1ubuntu1 [145 kB]
Get:59 http://archive.ubuntu.com/ubuntu noble-updates/universe amd64 intel-media-va-driver amd64 24.1.0+dfsg1-1ubuntu0.2 [3163 kB]
Get:60 http://archive.ubuntu.com/ubuntu noble/universe amd64 liba52-0.7.4 amd64 0.7.4-20build1 [35.3 kB]
Get:61 http://archive.ubuntu.com/ubuntu noble/universe amd64 libaacs0 amd64 0.11.1-2build1 [62.9 kB]
Get:62 http://archive.ubuntu.com/ubuntu noble/main amd64 libabw-0.1-1 amd64 0.1.3-1build4 [101 kB]
Get:63 http://archive.ubuntu.com/ubuntu noble/universe amd64 libaribb24-0t64 amd64 1.0.3-2.1build2 [31.0 kB]
Get:64 http://archive.ubuntu.com/ubuntu noble/universe amd64 libunibreak5 amd64 5.1-2build1 [25.0 kB]
Get:65 http://archive.ubuntu.com/ubuntu noble/universe amd64 libass9 amd64 1:0.17.1-2build1 [104 kB]
Get:66 http://archive.ubuntu.com/ubuntu noble/main amd64 libatk-wrapper-java all 0.40.0-3build2 [54.3 kB]
Get:67 http://archive.ubuntu.com/ubuntu noble/main amd64 libatk-wrapper-java-jni amd64 0.40.0-3build2 [46.4 kB]
Get:68 http://archive.ubuntu.com/ubuntu noble-updates/universe amd64 libva-drm2 amd64 2.20.0-2ubuntu0.2 [7124 B]
Get:69 http://archive.ubuntu.com/ubuntu noble-updates/universe amd64 libva-x11-2 amd64 2.20.0-2ubuntu0.2 [12.0 kB]
Get:70 http://archive.ubuntu.com/ubuntu noble/main amd64 libvdpau1 amd64 1.5-2build1 [27.8 kB]
Get:71 http://archive.ubuntu.com/ubuntu noble/universe amd64 libvpl2 amd64 2023.3.0-1build1 [99.8 kB]
Get:72 http://archive.ubuntu.com/ubuntu noble/universe amd64 ocl-icd-libopencl1 amd64 2.3.2-1build1 [38.5 kB]
Get:73 http://archive.ubuntu.com/ubuntu noble/universe amd64 libavutil58 amd64 7:6.1.1-3ubuntu5 [401 kB]
Get:74 http://archive.ubuntu.com/ubuntu noble/universe amd64 libcodec2-1.2 amd64 1.2.0-2build1 [8998 kB]
Get:75 http://archive.ubuntu.com/ubuntu noble/universe amd64 libdav1d7 amd64 1.4.1-1build1 [604 kB]
Get:76 http://archive.ubuntu.com/ubuntu noble/universe amd64 libgsm1 amd64 1.0.22-1build1 [27.8 kB]
Get:77 http://archive.ubuntu.com/ubuntu noble/universe amd64 libhwy1t64 amd64 1.0.7-8.1build1 [584 kB]
Get:78 http://archive.ubuntu.com/ubuntu noble-updates/universe amd64 libjxl0.7 amd64 0.7.0-10.2ubuntu6.1 [1001 kB]
Get:79 http://archive.ubuntu.com/ubuntu noble/universe amd64 librav1e0 amd64 0.7.1-2 [1022 kB]
Get:80 http://archive.ubuntu.com/ubuntu noble/universe amd64 libshine3 amd64 3.1.1-2build1 [23.2 kB]
Get:81 http://archive.ubuntu.com/ubuntu noble/main amd64 libsnappy1v5 amd64 1.1.10-1build1 [28.6 kB]
Get:82 http://archive.ubuntu.com/ubuntu noble/universe amd64 libsvtav1enc1d1 amd64 1.7.0+dfsg-2build1 [2425 kB]
Get:83 http://archive.ubuntu.com/ubuntu noble/universe amd64 libsoxr0 amd64 0.1.3-4build3 [80.0 kB]
Get:84 http://archive.ubuntu.com/ubuntu noble/universe amd64 libswresample4 amd64 7:6.1.1-3ubuntu5 [63.8 kB]
Get:85 http://archive.ubuntu.com/ubuntu noble/universe amd64 libx264-164 amd64 2:0.164.3108+git31e19f9-1 [604 kB]
Get:86 http://archive.ubuntu.com/ubuntu noble/universe amd64 libx265-199 amd64 3.5-2build1 [1226 kB]
Get:87 http://archive.ubuntu.com/ubuntu noble/universe amd64 libxvidcore4 amd64 2:1.3.7-1build1 [219 kB]
Get:88 http://archive.ubuntu.com/ubuntu noble/universe amd64 libzvbi-common all 0.2.42-2 [42.4 kB]
Get:89 http://archive.ubuntu.com/ubuntu noble/universe amd64 libzvbi0t64 amd64 0.2.42-2 [261 kB]
Get:90 http://archive.ubuntu.com/ubuntu noble/universe amd64 libavcodec60 amd64 7:6.1.1-3ubuntu5 [5851 kB]
Get:91 http://archive.ubuntu.com/ubuntu noble/universe amd64 libudfread0 amd64 1.1.2-1build1 [19.0 kB]
Get:92 http://archive.ubuntu.com/ubuntu noble/universe amd64 libbluray2 amd64 1:1.3.4-1build1 [159 kB]
Get:93 http://archive.ubuntu.com/ubuntu noble/universe amd64 libchromaprint1 amd64 1.5.1-5 [30.5 kB]
Get:94 http://archive.ubuntu.com/ubuntu noble/universe amd64 libgme0 amd64 0.6.3-7build1 [134 kB]
Get:95 http://archive.ubuntu.com/ubuntu noble/universe amd64 libopenmpt0t64 amd64 0.7.3-1.1build3 [647 kB]
Get:96 http://archive.ubuntu.com/ubuntu noble-updates/main amd64 librabbitmq4 amd64 0.11.0-1ubuntu0.2 [38.3 kB]
Get:97 http://archive.ubuntu.com/ubuntu noble/universe amd64 libcjson1 amd64 1.7.17-1 [24.8 kB]
Get:98 http://archive.ubuntu.com/ubuntu noble/universe amd64 libmbedcrypto7t64 amd64 2.28.8-1 [209 kB]
Get:99 http://archive.ubuntu.com/ubuntu noble/universe amd64 librist4 amd64 0.2.10+dfsg-2 [74.9 kB]
Get:100 http://archive.ubuntu.com/ubuntu noble/universe amd64 libsrt1.5-gnutls amd64 1.5.3-1build2 [316 kB]
Get:101 http://archive.ubuntu.com/ubuntu noble-updates/main amd64 libssh-gcrypt-4 amd64 0.10.6-2ubuntu0.5 [226 kB]
Get:102 http://archive.ubuntu.com/ubuntu noble/universe amd64 libnorm1t64 amd64 1.5.9+dfsg-3.1build1 [154 kB]
Get:103 http://archive.ubuntu.com/ubuntu noble/universe amd64 libpgm-5.3-0t64 amd64 5.3.128~dfsg-2.1build1 [167 kB]
Get:104 http://archive.ubuntu.com/ubuntu noble/universe amd64 libzmq5 amd64 4.3.5-1build2 [260 kB]
Get:105 http://archive.ubuntu.com/ubuntu noble/universe amd64 libavformat60 amd64 7:6.1.1-3ubuntu5 [1153 kB]
Get:106 http://archive.ubuntu.com/ubuntu noble/universe amd64 libbdplus0 amd64 0.2.0-3build1 [52.2 kB]
Get:107 http://archive.ubuntu.com/ubuntu noble/universe amd64 libbsh-java all 2.0b4-20 [289 kB]
Get:108 http://archive.ubuntu.com/ubuntu noble/universe amd64 libcddb2 amd64 1.3.2-7fakesync1build1 [35.4 kB]
Get:109 http://archive.ubuntu.com/ubuntu noble/main amd64 libcdr-0.1-1 amd64 0.1.7-1build2 [389 kB]
Get:110 http://archive.ubuntu.com/ubuntu noble/main amd64 libsuitesparseconfig7 amd64 1:7.6.1+dfsg-1build1 [12.9 kB]
Get:111 http://archive.ubuntu.com/ubuntu noble/main amd64 libcolamd3 amd64 1:7.6.1+dfsg-1build1 [19.4 kB]
Get:112 http://archive.ubuntu.com/ubuntu noble/universe amd64 libdc1394-25 amd64 2.2.6-4build1 [90.1 kB]
Get:113 http://archive.ubuntu.com/ubuntu noble/universe amd64 libdvbpsi10 amd64 1.3.3-1build1 [50.4 kB]
Get:114 http://archive.ubuntu.com/ubuntu noble/universe amd64 libdvdread8t64 amd64 6.1.3-1.1build1 [54.7 kB]
Get:115 http://archive.ubuntu.com/ubuntu noble/universe amd64 libdvdnav4 amd64 6.1.1-3build1 [39.5 kB]
Get:116 http://archive.ubuntu.com/ubuntu noble/main amd64 libe-book-0.1-1 amd64 0.1.3-2build6 [149 kB]
Get:117 http://archive.ubuntu.com/ubuntu noble/universe amd64 libebml5 amd64 1.4.5-1 [49.1 kB]
Get:118 http://archive.ubuntu.com/ubuntu noble/universe amd64 libel-api-java all 3.0.0-3 [64.9 kB]
Get:119 http://archive.ubuntu.com/ubuntu noble/main amd64 libepubgen-0.1-1 amd64 0.1.1-1ubuntu6 [122 kB]
Get:120 http://archive.ubuntu.com/ubuntu noble/main amd64 libetonyek-0.1-1 amd64 0.1.10-5build1 [637 kB]
Get:121 http://archive.ubuntu.com/ubuntu noble/universe amd64 libfaad2 amd64 2.11.1-1build1 [207 kB]
Get:122 http://archive.ubuntu.com/ubuntu noble/main amd64 libfreehand-0.1-1 amd64 0.1.2-3build3 [269 kB]
Get:123 http://archive.ubuntu.com/ubuntu noble/universe amd64 libservlet-api-java all 4.0.1-2 [81.0 kB]
Get:124 http://archive.ubuntu.com/ubuntu noble/universe amd64 libjsp-api-java all 2.3.4-3 [53.7 kB]
Get:125 http://archive.ubuntu.com/ubuntu noble/universe amd64 libwebsocket-api-java all 1.1-2 [40.1 kB]
Get:126 http://archive.ubuntu.com/ubuntu noble/universe amd64 libservlet3.1-java all 1:4.0.1-2 [9276 B]
Get:127 http://archive.ubuntu.com/ubuntu noble/universe amd64 libhsqldb1.8.0-java all 1.8.0.10+dfsg-12 [776 kB]
Get:128 http://archive.ubuntu.com/ubuntu noble/universe amd64 libixml11t64 amd64 1:1.14.18-1.1ubuntu2 [25.3 kB]
Get:129 http://archive.ubuntu.com/ubuntu noble/universe amd64 libkate1 amd64 0.4.1-11build2 [45.3 kB]
Get:130 http://archive.ubuntu.com/ubuntu noble-updates/main amd64 libunoloader-java all 4:24.2.7-0ubuntu0.24.04.6 [50.0 kB]
Get:131 http://archive.ubuntu.com/ubuntu noble-updates/main amd64 ure-java amd64 4:24.2.7-0ubuntu0.24.04.6 [174 kB]
Get:132 http://archive.ubuntu.com/ubuntu noble-updates/main amd64 liblibreoffice-java all 4:24.2.7-0ubuntu0.24.04.6 [1617 kB]
Get:133 http://archive.ubuntu.com/ubuntu noble/main amd64 liblirc-client0t64 amd64 0.10.2-0.8build1 [25.0 kB]
Get:134 http://archive.ubuntu.com/ubuntu noble/universe amd64 liblua5.2-0 amd64 5.2.4-3build2 [123 kB]
Get:135 http://archive.ubuntu.com/ubuntu noble/universe amd64 libmad0 amd64 0.15.1b-10.2ubuntu1 [65.5 kB]
Get:136 http://archive.ubuntu.com/ubuntu noble/universe amd64 libmatroska7 amd64 1.7.1-1build1 [123 kB]
Get:137 http://archive.ubuntu.com/ubuntu noble/universe amd64 libmpcdec6 amd64 2:0.1~r495-2build1 [32.7 kB]
Get:138 http://archive.ubuntu.com/ubuntu noble/universe amd64 libmpeg2-4 amd64 0.5.1-9build1 [54.8 kB]
Get:139 http://archive.ubuntu.com/ubuntu noble/main amd64 libmspub-0.1-1 amd64 0.1.4-3build7 [145 kB]
Get:140 http://archive.ubuntu.com/ubuntu noble/main amd64 libmwaw-0.3-3 amd64 0.3.22-1build1 [2455 kB]
Get:141 http://archive.ubuntu.com/ubuntu noble/universe amd64 libmysofa1 amd64 1.3.2+dfsg-2ubuntu2 [1158 kB]
Get:142 http://archive.ubuntu.com/ubuntu noble/main amd64 mysql-common all 5.8+1.1.0build1 [6746 B]
Get:143 http://archive.ubuntu.com/ubuntu noble-updates/main amd64 libmysqlclient21 amd64 8.0.46-0ubuntu0.24.04.4 [1255 kB]
Get:144 http://archive.ubuntu.com/ubuntu noble/main amd64 libnotify-bin amd64 0.8.3-1build2 [9936 B]
Get:145 http://archive.ubuntu.com/ubuntu noble/main amd64 libodfgen-0.1-1 amd64 0.1.8-2build3 [246 kB]
Get:146 http://archive.ubuntu.com/ubuntu noble/universe amd64 libopenmpt-modplug1 amd64 0.8.9.0-openmpt1-2build2 [23.1 kB]
Get:147 http://archive.ubuntu.com/ubuntu noble/main amd64 libpagemaker-0.0-0 amd64 0.0.4-1build4 [56.3 kB]
Get:148 http://archive.ubuntu.com/ubuntu noble/universe amd64 libpostproc57 amd64 7:6.1.1-3ubuntu5 [49.9 kB]
Get:149 http://archive.ubuntu.com/ubuntu noble-updates/main amd64 libpq5 amd64 16.15-0ubuntu0.24.04.1 [151 kB]
Get:150 http://archive.ubuntu.com/ubuntu noble-updates/main amd64 libprotobuf-lite32t64 amd64 3.21.12-8.2ubuntu0.3 [238 kB]
Get:151 http://archive.ubuntu.com/ubuntu noble/universe amd64 libproxy-tools amd64 0.5.4-4build1 [7120 B]
Get:152 http://archive.ubuntu.com/ubuntu noble/universe amd64 libqt5x11extras5 amd64 5.15.13-1 [10.9 kB]
Get:153 http://archive.ubuntu.com/ubuntu noble-updates/main amd64 libreoffice-base-core amd64 4:24.2.7-0ubuntu0.24.04.6 [983 kB]
Get:154 http://archive.ubuntu.com/ubuntu noble-updates/universe amd64 libreoffice-base-drivers amd64 4:24.2.7-0ubuntu0.24.04.6 [598 kB]
Get:155 http://archive.ubuntu.com/ubuntu noble-updates/universe amd64 libreoffice-uiconfig-base all 4:24.2.7-0ubuntu0.24.04.6 [84.5 kB]
Get:156 http://archive.ubuntu.com/ubuntu noble-updates/universe amd64 libreoffice-base amd64 4:24.2.7-0ubuntu0.24.04.6 [1690 kB]
Get:157 http://archive.ubuntu.com/ubuntu noble-updates/main amd64 libreoffice-uiconfig-calc all 4:24.2.7-0ubuntu0.24.04.6 [193 kB]
Get:158 http://archive.ubuntu.com/ubuntu noble-updates/main amd64 lp-solve amd64 5.5.2.5-2ubuntu0.1 [314 kB]
Get:159 http://archive.ubuntu.com/ubuntu noble/main amd64 libwps-0.4-4 amd64 0.4.14-2build1 [819 kB]
Get:160 http://archive.ubuntu.com/ubuntu noble-updates/main amd64 libreoffice-calc amd64 4:24.2.7-0ubuntu0.24.04.6 [8793 kB]
Get:161 http://archive.ubuntu.com/ubuntu noble-updates/main amd64 libreoffice-uiconfig-draw all 4:24.2.7-0ubuntu0.24.04.6 [112 kB]
Get:162 http://archive.ubuntu.com/ubuntu noble-updates/main amd64 libreoffice-uiconfig-impress all 4:24.2.7-0ubuntu0.24.04.6 [165 kB]
Get:163 http://archive.ubuntu.com/ubuntu noble/main amd64 libvisio-0.1-1 amd64 0.1.7-1build9 [237 kB]
Get:164 http://archive.ubuntu.com/ubuntu noble/main amd64 libwpd-0.10-10 amd64 0.10.3-2build2 [206 kB]
Get:165 http://archive.ubuntu.com/ubuntu noble/main amd64 libwpg-0.3-3 amd64 0.3.4-3build1 [51.8 kB]
Get:166 http://archive.ubuntu.com/ubuntu noble-updates/main amd64 libreoffice-draw amd64 4:24.2.7-0ubuntu0.24.04.6 [3621 kB]
Get:167 http://archive.ubuntu.com/ubuntu noble-updates/main amd64 libreoffice-impress amd64 4:24.2.7-0ubuntu0.24.04.6 [903 kB]
Get:168 http://archive.ubuntu.com/ubuntu noble-updates/main amd64 libreoffice-uiconfig-math all 4:24.2.7-0ubuntu0.24.04.6 [60.4 kB]
Get:169 http://archive.ubuntu.com/ubuntu noble-updates/main amd64 libreoffice-math amd64 4:24.2.7-0ubuntu0.24.04.6 [578 kB]
Get:170 http://archive.ubuntu.com/ubuntu noble-updates/universe amd64 libreoffice-report-builder-bin amd64 4:24.2.7-0ubuntu0.24.04.6 [988 kB]
Get:171 http://archive.ubuntu.com/ubuntu noble-updates/main amd64 libreoffice-uiconfig-writer all 4:24.2.7-0ubuntu0.24.04.6 [265 kB]
Get:172 http://archive.ubuntu.com/ubuntu noble-updates/main amd64 libreoffice-writer amd64 4:24.2.7-0ubuntu0.24.04.6 [11.0 MB]
Get:173 http://archive.ubuntu.com/ubuntu noble-updates/universe amd64 libreoffice amd64 4:24.2.7-0ubuntu0.24.04.6 [14.9 kB]
Get:174 http://archive.ubuntu.com/ubuntu noble-updates/main amd64 libreoffice-gnome amd64 4:24.2.7-0ubuntu0.24.04.6 [73.8 kB]
Get:175 http://archive.ubuntu.com/ubuntu noble-updates/main amd64 libreoffice-gtk3 amd64 4:24.2.7-0ubuntu0.24.04.6 [516 kB]
Get:176 http://archive.ubuntu.com/ubuntu noble-updates/main amd64 libreoffice-java-common all 4:24.2.7-0ubuntu0.24.04.6 [631 kB]
Get:177 http://archive.ubuntu.com/ubuntu noble-updates/universe amd64 libreoffice-uiconfig-report-builder all 4:24.2.7-0ubuntu0.24.04.6 [54.8 kB]
Get:178 http://archive.ubuntu.com/ubuntu noble-updates/universe amd64 libreoffice-report-builder all 4:24.2.7-0ubuntu0.24.04.6 [2127 kB]
Get:179 http://archive.ubuntu.com/ubuntu noble-updates/universe amd64 libreoffice-script-provider-bsh all 4:24.2.7-0ubuntu0.24.04.6 [41.4 kB]
Get:180 http://archive.ubuntu.com/ubuntu noble-updates/universe amd64 libreoffice-script-provider-js all 4:24.2.7-0ubuntu0.24.04.6 [652 kB]
Get:181 http://archive.ubuntu.com/ubuntu noble-updates/universe amd64 libreoffice-script-provider-python all 4:24.2.7-0ubuntu0.24.04.6 [18.3 kB]
Get:182 http://archive.ubuntu.com/ubuntu noble-updates/universe amd64 libreoffice-sdbc-firebird amd64 4:24.2.7-0ubuntu0.24.04.6 [169 kB]
Get:183 http://archive.ubuntu.com/ubuntu noble-updates/universe amd64 libreoffice-sdbc-hsqldb amd64 4:24.2.7-0ubuntu0.24.04.6 [134 kB]
Get:184 http://archive.ubuntu.com/ubuntu noble-updates/universe amd64 libreoffice-sdbc-mysql amd64 4:24.2.7-0ubuntu0.24.04.6 [170 kB]
Get:185 http://archive.ubuntu.com/ubuntu noble-updates/universe amd64 libreoffice-sdbc-postgresql amd64 4:24.2.7-0ubuntu0.24.04.6 [280 kB]
Get:186 http://archive.ubuntu.com/ubuntu noble-updates/main amd64 libreoffice-style-elementary all 4:24.2.7-0ubuntu0.24.04.6 [8186 kB]
Get:187 http://archive.ubuntu.com/ubuntu noble-updates/main amd64 libreoffice-style-yaru all 4:24.2.7-0ubuntu0.24.04.6 [10.9 MB]
Get:188 http://archive.ubuntu.com/ubuntu noble-updates/universe amd64 libreoffice-wiki-publisher all 4:1.2.0+LibO24.2.7-0ubuntu0.24.04.6 [1499 kB]
Get:189 http://archive.ubuntu.com/ubuntu noble/universe amd64 libresid-builder0c2a amd64 2.1.1-15ubuntu3 [31.7 kB]
Get:190 http://archive.ubuntu.com/ubuntu noble/main amd64 libsamplerate0 amd64 0.2.2-4build1 [1344 kB]
Get:191 http://archive.ubuntu.com/ubuntu noble/universe amd64 libsidplay2 amd64 2.1.1-15ubuntu3 [99.1 kB]
Get:192 http://archive.ubuntu.com/ubuntu noble/universe amd64 libspatialaudio0t64 amd64 0.3.0+git20180730+dfsg1-2.1build1 [36.0 kB]
Get:193 http://archive.ubuntu.com/ubuntu noble-updates/main amd64 libssh2-1t64 amd64 1.11.0-4.1ubuntu0.24.04.4 [121 kB]
Get:194 http://archive.ubuntu.com/ubuntu noble/universe amd64 libswscale7 amd64 7:6.1.1-3ubuntu5 [193 kB]
Get:195 http://archive.ubuntu.com/ubuntu noble/universe amd64 libupnp17t64 amd64 1:1.14.18-1.1ubuntu2 [96.5 kB]
Get:196 http://archive.ubuntu.com/ubuntu noble-updates/universe amd64 libva-wayland2 amd64 2.20.0-2ubuntu0.2 [10.9 kB]
Get:197 http://archive.ubuntu.com/ubuntu noble/universe amd64 libvlccore9 amd64 3.0.20-3build6 [475 kB]
Get:198 http://archive.ubuntu.com/ubuntu noble/universe amd64 libvlc5 amd64 3.0.20-3build6 [73.9 kB]
Get:199 http://archive.ubuntu.com/ubuntu noble/universe amd64 libvlc-bin amd64 3.0.20-3build6 [17.7 kB]
Get:200 http://archive.ubuntu.com/ubuntu noble-updates/main amd64 libvncclient1 amd64 0.9.14+dfsg-1ubuntu0.2 [76.9 kB]
Get:201 http://archive.ubuntu.com/ubuntu noble/main amd64 libxcb-composite0 amd64 1.15-1ubuntu2 [5304 B]
Get:202 http://archive.ubuntu.com/ubuntu noble-updates/universe amd64 mesa-va-drivers amd64 25.2.8-0ubuntu0.24.04.2 [6784 B]
Get:203 http://archive.ubuntu.com/ubuntu noble-updates/main amd64 mesa-vdpau-drivers amd64 25.2.8-0ubuntu0.24.04.2 [23.2 kB]
Get:204 http://archive.ubuntu.com/ubuntu noble/main amd64 mythes-en-us all 1:24.2.1-1 [3203 kB]
Get:205 http://archive.ubuntu.com/ubuntu noble-updates/universe amd64 i965-va-driver amd64 2.4.1+dfsg1-1ubuntu0.2 [332 kB]
Get:206 http://archive.ubuntu.com/ubuntu noble-updates/universe amd64 va-driver-all amd64 2.20.0-2ubuntu0.2 [5014 B]
Get:207 http://archive.ubuntu.com/ubuntu noble/main amd64 vdpau-driver-all amd64 1.5-2build1 [4414 B]
Get:208 http://archive.ubuntu.com/ubuntu noble/universe amd64 vlc-bin amd64 3.0.20-3build6 [55.6 kB]
Get:209 http://archive.ubuntu.com/ubuntu noble/universe amd64 vlc-data all 3.0.20-3build6 [354 kB]
Get:210 http://archive.ubuntu.com/ubuntu noble/universe amd64 libdca0 amd64 0.0.7-2build1 [93.8 kB]
Get:211 http://archive.ubuntu.com/ubuntu noble/universe amd64 vlc-plugin-base amd64 3.0.20-3build6 [3138 kB]
Get:212 http://archive.ubuntu.com/ubuntu noble/universe amd64 vlc-plugin-qt amd64 3.0.20-3build6 [1106 kB]
Get:213 http://archive.ubuntu.com/ubuntu noble/universe amd64 vlc-plugin-video-output amd64 3.0.20-3build6 [159 kB]
Get:214 http://archive.ubuntu.com/ubuntu noble/universe amd64 vlc amd64 3.0.20-3build6 [36.6 kB]
Get:215 http://archive.ubuntu.com/ubuntu noble/universe amd64 vlc-l10n all 3.0.20-3build6 [6512 kB]
Get:216 http://archive.ubuntu.com/ubuntu noble/universe amd64 vlc-plugin-access-extra amd64 3.0.20-3build6 [35.7 kB]
Get:217 http://archive.ubuntu.com/ubuntu noble/universe amd64 vlc-plugin-notify amd64 3.0.20-3build6 [19.1 kB]
Get:218 http://archive.ubuntu.com/ubuntu noble/universe amd64 vlc-plugin-samba amd64 3.0.20-3build6 [19.8 kB]
Get:219 http://archive.ubuntu.com/ubuntu noble/universe amd64 vlc-plugin-skins2 amd64 3.0.20-3build6 [479 kB]
Get:220 http://archive.ubuntu.com/ubuntu noble/universe amd64 vlc-plugin-video-splitter amd64 3.0.20-3build6 [46.9 kB]
Get:221 http://archive.ubuntu.com/ubuntu noble/universe amd64 vlc-plugin-visualization amd64 3.0.20-3build6 [44.3 kB]
Get:222 http://archive.ubuntu.com/ubuntu noble-updates/main amd64 libreoffice-nlpsolver all 4:0.9+LibO24.2.7-0ubuntu0.24.04.6 [744 kB]
Fetched 338 MB in 11s (31.3 MB/s)
Selecting previously unselected package libreoffice-style-colibre.
(Reading database ... (Reading database ... 5%(Reading database ... 10%(Reading database ... 15%(Reading database ... 20%(Reading database ... 25%(Reading database ... 30%(Reading database ... 35%(Reading database ... 40%(Reading database ... 45%(Reading database ... 50%(Reading database ... 55%(Reading database ... 60%(Reading database ... 65%(Reading database ... 70%(Reading database ... 75%(Reading database ... 80%(Reading database ... 85%(Reading database ... 90%(Reading database ... 95%(Reading database ... 100%(Reading database ... 242274 files and directories currently installed.)
Preparing to unpack .../000-libreoffice-style-colibre_4%3a24.2.7-0ubuntu0.24.04.6_all.deb ...
Unpacking libreoffice-style-colibre (4:24.2.7-0ubuntu0.24.04.6) ...
Selecting previously unselected package libreoffice-uiconfig-common.
Preparing to unpack .../001-libreoffice-uiconfig-common_4%3a24.2.7-0ubuntu0.24.04.6_all.deb ...
Unpacking libreoffice-uiconfig-common (4:24.2.7-0ubuntu0.24.04.6) ...
Selecting previously unselected package libuno-sal3t64.
Preparing to unpack .../002-libuno-sal3t64_4%3a24.2.7-0ubuntu0.24.04.6_amd64.deb ...
Unpacking libuno-sal3t64 (4:24.2.7-0ubuntu0.24.04.6) ...
Selecting previously unselected package libuno-salhelpergcc3-3t64.
Preparing to unpack .../003-libuno-salhelpergcc3-3t64_4%3a24.2.7-0ubuntu0.24.04.6_amd64.deb ...
Unpacking libuno-salhelpergcc3-3t64 (4:24.2.7-0ubuntu0.24.04.6) ...
Selecting previously unselected package libuno-cppu3t64.
Preparing to unpack .../004-libuno-cppu3t64_4%3a24.2.7-0ubuntu0.24.04.6_amd64.deb ...
Unpacking libuno-cppu3t64 (4:24.2.7-0ubuntu0.24.04.6) ...
Selecting previously unselected package uno-libs-private.
Preparing to unpack .../005-uno-libs-private_4%3a24.2.7-0ubuntu0.24.04.6_amd64.deb ...
Unpacking uno-libs-private (4:24.2.7-0ubuntu0.24.04.6) ...
Selecting previously unselected package liblangtag-common.
Preparing to unpack .../006-liblangtag-common_0.6.7-1build2_all.deb ...
Unpacking liblangtag-common (0.6.7-1build2) ...
Selecting previously unselected package liblangtag1:amd64.
Preparing to unpack .../007-liblangtag1_0.6.7-1build2_amd64.deb ...
Unpacking liblangtag1:amd64 (0.6.7-1build2) ...
Selecting previously unselected package libuno-cppuhelpergcc3-3t64.
Preparing to unpack .../008-libuno-cppuhelpergcc3-3t64_4%3a24.2.7-0ubuntu0.24.04.6_amd64.deb ...
Unpacking libuno-cppuhelpergcc3-3t64 (4:24.2.7-0ubuntu0.24.04.6) ...
Selecting previously unselected package libuno-purpenvhelpergcc3-3t64.
Preparing to unpack .../009-libuno-purpenvhelpergcc3-3t64_4%3a24.2.7-0ubuntu0.24.04.6_amd64.deb ...
Unpacking libuno-purpenvhelpergcc3-3t64 (4:24.2.7-0ubuntu0.24.04.6) ...
Selecting previously unselected package ure.
Preparing to unpack .../010-ure_4%3a24.2.7-0ubuntu0.24.04.6_amd64.deb ...
Unpacking ure (4:24.2.7-0ubuntu0.24.04.6) ...
Selecting previously unselected package libreoffice-common.
Preparing to unpack .../011-libreoffice-common_4%3a24.2.7-0ubuntu0.24.04.6_all.deb ...
Unpacking libreoffice-common (4:24.2.7-0ubuntu0.24.04.6) ...
Selecting previously unselected package fonts-opensymbol.
Preparing to unpack .../012-fonts-opensymbol_4%3a102.12+LibO24.2.7-0ubuntu0.24.04.6_all.deb ...
Unpacking fonts-opensymbol (4:102.12+LibO24.2.7-0ubuntu0.24.04.6) ...
Selecting previously unselected package libboost-thread1.83.0:amd64.
Preparing to unpack .../013-libboost-thread1.83.0_1.83.0-2.1ubuntu3.2_amd64.deb ...
Unpacking libboost-thread1.83.0:amd64 (1.83.0-2.1ubuntu3.2) ...
Selecting previously unselected package libboost-locale1.83.0:amd64.
Preparing to unpack .../014-libboost-locale1.83.0_1.83.0-2.1ubuntu3.2_amd64.deb ...
Unpacking libboost-locale1.83.0:amd64 (1.83.0-2.1ubuntu3.2) ...
Selecting previously unselected package libclucene-core1t64:amd64.
Preparing to unpack .../015-libclucene-core1t64_2.3.3.4+dfsg-1.2ubuntu2_amd64.deb ...
Unpacking libclucene-core1t64:amd64 (2.3.3.4+dfsg-1.2ubuntu2) ...
Selecting previously unselected package libclucene-contribs1t64:amd64.
Preparing to unpack .../016-libclucene-contribs1t64_2.3.3.4+dfsg-1.2ubuntu2_amd64.deb ...
Unpacking libclucene-contribs1t64:amd64 (2.3.3.4+dfsg-1.2ubuntu2) ...
Selecting previously unselected package libeot0:amd64.
Preparing to unpack .../017-libeot0_0.01-5build3_amd64.deb ...
Unpacking libeot0:amd64 (0.01-5build3) ...
Selecting previously unselected package libexttextcat-data.
Preparing to unpack .../018-libexttextcat-data_3.4.7-1build1_all.deb ...
Unpacking libexttextcat-data (3.4.7-1build1) ...
Selecting previously unselected package libexttextcat-2.0-0:amd64.
Preparing to unpack .../019-libexttextcat-2.0-0_3.4.7-1build1_amd64.deb ...
Unpacking libexttextcat-2.0-0:amd64 (3.4.7-1build1) ...
Selecting previously unselected package libgpgmepp6t64:amd64.
Preparing to unpack .../020-libgpgmepp6t64_1.18.0-4.1ubuntu4_amd64.deb ...
Unpacking libgpgmepp6t64:amd64 (1.18.0-4.1ubuntu4) ...
Selecting previously unselected package libmythes-1.2-0:amd64.
Preparing to unpack .../021-libmythes-1.2-0_2%3a1.2.5-1build1_amd64.deb ...
Unpacking libmythes-1.2-0:amd64 (2:1.2.5-1build1) ...
Selecting previously unselected package libboost-iostreams1.83.0:amd64.
Preparing to unpack .../022-libboost-iostreams1.83.0_1.83.0-2.1ubuntu3.2_amd64.deb ...
Unpacking libboost-iostreams1.83.0:amd64 (1.83.0-2.1ubuntu3.2) ...
Selecting previously unselected package liborcus-parser-0.18-0:amd64.
Preparing to unpack .../023-liborcus-parser-0.18-0_0.19.2-3build3_amd64.deb ...
Unpacking liborcus-parser-0.18-0:amd64 (0.19.2-3build3) ...
Selecting previously unselected package liborcus-0.18-0:amd64.
Preparing to unpack .../024-liborcus-0.18-0_0.19.2-3build3_amd64.deb ...
Unpacking liborcus-0.18-0:amd64 (0.19.2-3build3) ...
Selecting previously unselected package libyajl2:amd64.
Preparing to unpack .../025-libyajl2_2.1.0-5build1_amd64.deb ...
Unpacking libyajl2:amd64 (2.1.0-5build1) ...
Selecting previously unselected package libraptor2-0:amd64.
Preparing to unpack .../026-libraptor2-0_2.0.16-3ubuntu0.1_amd64.deb ...
Unpacking libraptor2-0:amd64 (2.0.16-3ubuntu0.1) ...
Selecting previously unselected package libmhash2:amd64.
Preparing to unpack .../027-libmhash2_0.9.9.9-9build3_amd64.deb ...
Unpacking libmhash2:amd64 (0.9.9.9-9build3) ...
Selecting previously unselected package librasqal3t64:amd64.
Preparing to unpack .../028-librasqal3t64_0.9.33-2.1build1_amd64.deb ...
Unpacking librasqal3t64:amd64 (0.9.33-2.1build1) ...
Selecting previously unselected package librdf0t64:amd64.
Preparing to unpack .../029-librdf0t64_1.0.17-3.1ubuntu3_amd64.deb ...
Unpacking librdf0t64:amd64 (1.0.17-3.1ubuntu3) ...
Selecting previously unselected package librevenge-0.0-0:amd64.
Preparing to unpack .../030-librevenge-0.0-0_0.0.5-3build1_amd64.deb ...
Unpacking librevenge-0.0-0:amd64 (0.0.5-3build1) ...
Selecting previously unselected package libxmlsec1t64-nss:amd64.
Preparing to unpack .../031-libxmlsec1t64-nss_1.2.39-5build2_amd64.deb ...
Unpacking libxmlsec1t64-nss:amd64 (1.2.39-5build2) ...
Selecting previously unselected package libreoffice-core.
Preparing to unpack .../032-libreoffice-core_4%3a24.2.7-0ubuntu0.24.04.6_amd64.deb ...
Unpacking libreoffice-core (4:24.2.7-0ubuntu0.24.04.6) ...
Selecting previously unselected package python3-uno.
Preparing to unpack .../033-python3-uno_4%3a24.2.7-0ubuntu0.24.04.6_amd64.deb ...
Unpacking python3-uno (4:24.2.7-0ubuntu0.24.04.6) ...
Selecting previously unselected package ca-certificates-java.
Preparing to unpack .../034-ca-certificates-java_20240118_all.deb ...
Unpacking ca-certificates-java (20240118) ...
Selecting previously unselected package java-common.
Preparing to unpack .../035-java-common_0.75+exp1_all.deb ...
Unpacking java-common (0.75+exp1) ...
Selecting previously unselected package openjdk-21-jre-headless:amd64.
Preparing to unpack .../036-openjdk-21-jre-headless_21.0.12+8-1~24.04_amd64.deb ...
Unpacking openjdk-21-jre-headless:amd64 (21.0.12+8-1~24.04) ...
Selecting previously unselected package default-jre-headless.
Preparing to unpack .../037-default-jre-headless_2%3a1.21-75+exp1_amd64.deb ...
Unpacking default-jre-headless (2:1.21-75+exp1) ...
Selecting previously unselected package openjdk-21-jre:amd64.
Preparing to unpack .../038-openjdk-21-jre_21.0.12+8-1~24.04_amd64.deb ...
Unpacking openjdk-21-jre:amd64 (21.0.12+8-1~24.04) ...
Selecting previously unselected package default-jre.
Preparing to unpack .../039-default-jre_2%3a1.21-75+exp1_amd64.deb ...
Unpacking default-jre (2:1.21-75+exp1) ...
Selecting previously unselected package firebird3.0-common-doc.
Preparing to unpack .../040-firebird3.0-common-doc_3.0.11.33703.ds4-2ubuntu2_all.deb ...
Unpacking firebird3.0-common-doc (3.0.11.33703.ds4-2ubuntu2) ...
Selecting previously unselected package firebird3.0-common.
Preparing to unpack .../041-firebird3.0-common_3.0.11.33703.ds4-2ubuntu2_all.deb ...
Unpacking firebird3.0-common (3.0.11.33703.ds4-2ubuntu2) ...
Selecting previously unselected package libfbclient2:amd64.
Preparing to unpack .../042-libfbclient2_3.0.11.33703.ds4-2ubuntu2_amd64.deb ...
Unpacking libfbclient2:amd64 (3.0.11.33703.ds4-2ubuntu2) ...
Selecting previously unselected package libib-util:amd64.
Preparing to unpack .../043-libib-util_3.0.11.33703.ds4-2ubuntu2_amd64.deb ...
Unpacking libib-util:amd64 (3.0.11.33703.ds4-2ubuntu2) ...
Selecting previously unselected package firebird3.0-server-core:amd64.
Preparing to unpack .../044-firebird3.0-server-core_3.0.11.33703.ds4-2ubuntu2_amd64.deb ...
Unpacking firebird3.0-server-core:amd64 (3.0.11.33703.ds4-2ubuntu2) ...
Selecting previously unselected package firebird3.0-utils.
Preparing to unpack .../045-firebird3.0-utils_3.0.11.33703.ds4-2ubuntu2_amd64.deb ...
Unpacking firebird3.0-utils (3.0.11.33703.ds4-2ubuntu2) ...
Selecting previously unselected package libostree-1-1:amd64.
Preparing to unpack .../046-libostree-1-1_2024.5-1build2_amd64.deb ...
Unpacking libostree-1-1:amd64 (2024.5-1build2) ...
Selecting previously unselected package flatpak.
Preparing to unpack .../047-flatpak_1.14.6-1ubuntu0.1_amd64.deb ...
Unpacking flatpak (1.14.6-1ubuntu0.1) ...
Selecting previously unselected package fonts-freefont-ttf.
Preparing to unpack .../048-fonts-freefont-ttf_20211204+svn4273-2_all.deb ...
Unpacking fonts-freefont-ttf (20211204+svn4273-2) ...
Selecting previously unselected package fonts-linuxlibertine.
Preparing to unpack .../049-fonts-linuxlibertine_5.3.0-6_all.deb ...
Unpacking fonts-linuxlibertine (5.3.0-6) ...
Selecting previously unselected package fonts-noto-extra.
Preparing to unpack .../050-fonts-noto-extra_20201225-2_all.deb ...
Unpacking fonts-noto-extra (20201225-2) ...
Selecting previously unselected package fonts-noto-ui-core.
Preparing to unpack .../051-fonts-noto-ui-core_20201225-2_all.deb ...
Unpacking fonts-noto-ui-core (20201225-2) ...
Selecting previously unselected package fonts-sil-gentium.
Preparing to unpack .../052-fonts-sil-gentium_20081126%3a1.03-4_all.deb ...
Unpacking fonts-sil-gentium (20081126:1.03-4) ...
Selecting previously unselected package fonts-sil-gentium-basic.
Preparing to unpack .../053-fonts-sil-gentium-basic_1.102-1.1_all.deb ...
Unpacking fonts-sil-gentium-basic (1.102-1.1) ...
Selecting previously unselected package hunspell-en-gb.
Preparing to unpack .../054-hunspell-en-gb_1%3a24.2.1-1_all.deb ...
Unpacking hunspell-en-gb (1:24.2.1-1) ...
Selecting previously unselected package hyphen-en-us.
Preparing to unpack .../055-hyphen-en-us_2.8.8-7build3_all.deb ...
Unpacking hyphen-en-us (2.8.8-7build3) ...
Selecting previously unselected package libva2:amd64.
Preparing to unpack .../056-libva2_2.20.0-2ubuntu0.2_amd64.deb ...
Unpacking libva2:amd64 (2.20.0-2ubuntu0.2) ...
Selecting previously unselected package libigdgmm12:amd64.
Preparing to unpack .../057-libigdgmm12_22.3.17+ds1-1ubuntu1_amd64.deb ...
Unpacking libigdgmm12:amd64 (22.3.17+ds1-1ubuntu1) ...
Selecting previously unselected package intel-media-va-driver:amd64.
Preparing to unpack .../058-intel-media-va-driver_24.1.0+dfsg1-1ubuntu0.2_amd64.deb ...
Unpacking intel-media-va-driver:amd64 (24.1.0+dfsg1-1ubuntu0.2) ...
Selecting previously unselected package liba52-0.7.4:amd64.
Preparing to unpack .../059-liba52-0.7.4_0.7.4-20build1_amd64.deb ...
Unpacking liba52-0.7.4:amd64 (0.7.4-20build1) ...
Selecting previously unselected package libaacs0:amd64.
Preparing to unpack .../060-libaacs0_0.11.1-2build1_amd64.deb ...
Unpacking libaacs0:amd64 (0.11.1-2build1) ...
Selecting previously unselected package libabw-0.1-1:amd64.
Preparing to unpack .../061-libabw-0.1-1_0.1.3-1build4_amd64.deb ...
Unpacking libabw-0.1-1:amd64 (0.1.3-1build4) ...
Selecting previously unselected package libaribb24-0t64:amd64.
Preparing to unpack .../062-libaribb24-0t64_1.0.3-2.1build2_amd64.deb ...
Unpacking libaribb24-0t64:amd64 (1.0.3-2.1build2) ...
Selecting previously unselected package libunibreak5:amd64.
Preparing to unpack .../063-libunibreak5_5.1-2build1_amd64.deb ...
Unpacking libunibreak5:amd64 (5.1-2build1) ...
Selecting previously unselected package libass9:amd64.
Preparing to unpack .../064-libass9_1%3a0.17.1-2build1_amd64.deb ...
Unpacking libass9:amd64 (1:0.17.1-2build1) ...
Selecting previously unselected package libatk-wrapper-java.
Preparing to unpack .../065-libatk-wrapper-java_0.40.0-3build2_all.deb ...
Unpacking libatk-wrapper-java (0.40.0-3build2) ...
Selecting previously unselected package libatk-wrapper-java-jni:amd64.
Preparing to unpack .../066-libatk-wrapper-java-jni_0.40.0-3build2_amd64.deb ...
Unpacking libatk-wrapper-java-jni:amd64 (0.40.0-3build2) ...
Selecting previously unselected package libva-drm2:amd64.
Preparing to unpack .../067-libva-drm2_2.20.0-2ubuntu0.2_amd64.deb ...
Unpacking libva-drm2:amd64 (2.20.0-2ubuntu0.2) ...
Selecting previously unselected package libva-x11-2:amd64.
Preparing to unpack .../068-libva-x11-2_2.20.0-2ubuntu0.2_amd64.deb ...
Unpacking libva-x11-2:amd64 (2.20.0-2ubuntu0.2) ...
Selecting previously unselected package libvdpau1:amd64.
Preparing to unpack .../069-libvdpau1_1.5-2build1_amd64.deb ...
Unpacking libvdpau1:amd64 (1.5-2build1) ...
Selecting previously unselected package libvpl2.
Preparing to unpack .../070-libvpl2_2023.3.0-1build1_amd64.deb ...
Unpacking libvpl2 (2023.3.0-1build1) ...
Selecting previously unselected package ocl-icd-libopencl1:amd64.
Preparing to unpack .../071-ocl-icd-libopencl1_2.3.2-1build1_amd64.deb ...
Unpacking ocl-icd-libopencl1:amd64 (2.3.2-1build1) ...
Selecting previously unselected package libavutil58:amd64.
Preparing to unpack .../072-libavutil58_7%3a6.1.1-3ubuntu5_amd64.deb ...
Unpacking libavutil58:amd64 (7:6.1.1-3ubuntu5) ...
Selecting previously unselected package libcodec2-1.2:amd64.
Preparing to unpack .../073-libcodec2-1.2_1.2.0-2build1_amd64.deb ...
Unpacking libcodec2-1.2:amd64 (1.2.0-2build1) ...
Selecting previously unselected package libdav1d7:amd64.
Preparing to unpack .../074-libdav1d7_1.4.1-1build1_amd64.deb ...
Unpacking libdav1d7:amd64 (1.4.1-1build1) ...
Selecting previously unselected package libgsm1:amd64.
Preparing to unpack .../075-libgsm1_1.0.22-1build1_amd64.deb ...
Unpacking libgsm1:amd64 (1.0.22-1build1) ...
Selecting previously unselected package libhwy1t64:amd64.
Preparing to unpack .../076-libhwy1t64_1.0.7-8.1build1_amd64.deb ...
Unpacking libhwy1t64:amd64 (1.0.7-8.1build1) ...
Selecting previously unselected package libjxl0.7:amd64.
Preparing to unpack .../077-libjxl0.7_0.7.0-10.2ubuntu6.1_amd64.deb ...
Unpacking libjxl0.7:amd64 (0.7.0-10.2ubuntu6.1) ...
Selecting previously unselected package librav1e0:amd64.
Preparing to unpack .../078-librav1e0_0.7.1-2_amd64.deb ...
Unpacking librav1e0:amd64 (0.7.1-2) ...
Selecting previously unselected package libshine3:amd64.
Preparing to unpack .../079-libshine3_3.1.1-2build1_amd64.deb ...
Unpacking libshine3:amd64 (3.1.1-2build1) ...
Selecting previously unselected package libsnappy1v5:amd64.
Preparing to unpack .../080-libsnappy1v5_1.1.10-1build1_amd64.deb ...
Unpacking libsnappy1v5:amd64 (1.1.10-1build1) ...
Selecting previously unselected package libsvtav1enc1d1:amd64.
Preparing to unpack .../081-libsvtav1enc1d1_1.7.0+dfsg-2build1_amd64.deb ...
Unpacking libsvtav1enc1d1:amd64 (1.7.0+dfsg-2build1) ...
Selecting previously unselected package libsoxr0:amd64.
Preparing to unpack .../082-libsoxr0_0.1.3-4build3_amd64.deb ...
Unpacking libsoxr0:amd64 (0.1.3-4build3) ...
Selecting previously unselected package libswresample4:amd64.
Preparing to unpack .../083-libswresample4_7%3a6.1.1-3ubuntu5_amd64.deb ...
Unpacking libswresample4:amd64 (7:6.1.1-3ubuntu5) ...
Selecting previously unselected package libx264-164:amd64.
Preparing to unpack .../084-libx264-164_2%3a0.164.3108+git31e19f9-1_amd64.deb ...
Unpacking libx264-164:amd64 (2:0.164.3108+git31e19f9-1) ...
Selecting previously unselected package libx265-199:amd64.
Preparing to unpack .../085-libx265-199_3.5-2build1_amd64.deb ...
Unpacking libx265-199:amd64 (3.5-2build1) ...
Selecting previously unselected package libxvidcore4:amd64.
Preparing to unpack .../086-libxvidcore4_2%3a1.3.7-1build1_amd64.deb ...
Unpacking libxvidcore4:amd64 (2:1.3.7-1build1) ...
Selecting previously unselected package libzvbi-common.
Preparing to unpack .../087-libzvbi-common_0.2.42-2_all.deb ...
Unpacking libzvbi-common (0.2.42-2) ...
Selecting previously unselected package libzvbi0t64:amd64.
Preparing to unpack .../088-libzvbi0t64_0.2.42-2_amd64.deb ...
Unpacking libzvbi0t64:amd64 (0.2.42-2) ...
Selecting previously unselected package libavcodec60:amd64.
Preparing to unpack .../089-libavcodec60_7%3a6.1.1-3ubuntu5_amd64.deb ...
Unpacking libavcodec60:amd64 (7:6.1.1-3ubuntu5) ...
Selecting previously unselected package libudfread0:amd64.
Preparing to unpack .../090-libudfread0_1.1.2-1build1_amd64.deb ...
Unpacking libudfread0:amd64 (1.1.2-1build1) ...
Selecting previously unselected package libbluray2:amd64.
Preparing to unpack .../091-libbluray2_1%3a1.3.4-1build1_amd64.deb ...
Unpacking libbluray2:amd64 (1:1.3.4-1build1) ...
Selecting previously unselected package libchromaprint1:amd64.
Preparing to unpack .../092-libchromaprint1_1.5.1-5_amd64.deb ...
Unpacking libchromaprint1:amd64 (1.5.1-5) ...
Selecting previously unselected package libgme0:amd64.
Preparing to unpack .../093-libgme0_0.6.3-7build1_amd64.deb ...
Unpacking libgme0:amd64 (0.6.3-7build1) ...
Selecting previously unselected package libopenmpt0t64:amd64.
Preparing to unpack .../094-libopenmpt0t64_0.7.3-1.1build3_amd64.deb ...
Unpacking libopenmpt0t64:amd64 (0.7.3-1.1build3) ...
Selecting previously unselected package librabbitmq4:amd64.
Preparing to unpack .../095-librabbitmq4_0.11.0-1ubuntu0.2_amd64.deb ...
Unpacking librabbitmq4:amd64 (0.11.0-1ubuntu0.2) ...
Selecting previously unselected package libcjson1:amd64.
Preparing to unpack .../096-libcjson1_1.7.17-1_amd64.deb ...
Unpacking libcjson1:amd64 (1.7.17-1) ...
Selecting previously unselected package libmbedcrypto7t64:amd64.
Preparing to unpack .../097-libmbedcrypto7t64_2.28.8-1_amd64.deb ...
Unpacking libmbedcrypto7t64:amd64 (2.28.8-1) ...
Selecting previously unselected package librist4:amd64.
Preparing to unpack .../098-librist4_0.2.10+dfsg-2_amd64.deb ...
Unpacking librist4:amd64 (0.2.10+dfsg-2) ...
Selecting previously unselected package libsrt1.5-gnutls:amd64.
Preparing to unpack .../099-libsrt1.5-gnutls_1.5.3-1build2_amd64.deb ...
Unpacking libsrt1.5-gnutls:amd64 (1.5.3-1build2) ...
Selecting previously unselected package libssh-gcrypt-4:amd64.
Preparing to unpack .../100-libssh-gcrypt-4_0.10.6-2ubuntu0.5_amd64.deb ...
Unpacking libssh-gcrypt-4:amd64 (0.10.6-2ubuntu0.5) ...
Selecting previously unselected package libnorm1t64:amd64.
Preparing to unpack .../101-libnorm1t64_1.5.9+dfsg-3.1build1_amd64.deb ...
Unpacking libnorm1t64:amd64 (1.5.9+dfsg-3.1build1) ...
Selecting previously unselected package libpgm-5.3-0t64:amd64.
Preparing to unpack .../102-libpgm-5.3-0t64_5.3.128~dfsg-2.1build1_amd64.deb ...
Unpacking libpgm-5.3-0t64:amd64 (5.3.128~dfsg-2.1build1) ...
Selecting previously unselected package libzmq5:amd64.
Preparing to unpack .../103-libzmq5_4.3.5-1build2_amd64.deb ...
Unpacking libzmq5:amd64 (4.3.5-1build2) ...
Selecting previously unselected package libavformat60:amd64.
Preparing to unpack .../104-libavformat60_7%3a6.1.1-3ubuntu5_amd64.deb ...
Unpacking libavformat60:amd64 (7:6.1.1-3ubuntu5) ...
Selecting previously unselected package libbdplus0:amd64.
Preparing to unpack .../105-libbdplus0_0.2.0-3build1_amd64.deb ...
Unpacking libbdplus0:amd64 (0.2.0-3build1) ...
Selecting previously unselected package libbsh-java.
Preparing to unpack .../106-libbsh-java_2.0b4-20_all.deb ...
Unpacking libbsh-java (2.0b4-20) ...
Selecting previously unselected package libcddb2.
Preparing to unpack .../107-libcddb2_1.3.2-7fakesync1build1_amd64.deb ...
Unpacking libcddb2 (1.3.2-7fakesync1build1) ...
Selecting previously unselected package libcdr-0.1-1:amd64.
Preparing to unpack .../108-libcdr-0.1-1_0.1.7-1build2_amd64.deb ...
Unpacking libcdr-0.1-1:amd64 (0.1.7-1build2) ...
Selecting previously unselected package libsuitesparseconfig7:amd64.
Preparing to unpack .../109-libsuitesparseconfig7_1%3a7.6.1+dfsg-1build1_amd64.deb ...
Unpacking libsuitesparseconfig7:amd64 (1:7.6.1+dfsg-1build1) ...
Selecting previously unselected package libcolamd3:amd64.
Preparing to unpack .../110-libcolamd3_1%3a7.6.1+dfsg-1build1_amd64.deb ...
Unpacking libcolamd3:amd64 (1:7.6.1+dfsg-1build1) ...
Selecting previously unselected package libdc1394-25:amd64.
Preparing to unpack .../111-libdc1394-25_2.2.6-4build1_amd64.deb ...
Unpacking libdc1394-25:amd64 (2.2.6-4build1) ...
Selecting previously unselected package libdvbpsi10:amd64.
Preparing to unpack .../112-libdvbpsi10_1.3.3-1build1_amd64.deb ...
Unpacking libdvbpsi10:amd64 (1.3.3-1build1) ...
Selecting previously unselected package libdvdread8t64:amd64.
Preparing to unpack .../113-libdvdread8t64_6.1.3-1.1build1_amd64.deb ...
Unpacking libdvdread8t64:amd64 (6.1.3-1.1build1) ...
Selecting previously unselected package libdvdnav4:amd64.
Preparing to unpack .../114-libdvdnav4_6.1.1-3build1_amd64.deb ...
Unpacking libdvdnav4:amd64 (6.1.1-3build1) ...
Selecting previously unselected package libe-book-0.1-1:amd64.
Preparing to unpack .../115-libe-book-0.1-1_0.1.3-2build6_amd64.deb ...
Unpacking libe-book-0.1-1:amd64 (0.1.3-2build6) ...
Selecting previously unselected package libebml5:amd64.
Preparing to unpack .../116-libebml5_1.4.5-1_amd64.deb ...
Unpacking libebml5:amd64 (1.4.5-1) ...
Selecting previously unselected package libel-api-java.
Preparing to unpack .../117-libel-api-java_3.0.0-3_all.deb ...
Unpacking libel-api-java (3.0.0-3) ...
Selecting previously unselected package libepubgen-0.1-1:amd64.
Preparing to unpack .../118-libepubgen-0.1-1_0.1.1-1ubuntu6_amd64.deb ...
Unpacking libepubgen-0.1-1:amd64 (0.1.1-1ubuntu6) ...
Selecting previously unselected package libetonyek-0.1-1:amd64.
Preparing to unpack .../119-libetonyek-0.1-1_0.1.10-5build1_amd64.deb ...
Unpacking libetonyek-0.1-1:amd64 (0.1.10-5build1) ...
Selecting previously unselected package libfaad2:amd64.
Preparing to unpack .../120-libfaad2_2.11.1-1build1_amd64.deb ...
Unpacking libfaad2:amd64 (2.11.1-1build1) ...
Selecting previously unselected package libfreehand-0.1-1.
Preparing to unpack .../121-libfreehand-0.1-1_0.1.2-3build3_amd64.deb ...
Unpacking libfreehand-0.1-1 (0.1.2-3build3) ...
Selecting previously unselected package libservlet-api-java.
Preparing to unpack .../122-libservlet-api-java_4.0.1-2_all.deb ...
Unpacking libservlet-api-java (4.0.1-2) ...
Selecting previously unselected package libjsp-api-java.
Preparing to unpack .../123-libjsp-api-java_2.3.4-3_all.deb ...
Unpacking libjsp-api-java (2.3.4-3) ...
Selecting previously unselected package libwebsocket-api-java.
Preparing to unpack .../124-libwebsocket-api-java_1.1-2_all.deb ...
Unpacking libwebsocket-api-java (1.1-2) ...
Selecting previously unselected package libservlet3.1-java.
Preparing to unpack .../125-libservlet3.1-java_1%3a4.0.1-2_all.deb ...
Unpacking libservlet3.1-java (1:4.0.1-2) ...
Selecting previously unselected package libhsqldb1.8.0-java.
Preparing to unpack .../126-libhsqldb1.8.0-java_1.8.0.10+dfsg-12_all.deb ...
Unpacking libhsqldb1.8.0-java (1.8.0.10+dfsg-12) ...
Selecting previously unselected package libixml11t64:amd64.
Preparing to unpack .../127-libixml11t64_1%3a1.14.18-1.1ubuntu2_amd64.deb ...
Unpacking libixml11t64:amd64 (1:1.14.18-1.1ubuntu2) ...
Selecting previously unselected package libkate1:amd64.
Preparing to unpack .../128-libkate1_0.4.1-11build2_amd64.deb ...
Unpacking libkate1:amd64 (0.4.1-11build2) ...
Selecting previously unselected package libunoloader-java.
Preparing to unpack .../129-libunoloader-java_4%3a24.2.7-0ubuntu0.24.04.6_all.deb ...
Unpacking libunoloader-java (4:24.2.7-0ubuntu0.24.04.6) ...
Selecting previously unselected package ure-java.
Preparing to unpack .../130-ure-java_4%3a24.2.7-0ubuntu0.24.04.6_amd64.deb ...
Unpacking ure-java (4:24.2.7-0ubuntu0.24.04.6) ...
Selecting previously unselected package liblibreoffice-java.
Preparing to unpack .../131-liblibreoffice-java_4%3a24.2.7-0ubuntu0.24.04.6_all.deb ...
Unpacking liblibreoffice-java (4:24.2.7-0ubuntu0.24.04.6) ...
Selecting previously unselected package liblirc-client0t64:amd64.
Preparing to unpack .../132-liblirc-client0t64_0.10.2-0.8build1_amd64.deb ...
Unpacking liblirc-client0t64:amd64 (0.10.2-0.8build1) ...
Selecting previously unselected package liblua5.2-0:amd64.
Preparing to unpack .../133-liblua5.2-0_5.2.4-3build2_amd64.deb ...
Unpacking liblua5.2-0:amd64 (5.2.4-3build2) ...
Selecting previously unselected package libmad0:amd64.
Preparing to unpack .../134-libmad0_0.15.1b-10.2ubuntu1_amd64.deb ...
Unpacking libmad0:amd64 (0.15.1b-10.2ubuntu1) ...
Selecting previously unselected package libmatroska7:amd64.
Preparing to unpack .../135-libmatroska7_1.7.1-1build1_amd64.deb ...
Unpacking libmatroska7:amd64 (1.7.1-1build1) ...
Selecting previously unselected package libmpcdec6:amd64.
Preparing to unpack .../136-libmpcdec6_2%3a0.1~r495-2build1_amd64.deb ...
Unpacking libmpcdec6:amd64 (2:0.1~r495-2build1) ...
Selecting previously unselected package libmpeg2-4:amd64.
Preparing to unpack .../137-libmpeg2-4_0.5.1-9build1_amd64.deb ...
Unpacking libmpeg2-4:amd64 (0.5.1-9build1) ...
Selecting previously unselected package libmspub-0.1-1:amd64.
Preparing to unpack .../138-libmspub-0.1-1_0.1.4-3build7_amd64.deb ...
Unpacking libmspub-0.1-1:amd64 (0.1.4-3build7) ...
Selecting previously unselected package libmwaw-0.3-3:amd64.
Preparing to unpack .../139-libmwaw-0.3-3_0.3.22-1build1_amd64.deb ...
Unpacking libmwaw-0.3-3:amd64 (0.3.22-1build1) ...
Selecting previously unselected package libmysofa1:amd64.
Preparing to unpack .../140-libmysofa1_1.3.2+dfsg-2ubuntu2_amd64.deb ...
Unpacking libmysofa1:amd64 (1.3.2+dfsg-2ubuntu2) ...
Selecting previously unselected package mysql-common.
Preparing to unpack .../141-mysql-common_5.8+1.1.0build1_all.deb ...
Unpacking mysql-common (5.8+1.1.0build1) ...
Selecting previously unselected package libmysqlclient21:amd64.
Preparing to unpack .../142-libmysqlclient21_8.0.46-0ubuntu0.24.04.4_amd64.deb ...
Unpacking libmysqlclient21:amd64 (8.0.46-0ubuntu0.24.04.4) ...
Selecting previously unselected package libnotify-bin.
Preparing to unpack .../143-libnotify-bin_0.8.3-1build2_amd64.deb ...
Unpacking libnotify-bin (0.8.3-1build2) ...
Selecting previously unselected package libodfgen-0.1-1:amd64.
Preparing to unpack .../144-libodfgen-0.1-1_0.1.8-2build3_amd64.deb ...
Unpacking libodfgen-0.1-1:amd64 (0.1.8-2build3) ...
Selecting previously unselected package libopenmpt-modplug1:amd64.
Preparing to unpack .../145-libopenmpt-modplug1_0.8.9.0-openmpt1-2build2_amd64.deb ...
Unpacking libopenmpt-modplug1:amd64 (0.8.9.0-openmpt1-2build2) ...
Selecting previously unselected package libpagemaker-0.0-0:amd64.
Preparing to unpack .../146-libpagemaker-0.0-0_0.0.4-1build4_amd64.deb ...
Unpacking libpagemaker-0.0-0:amd64 (0.0.4-1build4) ...
Selecting previously unselected package libpostproc57:amd64.
Preparing to unpack .../147-libpostproc57_7%3a6.1.1-3ubuntu5_amd64.deb ...
Unpacking libpostproc57:amd64 (7:6.1.1-3ubuntu5) ...
Selecting previously unselected package libpq5:amd64.
Preparing to unpack .../148-libpq5_16.15-0ubuntu0.24.04.1_amd64.deb ...
Unpacking libpq5:amd64 (16.15-0ubuntu0.24.04.1) ...
Selecting previously unselected package libprotobuf-lite32t64:amd64.
Preparing to unpack .../149-libprotobuf-lite32t64_3.21.12-8.2ubuntu0.3_amd64.deb ...
Unpacking libprotobuf-lite32t64:amd64 (3.21.12-8.2ubuntu0.3) ...
Selecting previously unselected package libproxy-tools.
Preparing to unpack .../150-libproxy-tools_0.5.4-4build1_amd64.deb ...
Unpacking libproxy-tools (0.5.4-4build1) ...
Selecting previously unselected package libqt5x11extras5:amd64.
Preparing to unpack .../151-libqt5x11extras5_5.15.13-1_amd64.deb ...
Unpacking libqt5x11extras5:amd64 (5.15.13-1) ...
Selecting previously unselected package libreoffice-base-core.
Preparing to unpack .../152-libreoffice-base-core_4%3a24.2.7-0ubuntu0.24.04.6_amd64.deb ...
Unpacking libreoffice-base-core (4:24.2.7-0ubuntu0.24.04.6) ...
Selecting previously unselected package libreoffice-base-drivers.
Preparing to unpack .../153-libreoffice-base-drivers_4%3a24.2.7-0ubuntu0.24.04.6_amd64.deb ...
Unpacking libreoffice-base-drivers (4:24.2.7-0ubuntu0.24.04.6) ...
Selecting previously unselected package libreoffice-uiconfig-base.
Preparing to unpack .../154-libreoffice-uiconfig-base_4%3a24.2.7-0ubuntu0.24.04.6_all.deb ...
Unpacking libreoffice-uiconfig-base (4:24.2.7-0ubuntu0.24.04.6) ...
Selecting previously unselected package libreoffice-base.
Preparing to unpack .../155-libreoffice-base_4%3a24.2.7-0ubuntu0.24.04.6_amd64.deb ...
No diversion 'diversion of /usr/lib/libreoffice/share/basic/dialog.xlc to /usr/lib/libreoffice/share/basic/dialog.xlc.noaccess by libreoffice-base', none removed.
No diversion 'diversion of /usr/lib/libreoffice/share/basic/script.xlc to /usr/lib/libreoffice/share/basic/script.xlc.noaccess by libreoffice-base', none removed.
Unpacking libreoffice-base (4:24.2.7-0ubuntu0.24.04.6) ...
Selecting previously unselected package libreoffice-uiconfig-calc.
Preparing to unpack .../156-libreoffice-uiconfig-calc_4%3a24.2.7-0ubuntu0.24.04.6_all.deb ...
Unpacking libreoffice-uiconfig-calc (4:24.2.7-0ubuntu0.24.04.6) ...
Selecting previously unselected package lp-solve.
Preparing to unpack .../157-lp-solve_5.5.2.5-2ubuntu0.1_amd64.deb ...
Unpacking lp-solve (5.5.2.5-2ubuntu0.1) ...
Selecting previously unselected package libwps-0.4-4:amd64.
Preparing to unpack .../158-libwps-0.4-4_0.4.14-2build1_amd64.deb ...
Unpacking libwps-0.4-4:amd64 (0.4.14-2build1) ...
Selecting previously unselected package libreoffice-calc.
Preparing to unpack .../159-libreoffice-calc_4%3a24.2.7-0ubuntu0.24.04.6_amd64.deb ...
Unpacking libreoffice-calc (4:24.2.7-0ubuntu0.24.04.6) ...
Selecting previously unselected package libreoffice-uiconfig-draw.
Preparing to unpack .../160-libreoffice-uiconfig-draw_4%3a24.2.7-0ubuntu0.24.04.6_all.deb ...
Unpacking libreoffice-uiconfig-draw (4:24.2.7-0ubuntu0.24.04.6) ...
Selecting previously unselected package libreoffice-uiconfig-impress.
Preparing to unpack .../161-libreoffice-uiconfig-impress_4%3a24.2.7-0ubuntu0.24.04.6_all.deb ...
Unpacking libreoffice-uiconfig-impress (4:24.2.7-0ubuntu0.24.04.6) ...
Selecting previously unselected package libvisio-0.1-1:amd64.
Preparing to unpack .../162-libvisio-0.1-1_0.1.7-1build9_amd64.deb ...
Unpacking libvisio-0.1-1:amd64 (0.1.7-1build9) ...
Selecting previously unselected package libwpd-0.10-10:amd64.
Preparing to unpack .../163-libwpd-0.10-10_0.10.3-2build2_amd64.deb ...
Unpacking libwpd-0.10-10:amd64 (0.10.3-2build2) ...
Selecting previously unselected package libwpg-0.3-3:amd64.
Preparing to unpack .../164-libwpg-0.3-3_0.3.4-3build1_amd64.deb ...
Unpacking libwpg-0.3-3:amd64 (0.3.4-3build1) ...
Selecting previously unselected package libreoffice-draw.
Preparing to unpack .../165-libreoffice-draw_4%3a24.2.7-0ubuntu0.24.04.6_amd64.deb ...
Unpacking libreoffice-draw (4:24.2.7-0ubuntu0.24.04.6) ...
Selecting previously unselected package libreoffice-impress.
Preparing to unpack .../166-libreoffice-impress_4%3a24.2.7-0ubuntu0.24.04.6_amd64.deb ...
Unpacking libreoffice-impress (4:24.2.7-0ubuntu0.24.04.6) ...
Selecting previously unselected package libreoffice-uiconfig-math.
Preparing to unpack .../167-libreoffice-uiconfig-math_4%3a24.2.7-0ubuntu0.24.04.6_all.deb ...
Unpacking libreoffice-uiconfig-math (4:24.2.7-0ubuntu0.24.04.6) ...
Selecting previously unselected package libreoffice-math.
Preparing to unpack .../168-libreoffice-math_4%3a24.2.7-0ubuntu0.24.04.6_amd64.deb ...
Unpacking libreoffice-math (4:24.2.7-0ubuntu0.24.04.6) ...
Selecting previously unselected package libreoffice-report-builder-bin.
Preparing to unpack .../169-libreoffice-report-builder-bin_4%3a24.2.7-0ubuntu0.24.04.6_amd64.deb ...
Unpacking libreoffice-report-builder-bin (4:24.2.7-0ubuntu0.24.04.6) ...
Selecting previously unselected package libreoffice-uiconfig-writer.
Preparing to unpack .../170-libreoffice-uiconfig-writer_4%3a24.2.7-0ubuntu0.24.04.6_all.deb ...
Unpacking libreoffice-uiconfig-writer (4:24.2.7-0ubuntu0.24.04.6) ...
Selecting previously unselected package libreoffice-writer.
Preparing to unpack .../171-libreoffice-writer_4%3a24.2.7-0ubuntu0.24.04.6_amd64.deb ...
Unpacking libreoffice-writer (4:24.2.7-0ubuntu0.24.04.6) ...
Selecting previously unselected package libreoffice.
Preparing to unpack .../172-libreoffice_4%3a24.2.7-0ubuntu0.24.04.6_amd64.deb ...
Unpacking libreoffice (4:24.2.7-0ubuntu0.24.04.6) ...
Selecting previously unselected package libreoffice-gnome.
Preparing to unpack .../173-libreoffice-gnome_4%3a24.2.7-0ubuntu0.24.04.6_amd64.deb ...
Unpacking libreoffice-gnome (4:24.2.7-0ubuntu0.24.04.6) ...
Selecting previously unselected package libreoffice-gtk3.
Preparing to unpack .../174-libreoffice-gtk3_4%3a24.2.7-0ubuntu0.24.04.6_amd64.deb ...
Unpacking libreoffice-gtk3 (4:24.2.7-0ubuntu0.24.04.6) ...
Selecting previously unselected package libreoffice-java-common.
Preparing to unpack .../175-libreoffice-java-common_4%3a24.2.7-0ubuntu0.24.04.6_all.deb ...
Unpacking libreoffice-java-common (4:24.2.7-0ubuntu0.24.04.6) ...
Selecting previously unselected package libreoffice-uiconfig-report-builder.
Preparing to unpack .../176-libreoffice-uiconfig-report-builder_4%3a24.2.7-0ubuntu0.24.04.6_all.deb ...
Unpacking libreoffice-uiconfig-report-builder (4:24.2.7-0ubuntu0.24.04.6) ...
Selecting previously unselected package libreoffice-report-builder.
Preparing to unpack .../177-libreoffice-report-builder_4%3a24.2.7-0ubuntu0.24.04.6_all.deb ...
Unpacking libreoffice-report-builder (4:24.2.7-0ubuntu0.24.04.6) ...
Selecting previously unselected package libreoffice-script-provider-bsh.
Preparing to unpack .../178-libreoffice-script-provider-bsh_4%3a24.2.7-0ubuntu0.24.04.6_all.deb ...
Unpacking libreoffice-script-provider-bsh (4:24.2.7-0ubuntu0.24.04.6) ...
Selecting previously unselected package libreoffice-script-provider-js.
Preparing to unpack .../179-libreoffice-script-provider-js_4%3a24.2.7-0ubuntu0.24.04.6_all.deb ...
Unpacking libreoffice-script-provider-js (4:24.2.7-0ubuntu0.24.04.6) ...
Selecting previously unselected package libreoffice-script-provider-python.
Preparing to unpack .../180-libreoffice-script-provider-python_4%3a24.2.7-0ubuntu0.24.04.6_all.deb ...
Unpacking libreoffice-script-provider-python (4:24.2.7-0ubuntu0.24.04.6) ...
Selecting previously unselected package libreoffice-sdbc-firebird.
Preparing to unpack .../181-libreoffice-sdbc-firebird_4%3a24.2.7-0ubuntu0.24.04.6_amd64.deb ...
Unpacking libreoffice-sdbc-firebird (4:24.2.7-0ubuntu0.24.04.6) ...
Selecting previously unselected package libreoffice-sdbc-hsqldb.
Preparing to unpack .../182-libreoffice-sdbc-hsqldb_4%3a24.2.7-0ubuntu0.24.04.6_amd64.deb ...
Unpacking libreoffice-sdbc-hsqldb (4:24.2.7-0ubuntu0.24.04.6) ...
Selecting previously unselected package libreoffice-sdbc-mysql.
Preparing to unpack .../183-libreoffice-sdbc-mysql_4%3a24.2.7-0ubuntu0.24.04.6_amd64.deb ...
Unpacking libreoffice-sdbc-mysql (4:24.2.7-0ubuntu0.24.04.6) ...
Selecting previously unselected package libreoffice-sdbc-postgresql.
Preparing to unpack .../184-libreoffice-sdbc-postgresql_4%3a24.2.7-0ubuntu0.24.04.6_amd64.deb ...
Unpacking libreoffice-sdbc-postgresql (4:24.2.7-0ubuntu0.24.04.6) ...
Selecting previously unselected package libreoffice-style-elementary.
Preparing to unpack .../185-libreoffice-style-elementary_4%3a24.2.7-0ubuntu0.24.04.6_all.deb ...
Unpacking libreoffice-style-elementary (4:24.2.7-0ubuntu0.24.04.6) ...
Selecting previously unselected package libreoffice-style-yaru.
Preparing to unpack .../186-libreoffice-style-yaru_4%3a24.2.7-0ubuntu0.24.04.6_all.deb ...
Unpacking libreoffice-style-yaru (4:24.2.7-0ubuntu0.24.04.6) ...
Selecting previously unselected package libreoffice-wiki-publisher.
Preparing to unpack .../187-libreoffice-wiki-publisher_4%3a1.2.0+LibO24.2.7-0ubuntu0.24.04.6_all.deb ...
Unpacking libreoffice-wiki-publisher (4:1.2.0+LibO24.2.7-0ubuntu0.24.04.6) ...
Selecting previously unselected package libresid-builder0c2a.
Preparing to unpack .../188-libresid-builder0c2a_2.1.1-15ubuntu3_amd64.deb ...
Unpacking libresid-builder0c2a (2.1.1-15ubuntu3) ...
Selecting previously unselected package libsamplerate0:amd64.
Preparing to unpack .../189-libsamplerate0_0.2.2-4build1_amd64.deb ...
Unpacking libsamplerate0:amd64 (0.2.2-4build1) ...
Selecting previously unselected package libsidplay2.
Preparing to unpack .../190-libsidplay2_2.1.1-15ubuntu3_amd64.deb ...
Unpacking libsidplay2 (2.1.1-15ubuntu3) ...
Selecting previously unselected package libspatialaudio0t64:amd64.
Preparing to unpack .../191-libspatialaudio0t64_0.3.0+git20180730+dfsg1-2.1build1_amd64.deb ...
Unpacking libspatialaudio0t64:amd64 (0.3.0+git20180730+dfsg1-2.1build1) ...
Selecting previously unselected package libssh2-1t64:amd64.
Preparing to unpack .../192-libssh2-1t64_1.11.0-4.1ubuntu0.24.04.4_amd64.deb ...
Unpacking libssh2-1t64:amd64 (1.11.0-4.1ubuntu0.24.04.4) ...
Selecting previously unselected package libswscale7:amd64.
Preparing to unpack .../193-libswscale7_7%3a6.1.1-3ubuntu5_amd64.deb ...
Unpacking libswscale7:amd64 (7:6.1.1-3ubuntu5) ...
Selecting previously unselected package libupnp17t64:amd64.
Preparing to unpack .../194-libupnp17t64_1%3a1.14.18-1.1ubuntu2_amd64.deb ...
Unpacking libupnp17t64:amd64 (1:1.14.18-1.1ubuntu2) ...
Selecting previously unselected package libva-wayland2:amd64.
Preparing to unpack .../195-libva-wayland2_2.20.0-2ubuntu0.2_amd64.deb ...
Unpacking libva-wayland2:amd64 (2.20.0-2ubuntu0.2) ...
Selecting previously unselected package libvlccore9:amd64.
Preparing to unpack .../196-libvlccore9_3.0.20-3build6_amd64.deb ...
Unpacking libvlccore9:amd64 (3.0.20-3build6) ...
Selecting previously unselected package libvlc5:amd64.
Preparing to unpack .../197-libvlc5_3.0.20-3build6_amd64.deb ...
Unpacking libvlc5:amd64 (3.0.20-3build6) ...
Selecting previously unselected package libvlc-bin:amd64.
Preparing to unpack .../198-libvlc-bin_3.0.20-3build6_amd64.deb ...
Unpacking libvlc-bin:amd64 (3.0.20-3build6) ...
Selecting previously unselected package libvncclient1:amd64.
Preparing to unpack .../199-libvncclient1_0.9.14+dfsg-1ubuntu0.2_amd64.deb ...
Unpacking libvncclient1:amd64 (0.9.14+dfsg-1ubuntu0.2) ...
Selecting previously unselected package libxcb-composite0:amd64.
Preparing to unpack .../200-libxcb-composite0_1.15-1ubuntu2_amd64.deb ...
Unpacking libxcb-composite0:amd64 (1.15-1ubuntu2) ...
Selecting previously unselected package mesa-va-drivers:amd64.
Preparing to unpack .../201-mesa-va-drivers_25.2.8-0ubuntu0.24.04.2_amd64.deb ...
Unpacking mesa-va-drivers:amd64 (25.2.8-0ubuntu0.24.04.2) ...
Selecting previously unselected package mesa-vdpau-drivers:amd64.
Preparing to unpack .../202-mesa-vdpau-drivers_25.2.8-0ubuntu0.24.04.2_amd64.deb ...
Unpacking mesa-vdpau-drivers:amd64 (25.2.8-0ubuntu0.24.04.2) ...
Selecting previously unselected package mythes-en-us.
Preparing to unpack .../203-mythes-en-us_1%3a24.2.1-1_all.deb ...
Unpacking mythes-en-us (1:24.2.1-1) ...
Selecting previously unselected package i965-va-driver:amd64.
Preparing to unpack .../204-i965-va-driver_2.4.1+dfsg1-1ubuntu0.2_amd64.deb ...
Unpacking i965-va-driver:amd64 (2.4.1+dfsg1-1ubuntu0.2) ...
Selecting previously unselected package va-driver-all:amd64.
Preparing to unpack .../205-va-driver-all_2.20.0-2ubuntu0.2_amd64.deb ...
Unpacking va-driver-all:amd64 (2.20.0-2ubuntu0.2) ...
Selecting previously unselected package vdpau-driver-all:amd64.
Preparing to unpack .../206-vdpau-driver-all_1.5-2build1_amd64.deb ...
Unpacking vdpau-driver-all:amd64 (1.5-2build1) ...
Selecting previously unselected package vlc-bin.
Preparing to unpack .../207-vlc-bin_3.0.20-3build6_amd64.deb ...
Unpacking vlc-bin (3.0.20-3build6) ...
Selecting previously unselected package vlc-data.
Preparing to unpack .../208-vlc-data_3.0.20-3build6_all.deb ...
Unpacking vlc-data (3.0.20-3build6) ...
Selecting previously unselected package libdca0:amd64.
Preparing to unpack .../209-libdca0_0.0.7-2build1_amd64.deb ...
Unpacking libdca0:amd64 (0.0.7-2build1) ...
Selecting previously unselected package vlc-plugin-base:amd64.
Preparing to unpack .../210-vlc-plugin-base_3.0.20-3build6_amd64.deb ...
Unpacking vlc-plugin-base:amd64 (3.0.20-3build6) ...
Selecting previously unselected package vlc-plugin-qt:amd64.
Preparing to unpack .../211-vlc-plugin-qt_3.0.20-3build6_amd64.deb ...
Unpacking vlc-plugin-qt:amd64 (3.0.20-3build6) ...
Selecting previously unselected package vlc-plugin-video-output:amd64.
Preparing to unpack .../212-vlc-plugin-video-output_3.0.20-3build6_amd64.deb ...
Unpacking vlc-plugin-video-output:amd64 (3.0.20-3build6) ...
Selecting previously unselected package vlc.
Preparing to unpack .../213-vlc_3.0.20-3build6_amd64.deb ...
Unpacking vlc (3.0.20-3build6) ...
Selecting previously unselected package vlc-l10n.
Preparing to unpack .../214-vlc-l10n_3.0.20-3build6_all.deb ...
Unpacking vlc-l10n (3.0.20-3build6) ...
Selecting previously unselected package vlc-plugin-access-extra:amd64.
Preparing to unpack .../215-vlc-plugin-access-extra_3.0.20-3build6_amd64.deb ...
Unpacking vlc-plugin-access-extra:amd64 (3.0.20-3build6) ...
Selecting previously unselected package vlc-plugin-notify:amd64.
Preparing to unpack .../216-vlc-plugin-notify_3.0.20-3build6_amd64.deb ...
Unpacking vlc-plugin-notify:amd64 (3.0.20-3build6) ...
Selecting previously unselected package vlc-plugin-samba:amd64.
Preparing to unpack .../217-vlc-plugin-samba_3.0.20-3build6_amd64.deb ...
Unpacking vlc-plugin-samba:amd64 (3.0.20-3build6) ...
Selecting previously unselected package vlc-plugin-skins2:amd64.
Preparing to unpack .../218-vlc-plugin-skins2_3.0.20-3build6_amd64.deb ...
Unpacking vlc-plugin-skins2:amd64 (3.0.20-3build6) ...
Selecting previously unselected package vlc-plugin-video-splitter:amd64.
Preparing to unpack .../219-vlc-plugin-video-splitter_3.0.20-3build6_amd64.deb ...
Unpacking vlc-plugin-video-splitter:amd64 (3.0.20-3build6) ...
Selecting previously unselected package vlc-plugin-visualization:amd64.
Preparing to unpack .../220-vlc-plugin-visualization_3.0.20-3build6_amd64.deb ...
Unpacking vlc-plugin-visualization:amd64 (3.0.20-3build6) ...
Selecting previously unselected package libreoffice-nlpsolver.
Preparing to unpack .../221-libreoffice-nlpsolver_4%3a0.9+LibO24.2.7-0ubuntu0.24.04.6_all.deb ...
Unpacking libreoffice-nlpsolver (4:0.9+LibO24.2.7-0ubuntu0.24.04.6) ...
Setting up libgme0:amd64 (0.6.3-7build1) ...
Setting up libchromaprint1:amd64 (1.5.1-5) ...
Setting up libssh-gcrypt-4:amd64 (0.10.6-2ubuntu0.5) ...
Setting up libprotobuf-lite32t64:amd64 (3.21.12-8.2ubuntu0.3) ...
Setting up libhwy1t64:amd64 (1.0.7-8.1build1) ...
Setting up libdvdread8t64:amd64 (6.1.3-1.1build1) ...
Setting up libudfread0:amd64 (1.1.2-1build1) ...
Setting up libnorm1t64:amd64 (1.5.9+dfsg-3.1build1) ...
Setting up libgpgmepp6t64:amd64 (1.18.0-4.1ubuntu4) ...
Setting up fonts-sil-gentium-basic (1.102-1.1) ...
Setting up liborcus-parser-0.18-0:amd64 (0.19.2-3build3) ...
Setting up libebml5:amd64 (1.4.5-1) ...
Setting up mysql-common (5.8+1.1.0build1) ...
update-alternatives: using /etc/mysql/my.cnf.fallback to provide /etc/mysql/my.cnf (my.cnf) in auto mode
Setting up librabbitmq4:amd64 (0.11.0-1ubuntu0.2) ...
Setting up libqt5x11extras5:amd64 (5.15.13-1) ...
Setting up libmysqlclient21:amd64 (8.0.46-0ubuntu0.24.04.4) ...
Setting up libkate1:amd64 (0.4.1-11build2) ...
Setting up libdvbpsi10:amd64 (1.3.3-1build1) ...
Setting up libuno-sal3t64 (4:24.2.7-0ubuntu0.24.04.6) ...
Setting up libshine3:amd64 (3.1.1-2build1) ...
Setting up libvpl2 (2023.3.0-1build1) ...
Setting up libx264-164:amd64 (2:0.164.3108+git31e19f9-1) ...
Setting up libmbedcrypto7t64:amd64 (2.28.8-1) ...
Setting up java-common (0.75+exp1) ...
Setting up libclucene-core1t64:amd64 (2.3.3.4+dfsg-1.2ubuntu2) ...
Setting up liblirc-client0t64:amd64 (0.10.2-0.8build1) ...
Setting up libgsm1:amd64 (1.0.22-1build1) ...
Setting up libsoxr0:amd64 (0.1.3-4build3) ...
Setting up libreoffice-uiconfig-writer (4:24.2.7-0ubuntu0.24.04.6) ...
Setting up fonts-noto-extra (20201225-2) ...
Setting up libcodec2-1.2:amd64 (1.2.0-2build1) ...
Setting up libaribb24-0t64:amd64 (1.0.3-2.1build2) ...
Setting up libostree-1-1:amd64 (2024.5-1build2) ...
Setting up libmysofa1:amd64 (1.3.2+dfsg-2ubuntu2) ...
Setting up libyajl2:amd64 (2.1.0-5build1) ...
Setting up libpq5:amd64 (16.15-0ubuntu0.24.04.1) ...
Setting up libclucene-contribs1t64:amd64 (2.3.3.4+dfsg-1.2ubuntu2) ...
Setting up fonts-freefont-ttf (20211204+svn4273-2) ...
Setting up libboost-thread1.83.0:amd64 (1.83.0-2.1ubuntu3.2) ...
Setting up libel-api-java (3.0.0-3) ...
Setting up mythes-en-us (1:24.2.1-1) ...
Setting up libsvtav1enc1d1:amd64 (1.7.0+dfsg-2build1) ...
Setting up vlc-l10n (3.0.20-3build6) ...
Setting up libeot0:amd64 (0.01-5build3) ...
Setting up libigdgmm12:amd64 (22.3.17+ds1-1ubuntu1) ...
Setting up libmpeg2-4:amd64 (0.5.1-9build1) ...
Setting up libcjson1:amd64 (1.7.17-1) ...
Setting up libxvidcore4:amd64 (2:1.3.7-1build1) ...
Setting up hyphen-en-us (2.8.8-7build3) ...
Setting up libmpcdec6:amd64 (2:0.1~r495-2build1) ...
Setting up firebird3.0-common-doc (3.0.11.33703.ds4-2ubuntu2) ...
Setting up libreoffice-uiconfig-calc (4:24.2.7-0ubuntu0.24.04.6) ...
Setting up librav1e0:amd64 (0.7.1-2) ...
Setting up librevenge-0.0-0:amd64 (0.0.5-3build1) ...
Setting up libsnappy1v5:amd64 (1.1.10-1build1) ...
Setting up librist4:amd64 (0.2.10+dfsg-2) ...
Setting up libxmlsec1t64-nss:amd64 (1.2.39-5build2) ...
Setting up firebird3.0-common (3.0.11.33703.ds4-2ubuntu2) ...
Setting up libcddb2 (1.3.2-7fakesync1build1) ...
Setting up fonts-sil-gentium (20081126:1.03-4) ...
Setting up libvncclient1:amd64 (0.9.14+dfsg-1ubuntu0.2) ...
Setting up liba52-0.7.4:amd64 (0.7.4-20build1) ...
Setting up libpgm-5.3-0t64:amd64 (5.3.128~dfsg-2.1build1) ...
Setting up libreoffice-uiconfig-impress (4:24.2.7-0ubuntu0.24.04.6) ...
Setting up libreoffice-style-colibre (4:24.2.7-0ubuntu0.24.04.6) ...
Setting up libva2:amd64 (2.20.0-2ubuntu0.2) ...
Setting up libboost-iostreams1.83.0:amd64 (1.83.0-2.1ubuntu3.2) ...
Setting up libresid-builder0c2a (2.1.1-15ubuntu3) ...
Setting up libwebsocket-api-java (1.1-2) ...
Setting up libfaad2:amd64 (2.11.1-1build1) ...
Setting up libdc1394-25:amd64 (2.2.6-4build1) ...
Setting up intel-media-va-driver:amd64 (24.1.0+dfsg1-1ubuntu0.2) ...
Setting up libunibreak5:amd64 (5.1-2build1) ...
Setting up libreoffice-uiconfig-common (4:24.2.7-0ubuntu0.24.04.6) ...
Setting up libixml11t64:amd64 (1:1.14.18-1.1ubuntu2) ...
Setting up libfreehand-0.1-1 (0.1.2-3build3) ...
Setting up liborcus-0.18-0:amd64 (0.19.2-3build3) ...
Setting up libaacs0:amd64 (0.11.1-2build1) ...
Setting up libjxl0.7:amd64 (0.7.0-10.2ubuntu6.1) ...
Setting up fonts-linuxlibertine (5.3.0-6) ...
Setting up flatpak (1.14.6-1ubuntu0.1) ...
Setting up libbsh-java (2.0b4-20) ...
Setting up libjsp-api-java (2.3.4-3) ...
Setting up libvlccore9:amd64 (3.0.20-3build6) ...
Setting up libsidplay2 (2.1.1-15ubuntu3) ...
Setting up libx265-199:amd64 (3.5-2build1) ...
Setting up libmhash2:amd64 (0.9.9.9-9build3) ...
Setting up libva-wayland2:amd64 (2.20.0-2ubuntu0.2) ...
Setting up libnotify-bin (0.8.3-1build2) ...
Setting up libmythes-1.2-0:amd64 (2:1.2.5-1build1) ...
Setting up libbdplus0:amd64 (0.2.0-3build1) ...
Setting up libsrt1.5-gnutls:amd64 (1.5.3-1build2) ...
Setting up libmad0:amd64 (0.15.1b-10.2ubuntu1) ...
Setting up libxcb-composite0:amd64 (1.15-1ubuntu2) ...
Setting up libdav1d7:amd64 (1.4.1-1build1) ...
Setting up liblua5.2-0:amd64 (5.2.4-3build2) ...
Setting up libva-drm2:amd64 (2.20.0-2ubuntu0.2) ...
Setting up vlc-plugin-qt:amd64 (3.0.20-3build6) ...
Setting up ocl-icd-libopencl1:amd64 (2.3.2-1build1) ...
Setting up libreoffice-uiconfig-base (4:24.2.7-0ubuntu0.24.04.6) ...
Setting up libmatroska7:amd64 (1.7.1-1build1) ...
Setting up libvdpau1:amd64 (1.5-2build1) ...
Setting up hunspell-en-gb (1:24.2.1-1) ...
Setting up libexttextcat-data (3.4.7-1build1) ...
Setting up libabw-0.1-1:amd64 (0.1.3-1build4) ...
Setting up libservlet-api-java (4.0.1-2) ...
Setting up libepubgen-0.1-1:amd64 (0.1.1-1ubuntu6) ...
Setting up libreoffice-style-yaru (4:24.2.7-0ubuntu0.24.04.6) ...
Setting up libdca0:amd64 (0.0.7-2build1) ...
Setting up libsuitesparseconfig7:amd64 (1:7.6.1+dfsg-1build1) ...
Setting up libssh2-1t64:amd64 (1.11.0-4.1ubuntu0.24.04.4) ...
Setting up libatk-wrapper-java (0.40.0-3build2) ...
Setting up mesa-va-drivers:amd64 (25.2.8-0ubuntu0.24.04.2) ...
Setting up liblangtag-common (0.6.7-1build2) ...
Setting up libib-util:amd64 (3.0.11.33703.ds4-2ubuntu2) ...
Setting up libuno-salhelpergcc3-3t64 (4:24.2.7-0ubuntu0.24.04.6) ...
Setting up ca-certificates-java (20240118) ...
No JRE found. Skipping Java certificates setup.
Setting up libunoloader-java (4:24.2.7-0ubuntu0.24.04.6) ...
Setting up fonts-noto-ui-core (20201225-2) ...
Setting up libbluray2:amd64 (1:1.3.4-1build1) ...
Setting up libsamplerate0:amd64 (0.2.2-4build1) ...
Setting up libupnp17t64:amd64 (1:1.14.18-1.1ubuntu2) ...
Setting up libva-x11-2:amd64 (2.20.0-2ubuntu0.2) ...
Setting up libreoffice-uiconfig-report-builder (4:24.2.7-0ubuntu0.24.04.6) ...
Setting up libspatialaudio0t64:amd64 (0.3.0+git20180730+dfsg1-2.1build1) ...
Setting up libwpd-0.10-10:amd64 (0.10.3-2build2) ...
Setting up libreoffice-uiconfig-draw (4:24.2.7-0ubuntu0.24.04.6) ...
Setting up vlc-data (3.0.20-3build6) ...
Setting up libopenmpt0t64:amd64 (0.7.3-1.1build3) ...
Setting up libzvbi-common (0.2.42-2) ...
Setting up fonts-opensymbol (4:102.12+LibO24.2.7-0ubuntu0.24.04.6) ...
Setting up i965-va-driver:amd64 (2.4.1+dfsg1-1ubuntu0.2) ...
Setting up vlc-plugin-notify:amd64 (3.0.20-3build6) ...
Setting up libservlet3.1-java (1:4.0.1-2) ...
Setting up libodfgen-0.1-1:amd64 (0.1.8-2build3) ...
Setting up libvisio-0.1-1:amd64 (0.1.7-1build9) ...
Setting up libdvdnav4:amd64 (6.1.1-3build1) ...
Setting up libproxy-tools (0.5.4-4build1) ...
Setting up vlc-plugin-samba:amd64 (3.0.20-3build6) ...
Setting up libreoffice-uiconfig-math (4:24.2.7-0ubuntu0.24.04.6) ...
Setting up libreoffice-style-elementary (4:24.2.7-0ubuntu0.24.04.6) ...
Setting up mesa-vdpau-drivers:amd64 (25.2.8-0ubuntu0.24.04.2) ...
Setting up libwps-0.4-4:amd64 (0.4.14-2build1) ...
Setting up libzmq5:amd64 (4.3.5-1build2) ...
Setting up openjdk-21-jre-headless:amd64 (21.0.12+8-1~24.04) ...
update-alternatives: using /usr/lib/jvm/java-21-openjdk-amd64/bin/java to provide /usr/bin/java (java) in auto mode
update-alternatives: using /usr/lib/jvm/java-21-openjdk-amd64/bin/jpackage to provide /usr/bin/jpackage (jpackage) in auto mode
update-alternatives: using /usr/lib/jvm/java-21-openjdk-amd64/bin/keytool to provide /usr/bin/keytool (keytool) in auto mode
update-alternatives: using /usr/lib/jvm/java-21-openjdk-amd64/bin/rmiregistry to provide /usr/bin/rmiregistry (rmiregistry) in auto mode
update-alternatives: using /usr/lib/jvm/java-21-openjdk-amd64/lib/jexec to provide /usr/bin/jexec (jexec) in auto mode
Setting up libzvbi0t64:amd64 (0.2.42-2) ...
Setting up libexttextcat-2.0-0:amd64 (3.4.7-1build1) ...
Setting up vlc-plugin-skins2:amd64 (3.0.20-3build6) ...
Setting up libmspub-0.1-1:amd64 (0.1.4-3build7) ...
Setting up libcolamd3:amd64 (1:7.6.1+dfsg-1build1) ...
Setting up vlc-plugin-video-splitter:amd64 (3.0.20-3build6) ...
Setting up libraptor2-0:amd64 (2.0.16-3ubuntu0.1) ...
Setting up lp-solve (5.5.2.5-2ubuntu0.1) ...
Setting up libboost-locale1.83.0:amd64 (1.83.0-2.1ubuntu3.2) ...
Setting up libvlc5:amd64 (3.0.20-3build6) ...
Setting up libavutil58:amd64 (7:6.1.1-3ubuntu5) ...
Setting up libpagemaker-0.0-0:amd64 (0.0.4-1build4) ...
Setting up libmwaw-0.3-3:amd64 (0.3.22-1build1) ...
Setting up librasqal3t64:amd64 (0.9.33-2.1build1) ...
Setting up libcdr-0.1-1:amd64 (0.1.7-1build2) ...
Setting up librdf0t64:amd64 (1.0.17-3.1ubuntu3) ...
Setting up liblangtag1:amd64 (0.6.7-1build2) ...
Setting up libfbclient2:amd64 (3.0.11.33703.ds4-2ubuntu2) ...
Setting up libatk-wrapper-java-jni:amd64 (0.40.0-3build2) ...
Setting up vlc-plugin-visualization:amd64 (3.0.20-3build6) ...
Setting up vlc-plugin-access-extra:amd64 (3.0.20-3build6) ...
Setting up libass9:amd64 (1:0.17.1-2build1) ...
Setting up firebird3.0-utils (3.0.11.33703.ds4-2ubuntu2) ...
Setting up libswresample4:amd64 (7:6.1.1-3ubuntu5) ...
Setting up va-driver-all:amd64 (2.20.0-2ubuntu0.2) ...
Setting up libhsqldb1.8.0-java (1.8.0.10+dfsg-12) ...
Setting up libavcodec60:amd64 (7:6.1.1-3ubuntu5) ...
Setting up libwpg-0.3-3:amd64 (0.3.4-3build1) ...
Setting up vdpau-driver-all:amd64 (1.5-2build1) ...
Setting up libvlc-bin:amd64 (3.0.20-3build6) ...
Setting up libuno-cppu3t64 (4:24.2.7-0ubuntu0.24.04.6) ...
Setting up libpostproc57:amd64 (7:6.1.1-3ubuntu5) ...
Setting up libopenmpt-modplug1:amd64 (0.8.9.0-openmpt1-2build2) ...
Setting up libuno-purpenvhelpergcc3-3t64 (4:24.2.7-0ubuntu0.24.04.6) ...
Setting up libswscale7:amd64 (7:6.1.1-3ubuntu5) ...
Setting up vlc-plugin-video-output:amd64 (3.0.20-3build6) ...
Setting up uno-libs-private (4:24.2.7-0ubuntu0.24.04.6) ...
Setting up firebird3.0-server-core:amd64 (3.0.11.33703.ds4-2ubuntu2) ...
Setting up vlc-bin (3.0.20-3build6) ...
Setting up libetonyek-0.1-1:amd64 (0.1.10-5build1) ...
Setting up libavformat60:amd64 (7:6.1.1-3ubuntu5) ...
Setting up libe-book-0.1-1:amd64 (0.1.3-2build6) ...
Setting up libuno-cppuhelpergcc3-3t64 (4:24.2.7-0ubuntu0.24.04.6) ...
Setting up ure (4:24.2.7-0ubuntu0.24.04.6) ...
Setting up vlc-plugin-base:amd64 (3.0.20-3build6) ...
Setting up vlc (3.0.20-3build6) ...
Setting up libreoffice-common (4:24.2.7-0ubuntu0.24.04.6) ...

Creating config file /etc/libreoffice/registry/main.xcd with new version

Creating config file /etc/libreoffice/registry/pdfimport.xcd with new version

Creating config file /etc/libreoffice/registry/xsltfilter.xcd with new version

Creating config file /etc/libreoffice/registry/lingucomponent.xcd with new version

Creating config file /etc/libreoffice/registry/Langpack-en-US.xcd with new version

Creating config file /etc/libreoffice/registry/res/fcfg_langpack_en-US.xcd with new version
Setting up ure-java (4:24.2.7-0ubuntu0.24.04.6) ...
Setting up libreoffice-core (4:24.2.7-0ubuntu0.24.04.6) ...
Setting up libreoffice-math (4:24.2.7-0ubuntu0.24.04.6) ...

Creating config file /etc/libreoffice/registry/math.xcd with new version
Setting up libreoffice-gtk3 (4:24.2.7-0ubuntu0.24.04.6) ...
Setting up libreoffice-sdbc-postgresql (4:24.2.7-0ubuntu0.24.04.6) ...

Creating config file /etc/libreoffice/registry/postgresql.xcd with new version
Setting up liblibreoffice-java (4:24.2.7-0ubuntu0.24.04.6) ...
Setting up libreoffice-draw (4:24.2.7-0ubuntu0.24.04.6) ...

Creating config file /etc/libreoffice/registry/draw.xcd with new version

Creating config file /etc/libreoffice/registry/graphicfilter.xcd with new version
Setting up libreoffice-java-common (4:24.2.7-0ubuntu0.24.04.6) ...
Setting up libreoffice-base-drivers (4:24.2.7-0ubuntu0.24.04.6) ...
Setting up libreoffice-sdbc-firebird (4:24.2.7-0ubuntu0.24.04.6) ...

Creating config file /etc/libreoffice/registry/firebird_sdbc.xcd with new version
Setting up libreoffice-sdbc-mysql (4:24.2.7-0ubuntu0.24.04.6) ...

Creating config file /etc/libreoffice/registry/mysqlc.xcd with new version
Setting up libreoffice-gnome (4:24.2.7-0ubuntu0.24.04.6) ...

Creating config file /etc/libreoffice/registry/gnome.xcd with new version
Setting up libreoffice-impress (4:24.2.7-0ubuntu0.24.04.6) ...

Creating config file /etc/libreoffice/registry/impress.xcd with new version

Creating config file /etc/libreoffice/registry/ogltrans.xcd with new version
Setting up libreoffice-base-core (4:24.2.7-0ubuntu0.24.04.6) ...
Setting up python3-uno (4:24.2.7-0ubuntu0.24.04.6) ...
Setting up libreoffice-calc (4:24.2.7-0ubuntu0.24.04.6) ...

Creating config file /etc/libreoffice/registry/calc.xcd with new version
Setting up libreoffice-base (4:24.2.7-0ubuntu0.24.04.6) ...

Creating config file /etc/libreoffice/registry/base.xcd with new version
Setting up libreoffice-writer (4:24.2.7-0ubuntu0.24.04.6) ...

Creating config file /etc/libreoffice/registry/writer.xcd with new version
Setting up libreoffice-script-provider-python (4:24.2.7-0ubuntu0.24.04.6) ...
Setting up libreoffice-report-builder-bin (4:24.2.7-0ubuntu0.24.04.6) ...
Setting up libreoffice (4:24.2.7-0ubuntu0.24.04.6) ...
Setting up libreoffice-report-builder (4:24.2.7-0ubuntu0.24.04.6) ...

Creating config file /etc/libreoffice/registry/reportbuilder.xcd with new version
Processing triggers for man-db (2.12.0-4build2) ...
Processing triggers for dbus (1.14.10-4ubuntu4.1) ...
Processing triggers for shared-mime-info (2.4-4) ...
Processing triggers for fontconfig (2.15.0-1.1ubuntu2) ...
Processing triggers for desktop-file-utils (0.27-2build1) ...
Processing triggers for hicolor-icon-theme (0.17-2) ...
Processing triggers for dictionaries-common (1.29.7) ...
Processing triggers for gnome-menus (3.36.0-1.1ubuntu3) ...
Processing triggers for libc-bin (2.39-0ubuntu8.9) ...
Processing triggers for ca-certificates-java (20240118) ...
Adding debian:ACCVRAIZ1.pem
Adding debian:AC_RAIZ_FNMT-RCM.pem
Adding debian:AC_RAIZ_FNMT-RCM_SERVIDORES_SEGUROS.pem
Adding debian:ANF_Secure_Server_Root_CA.pem
Adding debian:Actalis_Authentication_Root_CA.pem
Adding debian:Amazon_Root_CA_1.pem
Adding debian:Amazon_Root_CA_2.pem
Adding debian:Amazon_Root_CA_3.pem
Adding debian:Amazon_Root_CA_4.pem
Adding debian:Atos_TrustedRoot_2011.pem
Adding debian:Atos_TrustedRoot_Root_CA_ECC_TLS_2021.pem
Adding debian:Atos_TrustedRoot_Root_CA_RSA_TLS_2021.pem
Adding debian:Autoridad_de_Certificacion_Firmaprofesional_CIF_A62634068.pem
Adding debian:BJCA_Global_Root_CA1.pem
Adding debian:BJCA_Global_Root_CA2.pem
Adding debian:Buypass_Class_2_Root_CA.pem
Adding debian:Buypass_Class_3_Root_CA.pem
Adding debian:CA_Disig_Root_R2.pem
Adding debian:CFCA_EV_ROOT.pem
Adding debian:COMODO_ECC_Certification_Authority.pem
Adding debian:COMODO_RSA_Certification_Authority.pem
Adding debian:Certainly_Root_E1.pem
Adding debian:Certainly_Root_R1.pem
Adding debian:Certigna_Root_CA.pem
Adding debian:Certum_EC-384_CA.pem
Adding debian:Certum_Trusted_Network_CA.pem
Adding debian:Certum_Trusted_Network_CA_2.pem
Adding debian:Certum_Trusted_Root_CA.pem
Adding debian:D-TRUST_BR_Root_CA_1_2020.pem
Adding debian:D-TRUST_BR_Root_CA_2_2023.pem
Adding debian:D-TRUST_EV_Root_CA_1_2020.pem
Adding debian:D-TRUST_EV_Root_CA_2_2023.pem
Adding debian:D-TRUST_Root_Class_3_CA_2_2009.pem
Adding debian:D-TRUST_Root_Class_3_CA_2_EV_2009.pem
Adding debian:DigiCert_Assured_ID_Root_G2.pem
Adding debian:DigiCert_Assured_ID_Root_G3.pem
Adding debian:DigiCert_Global_Root_G2.pem
Adding debian:DigiCert_Global_Root_G3.pem
Adding debian:DigiCert_TLS_ECC_P384_Root_G5.pem
Adding debian:DigiCert_TLS_RSA4096_Root_G5.pem
Adding debian:DigiCert_Trusted_Root_G4.pem
Adding debian:Entrust_Root_Certification_Authority.pem
Adding debian:GDCA_TrustAUTH_R5_ROOT.pem
Adding debian:GTS_Root_R1.pem
Adding debian:GTS_Root_R3.pem
Adding debian:GTS_Root_R4.pem
Adding debian:GlobalSign_ECC_Root_CA_-_R4.pem
Adding debian:GlobalSign_ECC_Root_CA_-_R5.pem
Adding debian:GlobalSign_Root_CA_-_R3.pem
Adding debian:GlobalSign_Root_CA_-_R6.pem
Adding debian:GlobalSign_Root_E46.pem
Adding debian:GlobalSign_Root_R46.pem
Adding debian:Go_Daddy_Root_Certificate_Authority_-_G2.pem
Adding debian:HARICA_TLS_ECC_Root_CA_2021.pem
Adding debian:HARICA_TLS_RSA_Root_CA_2021.pem
Adding debian:Hellenic_Academic_and_Research_Institutions_ECC_RootCA_2015.pem
Adding debian:Hellenic_Academic_and_Research_Institutions_RootCA_2015.pem
Adding debian:HiPKI_Root_CA_-_G1.pem
Adding debian:Hongkong_Post_Root_CA_3.pem
Adding debian:ISRG_Root_X1.pem
Adding debian:ISRG_Root_X2.pem
Adding debian:IdenTrust_Commercial_Root_CA_1.pem
Adding debian:IdenTrust_Public_Sector_Root_CA_1.pem
Adding debian:Izenpe.com.pem
Adding debian:Microsec_e-Szigno_Root_CA_2009.pem
Adding debian:Microsoft_ECC_Root_Certificate_Authority_2017.pem
Adding debian:Microsoft_RSA_Root_Certificate_Authority_2017.pem
Adding debian:NAVER_Global_Root_Certification_Authority.pem
Adding debian:NetLock_Arany_=Class_Gold=_Főtanúsítvány.pem
Adding debian:OISTE_Server_Root_ECC_G1.pem
Adding debian:OISTE_Server_Root_RSA_G1.pem
Adding debian:OISTE_WISeKey_Global_Root_GB_CA.pem
Adding debian:OISTE_WISeKey_Global_Root_GC_CA.pem
Adding debian:QuoVadis_Root_CA_1_G3.pem
Adding debian:QuoVadis_Root_CA_2_G3.pem
Adding debian:QuoVadis_Root_CA_3_G3.pem
Adding debian:SSL.com_EV_Root_Certification_Authority_ECC.pem
Adding debian:SSL.com_EV_Root_Certification_Authority_RSA_R2.pem
Adding debian:SSL.com_Root_Certification_Authority_ECC.pem
Adding debian:SSL.com_Root_Certification_Authority_RSA.pem
Adding debian:SSL.com_TLS_ECC_Root_CA_2022.pem
Adding debian:SSL.com_TLS_RSA_Root_CA_2022.pem
Adding debian:SZAFIR_ROOT_CA2.pem
Adding debian:Sectigo_Public_Server_Authentication_Root_E46.pem
Adding debian:Sectigo_Public_Server_Authentication_Root_R46.pem
Adding debian:SecureSign_Root_CA12.pem
Adding debian:SecureSign_Root_CA14.pem
Adding debian:SecureSign_Root_CA15.pem
Adding debian:Security_Communication_ECC_RootCA1.pem
Adding debian:Security_Communication_RootCA2.pem
Adding debian:Starfield_Root_Certificate_Authority_-_G2.pem
Adding debian:Starfield_Services_Root_Certificate_Authority_-_G2.pem
Adding debian:SwissSign_RSA_TLS_Root_CA_2022_-_1.pem
Adding debian:T-TeleSec_GlobalRoot_Class_2.pem
Adding debian:T-TeleSec_GlobalRoot_Class_3.pem
Adding debian:TUBITAK_Kamu_SM_SSL_Kok_Sertifikasi_-_Surum_1.pem
Adding debian:TWCA_CYBER_Root_CA.pem
Adding debian:TWCA_Global_Root_CA.pem
Adding debian:TWCA_Root_Certification_Authority.pem
Adding debian:Telekom_Security_TLS_ECC_Root_2020.pem
Adding debian:Telekom_Security_TLS_RSA_Root_2023.pem
Adding debian:Telia_Root_CA_v2.pem
Adding debian:TrustAsia_Global_Root_CA_G3.pem
Adding debian:TrustAsia_Global_Root_CA_G4.pem
Adding debian:TrustAsia_TLS_ECC_Root_CA.pem
Adding debian:TrustAsia_TLS_RSA_Root_CA.pem
Adding debian:TunTrust_Root_CA.pem
Adding debian:UCA_Extended_Validation_Root.pem
Adding debian:UCA_Global_G2_Root.pem
Adding debian:USERTrust_ECC_Certification_Authority.pem
Adding debian:USERTrust_RSA_Certification_Authority.pem
Adding debian:certSIGN_Root_CA_G2.pem
Adding debian:e-Szigno_Root_CA_2017.pem
Adding debian:e-Szigno_TLS_Root_CA_2023.pem
Adding debian:ePKI_Root_Certification_Authority.pem
Adding debian:emSign_ECC_Root_CA_-_C3.pem
Adding debian:emSign_ECC_Root_CA_-_G3.pem
Adding debian:emSign_Root_CA_-_C1.pem
Adding debian:emSign_Root_CA_-_G1.pem
Adding debian:vTrus_ECC_Root_CA.pem
Adding debian:vTrus_Root_CA.pem
done.
Setting up openjdk-21-jre:amd64 (21.0.12+8-1~24.04) ...
Setting up libreoffice-script-provider-bsh (4:24.2.7-0ubuntu0.24.04.6) ...
Setting up libreoffice-script-provider-js (4:24.2.7-0ubuntu0.24.04.6) ...
Setting up libreoffice-sdbc-hsqldb (4:24.2.7-0ubuntu0.24.04.6) ...
Setting up default-jre-headless (2:1.21-75+exp1) ...
Setting up libreoffice-wiki-publisher (4:1.2.0+LibO24.2.7-0ubuntu0.24.04.6) ...
Setting up libreoffice-nlpsolver (4:0.9+LibO24.2.7-0ubuntu0.24.04.6) ...
Setting up default-jre (2:1.21-75+exp1) ...
Processing triggers for libvlc-bin:amd64 (3.0.20-3build6) ...
    -> Flathub
    -> Veil packages
veil-browser.deb
veil-center_1.0.0_amd64.deb
Reading package lists...
Building dependency tree...
Reading state information...
The following NEW packages will be installed:
  veil-browser veil-center
0 upgraded, 2 newly installed, 0 to remove and 0 not upgraded.
Need to get 0 B/196 MB of archives.
After this operation, 617 MB of additional disk space will be used.
Get:1 /tmp/veil/debs/veil-browser.deb veil-browser amd64 1.0.22 [105 MB]
Get:2 /tmp/veil/debs/veil-center_1.0.0_amd64.deb veil-center amd64 1.0.0 [91.4 MB]
Selecting previously unselected package veil-browser.
(Reading database ... (Reading database ... 5%(Reading database ... 10%(Reading database ... 15%(Reading database ... 20%(Reading database ... 25%(Reading database ... 30%(Reading database ... 35%(Reading database ... 40%(Reading database ... 45%(Reading database ... 50%(Reading database ... 55%(Reading database ... 60%(Reading database ... 65%(Reading database ... 70%(Reading database ... 75%(Reading database ... 80%(Reading database ... 85%(Reading database ... 90%(Reading database ... 95%(Reading database ... 100%(Reading database ... 253564 files and directories currently installed.)
Preparing to unpack .../tmp/veil/debs/veil-browser.deb ...
Unpacking veil-browser (1.0.22) ...
Selecting previously unselected package veil-center.
Preparing to unpack .../veil-center_1.0.0_amd64.deb ...
Unpacking veil-center (1.0.0) ...
Setting up veil-center (1.0.0) ...
Setting up veil-browser (1.0.22) ...
update-alternatives: using /opt/Veil/veil-browser to provide /usr/bin/veil-browser (veil-browser) in auto mode
unshare: unshare failed: Operation not permitted
Processing triggers for hicolor-icon-theme (0.17-2) ...
Processing triggers for gnome-menus (3.36.0-1.1ubuntu3) ...
Processing triggers for desktop-file-utils (0.27-2build1) ...
    -> default browser: /opt/Veil/veil-browser (veil-browser.desktop)
update-alternatives: using /opt/Veil/veil-browser to provide /usr/bin/x-www-browser (x-www-browser) in auto mode
update-alternatives: using /opt/Veil/veil-browser to provide /usr/bin/gnome-www-browser (gnome-www-browser) in auto mode
    -> AppArmor profile added for /opt/Veil/veil-browser
Cache read/write disabled: interface file missing. (Kernel needs AppArmor 2.4 compatibility patch.)
    -> browser window class: veil
    -> browser icon 'veil-browser' in: 1024x1024 

==>   50-windows.sh
    -> installing 7 packages from windows.list
Reading package lists...
Building dependency tree...
Reading state information...
zenity is already the newest version (4.0.1-1build3).
zenity set to manually installed.
libvulkan1 is already the newest version (1.3.275.0-1build1).
libvulkan1 set to manually installed.
The following additional packages will be installed:
  gcc-14-base:i386 libatomic1:i386 libbsd0:i386 libc6:i386 libdrm-amdgpu1:i386
  libdrm2:i386 libedit2:i386 libelf1t64:i386 libexpat1:i386 libffi8:i386
  libgcc-s1:i386 libicu74:i386 libidn2-0:i386 libllvm20:i386 liblzma5:i386
  libmd0:i386 libmspack0t64 libstdc++6:i386 libtinfo6:i386 libunistring5:i386
  libunshield0 libwayland-client0:i386 libx11-6:i386 libx11-xcb1:i386
  libxau6:i386 libxcb-dri3-0:i386 libxcb-present0:i386 libxcb-randr0:i386
  libxcb-shm0:i386 libxcb-sync1:i386 libxcb-xfixes0:i386 libxcb1:i386
  libxdmcp6:i386 libxml2:i386 libxshmfence1:i386 libzstd1:i386
  mesa-vulkan-drivers:i386 python3-gpg python3-ldb python3-markdown
  python3-samba python3-talloc python3-tdb samba-common samba-common-bin
  samba-dsdb-modules zlib1g:i386
Suggested packages:
  glibc-doc:i386 locales:i386 libnss-nis:i386 libnss-nisplus:i386
  python-markdown-doc heimdal-clients python3-dnspython libnss-winbind
  libpam-winbind
The following NEW packages will be installed:
  cabextract fonts-wine gcc-14-base:i386 libatomic1:i386 libbsd0:i386
  libc6:i386 libdrm-amdgpu1:i386 libdrm2:i386 libedit2:i386 libelf1t64:i386
  libexpat1:i386 libffi8:i386 libgcc-s1:i386 libicu74:i386 libidn2-0:i386
  libllvm20:i386 liblzma5:i386 libmd0:i386 libmspack0t64 libstdc++6:i386
  libtinfo6:i386 libunistring5:i386 libunshield0 libvulkan1:i386
  libwayland-client0:i386 libx11-6:i386 libx11-xcb1:i386 libxau6:i386
  libxcb-dri3-0:i386 libxcb-present0:i386 libxcb-randr0:i386 libxcb-shm0:i386
  libxcb-sync1:i386 libxcb-xfixes0:i386 libxcb1:i386 libxdmcp6:i386
  libxml2:i386 libxshmfence1:i386 libzstd1:i386 mesa-vulkan-drivers:i386
  python3-gpg python3-ldb python3-markdown python3-samba python3-talloc
  python3-tdb samba-common samba-common-bin samba-dsdb-modules unshield
  winbind zlib1g:i386
0 upgraded, 52 newly installed, 0 to remove and 0 not upgraded.
Need to get 74.8 MB of archives.
After this operation, 338 MB of additional disk space will be used.
Get:1 http://archive.ubuntu.com/ubuntu noble-updates/main amd64 samba-common all 2:4.19.5+dfsg-4ubuntu9.7 [65.7 kB]
Get:2 http://archive.ubuntu.com/ubuntu noble-updates/main amd64 python3-ldb amd64 2:2.8.0+samba4.19.5+dfsg-4ubuntu9.7 [41.8 kB]
Get:3 http://archive.ubuntu.com/ubuntu noble/main amd64 python3-tdb amd64 1.4.10-1build1 [15.3 kB]
Get:4 http://archive.ubuntu.com/ubuntu noble/main amd64 python3-markdown all 3.5.2-1 [72.0 kB]
Get:5 http://archive.ubuntu.com/ubuntu noble/main amd64 python3-talloc amd64 2.4.2-1build2 [12.9 kB]
Get:6 http://archive.ubuntu.com/ubuntu noble-updates/main amd64 python3-samba amd64 2:4.19.5+dfsg-4ubuntu9.7 [2894 kB]
Get:7 http://archive.ubuntu.com/ubuntu noble-updates/main amd64 samba-common-bin amd64 2:4.19.5+dfsg-4ubuntu9.7 [1280 kB]
Get:8 http://archive.ubuntu.com/ubuntu noble-updates/main amd64 winbind amd64 2:4.19.5+dfsg-4ubuntu9.7 [432 kB]
Get:9 http://archive.ubuntu.com/ubuntu noble-updates/main i386 gcc-14-base i386 14.2.0-4ubuntu2~24.04.1 [51.0 kB]
Get:10 http://archive.ubuntu.com/ubuntu noble-updates/main i386 libgcc-s1 i386 14.2.0-4ubuntu2~24.04.1 [95.5 kB]
Get:11 http://archive.ubuntu.com/ubuntu noble-updates/main i386 libc6 i386 2.39-0ubuntu8.9 [3011 kB]
Get:12 http://archive.ubuntu.com/ubuntu noble-updates/main i386 liblzma5 i386 5.6.1+really5.4.5-1ubuntu0.3 [133 kB]
Get:13 http://archive.ubuntu.com/ubuntu noble-updates/main i386 libmd0 i386 1.1.0-2build1.1 [29.4 kB]
Get:14 http://archive.ubuntu.com/ubuntu noble-updates/main i386 libtinfo6 i386 6.4+20240113-1ubuntu2.2 [110 kB]
Get:15 http://archive.ubuntu.com/ubuntu noble-updates/main i386 libzstd1 i386 1.5.5+dfsg2-2build1.1 [288 kB]
Get:16 http://archive.ubuntu.com/ubuntu noble-updates/main i386 zlib1g i386 1:1.3.dfsg-3.1ubuntu2.2 [59.0 kB]
Get:17 http://archive.ubuntu.com/ubuntu noble-updates/main i386 libbsd0 i386 0.12.1-1build1.1 [45.3 kB]
Get:18 http://archive.ubuntu.com/ubuntu noble-updates/main i386 libelf1t64 i386 0.190-1.1ubuntu0.1 [62.3 kB]
Get:19 http://archive.ubuntu.com/ubuntu noble-updates/main i386 libexpat1 i386 2.6.1-2ubuntu0.4 [91.4 kB]
Get:20 http://archive.ubuntu.com/ubuntu noble/main i386 libffi8 i386 3.4.6-1build1 [22.8 kB]
Get:21 http://archive.ubuntu.com/ubuntu noble-updates/main i386 libstdc++6 i386 14.2.0-4ubuntu2~24.04.1 [862 kB]
Get:22 http://archive.ubuntu.com/ubuntu noble-updates/main i386 libicu74 i386 74.2-1ubuntu3.1 [11.0 MB]
Get:23 http://archive.ubuntu.com/ubuntu noble-updates/main i386 libunistring5 i386 1.1-2build1.1 [547 kB]
Get:24 http://archive.ubuntu.com/ubuntu noble-updates/main i386 libidn2-0 i386 2.3.7-2build1.1 [102 kB]
Get:25 http://archive.ubuntu.com/ubuntu noble-updates/main i386 libxml2 i386 2.9.14+dfsg-1.3ubuntu3.8 [723 kB]
Get:26 http://archive.ubuntu.com/ubuntu noble/main i386 libedit2 i386 3.1-20230828-1build1 [101 kB]
Get:27 http://archive.ubuntu.com/ubuntu noble/main i386 libxau6 i386 1:1.0.9-1build6 [7520 B]
Get:28 http://archive.ubuntu.com/ubuntu noble/main i386 libxdmcp6 i386 1:1.1.3-0ubuntu6 [10.7 kB]
Get:29 http://archive.ubuntu.com/ubuntu noble/main i386 libxcb1 i386 1.15-1ubuntu2 [54.3 kB]
Get:30 http://archive.ubuntu.com/ubuntu noble/main i386 libx11-6 i386 2:1.8.7-1build1 [670 kB]
Get:31 http://archive.ubuntu.com/ubuntu noble/main amd64 libmspack0t64 amd64 0.11-1.1build1 [40.0 kB]
Get:32 http://archive.ubuntu.com/ubuntu noble/universe amd64 cabextract amd64 1.11-2 [24.7 kB]
Get:33 http://archive.ubuntu.com/ubuntu noble/universe amd64 fonts-wine all 9.0~repack-4build3 [211 kB]
Get:34 http://archive.ubuntu.com/ubuntu noble-updates/main i386 libatomic1 i386 14.2.0-4ubuntu2~24.04.1 [8554 B]
Get:35 http://archive.ubuntu.com/ubuntu noble-updates/main i386 libdrm2 i386 2.4.125-1ubuntu0.1~24.04.2 [45.5 kB]
Get:36 http://archive.ubuntu.com/ubuntu noble-updates/main i386 libdrm-amdgpu1 i386 2.4.125-1ubuntu0.1~24.04.2 [25.5 kB]
Get:37 http://archive.ubuntu.com/ubuntu noble-updates/main i386 libllvm20 i386 1:20.1.2-0ubuntu1~24.04.3 [35.6 MB]
Get:38 http://archive.ubuntu.com/ubuntu noble/universe amd64 libunshield0 amd64 1.5.1-1 [22.9 kB]
Get:39 http://archive.ubuntu.com/ubuntu noble/main i386 libvulkan1 i386 1.3.275.0-1build1 [154 kB]
Get:40 http://archive.ubuntu.com/ubuntu noble/main i386 libwayland-client0 i386 1.22.0-2.1build1 [28.4 kB]
Get:41 http://archive.ubuntu.com/ubuntu noble/main i386 libx11-xcb1 i386 2:1.8.7-1build1 [7774 B]
Get:42 http://archive.ubuntu.com/ubuntu noble/main i386 libxcb-dri3-0 i386 1.15-1ubuntu2 [7388 B]
Get:43 http://archive.ubuntu.com/ubuntu noble/main i386 libxcb-present0 i386 1.15-1ubuntu2 [5810 B]
Get:44 http://archive.ubuntu.com/ubuntu noble/main i386 libxcb-randr0 i386 1.15-1ubuntu2 [19.5 kB]
Get:45 http://archive.ubuntu.com/ubuntu noble/main i386 libxcb-shm0 i386 1.15-1ubuntu2 [5850 B]
Get:46 http://archive.ubuntu.com/ubuntu noble/main i386 libxcb-sync1 i386 1.15-1ubuntu2 [9772 B]
Get:47 http://archive.ubuntu.com/ubuntu noble/main i386 libxcb-xfixes0 i386 1.15-1ubuntu2 [10.7 kB]
Get:48 http://archive.ubuntu.com/ubuntu noble/main i386 libxshmfence1 i386 1.3-1build5 [4922 B]
Get:49 http://archive.ubuntu.com/ubuntu noble-updates/main i386 mesa-vulkan-drivers i386 25.2.8-0ubuntu0.24.04.2 [15.1 MB]
Get:50 http://archive.ubuntu.com/ubuntu noble/main amd64 python3-gpg amd64 1.18.0-4.1ubuntu4 [209 kB]
Get:51 http://archive.ubuntu.com/ubuntu noble-updates/main amd64 samba-dsdb-modules amd64 2:4.19.5+dfsg-4ubuntu9.7 [319 kB]
Get:52 http://archive.ubuntu.com/ubuntu noble/universe amd64 unshield amd64 1.5.1-1 [11.3 kB]
Preconfiguring packages ...
Fetched 74.8 MB in 1s (94.9 MB/s)
Selecting previously unselected package samba-common.
(Reading database ... (Reading database ... 5%(Reading database ... 10%(Reading database ... 15%(Reading database ... 20%(Reading database ... 25%(Reading database ... 30%(Reading database ... 35%(Reading database ... 40%(Reading database ... 45%(Reading database ... 50%(Reading database ... 55%(Reading database ... 60%(Reading database ... 65%(Reading database ... 70%(Reading database ... 75%(Reading database ... 80%(Reading database ... 85%(Reading database ... 90%(Reading database ... 95%(Reading database ... 100%(Reading database ... 254534 files and directories currently installed.)
Preparing to unpack .../00-samba-common_2%3a4.19.5+dfsg-4ubuntu9.7_all.deb ...
Unpacking samba-common (2:4.19.5+dfsg-4ubuntu9.7) ...
Selecting previously unselected package python3-ldb.
Preparing to unpack .../01-python3-ldb_2%3a2.8.0+samba4.19.5+dfsg-4ubuntu9.7_amd64.deb ...
Unpacking python3-ldb (2:2.8.0+samba4.19.5+dfsg-4ubuntu9.7) ...
Selecting previously unselected package python3-tdb.
Preparing to unpack .../02-python3-tdb_1.4.10-1build1_amd64.deb ...
Unpacking python3-tdb (1.4.10-1build1) ...
Selecting previously unselected package python3-markdown.
Preparing to unpack .../03-python3-markdown_3.5.2-1_all.deb ...
Unpacking python3-markdown (3.5.2-1) ...
Selecting previously unselected package python3-talloc:amd64.
Preparing to unpack .../04-python3-talloc_2.4.2-1build2_amd64.deb ...
Unpacking python3-talloc:amd64 (2.4.2-1build2) ...
Selecting previously unselected package python3-samba.
Preparing to unpack .../05-python3-samba_2%3a4.19.5+dfsg-4ubuntu9.7_amd64.deb ...
Unpacking python3-samba (2:4.19.5+dfsg-4ubuntu9.7) ...
Selecting previously unselected package samba-common-bin.
Preparing to unpack .../06-samba-common-bin_2%3a4.19.5+dfsg-4ubuntu9.7_amd64.deb ...
Unpacking samba-common-bin (2:4.19.5+dfsg-4ubuntu9.7) ...
Selecting previously unselected package winbind.
Preparing to unpack .../07-winbind_2%3a4.19.5+dfsg-4ubuntu9.7_amd64.deb ...
Unpacking winbind (2:4.19.5+dfsg-4ubuntu9.7) ...
Selecting previously unselected package gcc-14-base:i386.
Preparing to unpack .../08-gcc-14-base_14.2.0-4ubuntu2~24.04.1_i386.deb ...
Unpacking gcc-14-base:i386 (14.2.0-4ubuntu2~24.04.1) ...
Selecting previously unselected package libgcc-s1:i386.
Preparing to unpack .../09-libgcc-s1_14.2.0-4ubuntu2~24.04.1_i386.deb ...
Unpacking libgcc-s1:i386 (14.2.0-4ubuntu2~24.04.1) ...
Selecting previously unselected package libc6:i386.
Preparing to unpack .../10-libc6_2.39-0ubuntu8.9_i386.deb ...
Unpacking libc6:i386 (2.39-0ubuntu8.9) ...
Selecting previously unselected package liblzma5:i386.
Preparing to unpack .../11-liblzma5_5.6.1+really5.4.5-1ubuntu0.3_i386.deb ...
Unpacking liblzma5:i386 (5.6.1+really5.4.5-1ubuntu0.3) ...
Selecting previously unselected package libmd0:i386.
Preparing to unpack .../12-libmd0_1.1.0-2build1.1_i386.deb ...
Unpacking libmd0:i386 (1.1.0-2build1.1) ...
Selecting previously unselected package libtinfo6:i386.
Preparing to unpack .../13-libtinfo6_6.4+20240113-1ubuntu2.2_i386.deb ...
Unpacking libtinfo6:i386 (6.4+20240113-1ubuntu2.2) ...
Selecting previously unselected package libzstd1:i386.
Preparing to unpack .../14-libzstd1_1.5.5+dfsg2-2build1.1_i386.deb ...
Unpacking libzstd1:i386 (1.5.5+dfsg2-2build1.1) ...
Selecting previously unselected package zlib1g:i386.
Preparing to unpack .../15-zlib1g_1%3a1.3.dfsg-3.1ubuntu2.2_i386.deb ...
Unpacking zlib1g:i386 (1:1.3.dfsg-3.1ubuntu2.2) ...
Selecting previously unselected package libbsd0:i386.
Preparing to unpack .../16-libbsd0_0.12.1-1build1.1_i386.deb ...
Unpacking libbsd0:i386 (0.12.1-1build1.1) ...
Selecting previously unselected package libelf1t64:i386.
Preparing to unpack .../17-libelf1t64_0.190-1.1ubuntu0.1_i386.deb ...
Unpacking libelf1t64:i386 (0.190-1.1ubuntu0.1) ...
Selecting previously unselected package libexpat1:i386.
Preparing to unpack .../18-libexpat1_2.6.1-2ubuntu0.4_i386.deb ...
Unpacking libexpat1:i386 (2.6.1-2ubuntu0.4) ...
Selecting previously unselected package libffi8:i386.
Preparing to unpack .../19-libffi8_3.4.6-1build1_i386.deb ...
Unpacking libffi8:i386 (3.4.6-1build1) ...
Selecting previously unselected package libstdc++6:i386.
Preparing to unpack .../20-libstdc++6_14.2.0-4ubuntu2~24.04.1_i386.deb ...
Unpacking libstdc++6:i386 (14.2.0-4ubuntu2~24.04.1) ...
Selecting previously unselected package libicu74:i386.
Preparing to unpack .../21-libicu74_74.2-1ubuntu3.1_i386.deb ...
Unpacking libicu74:i386 (74.2-1ubuntu3.1) ...
Selecting previously unselected package libunistring5:i386.
Preparing to unpack .../22-libunistring5_1.1-2build1.1_i386.deb ...
Unpacking libunistring5:i386 (1.1-2build1.1) ...
Selecting previously unselected package libidn2-0:i386.
Preparing to unpack .../23-libidn2-0_2.3.7-2build1.1_i386.deb ...
Unpacking libidn2-0:i386 (2.3.7-2build1.1) ...
Selecting previously unselected package libxml2:i386.
Preparing to unpack .../24-libxml2_2.9.14+dfsg-1.3ubuntu3.8_i386.deb ...
Unpacking libxml2:i386 (2.9.14+dfsg-1.3ubuntu3.8) ...
Selecting previously unselected package libedit2:i386.
Preparing to unpack .../25-libedit2_3.1-20230828-1build1_i386.deb ...
Unpacking libedit2:i386 (3.1-20230828-1build1) ...
Selecting previously unselected package libxau6:i386.
Preparing to unpack .../26-libxau6_1%3a1.0.9-1build6_i386.deb ...
Unpacking libxau6:i386 (1:1.0.9-1build6) ...
Selecting previously unselected package libxdmcp6:i386.
Preparing to unpack .../27-libxdmcp6_1%3a1.1.3-0ubuntu6_i386.deb ...
Unpacking libxdmcp6:i386 (1:1.1.3-0ubuntu6) ...
Selecting previously unselected package libxcb1:i386.
Preparing to unpack .../28-libxcb1_1.15-1ubuntu2_i386.deb ...
Unpacking libxcb1:i386 (1.15-1ubuntu2) ...
Selecting previously unselected package libx11-6:i386.
Preparing to unpack .../29-libx11-6_2%3a1.8.7-1build1_i386.deb ...
Unpacking libx11-6:i386 (2:1.8.7-1build1) ...
Selecting previously unselected package libmspack0t64:amd64.
Preparing to unpack .../30-libmspack0t64_0.11-1.1build1_amd64.deb ...
Unpacking libmspack0t64:amd64 (0.11-1.1build1) ...
Selecting previously unselected package cabextract.
Preparing to unpack .../31-cabextract_1.11-2_amd64.deb ...
Unpacking cabextract (1.11-2) ...
Selecting previously unselected package fonts-wine.
Preparing to unpack .../32-fonts-wine_9.0~repack-4build3_all.deb ...
Unpacking fonts-wine (9.0~repack-4build3) ...
Selecting previously unselected package libatomic1:i386.
Preparing to unpack .../33-libatomic1_14.2.0-4ubuntu2~24.04.1_i386.deb ...
Unpacking libatomic1:i386 (14.2.0-4ubuntu2~24.04.1) ...
Selecting previously unselected package libdrm2:i386.
Preparing to unpack .../34-libdrm2_2.4.125-1ubuntu0.1~24.04.2_i386.deb ...
Unpacking libdrm2:i386 (2.4.125-1ubuntu0.1~24.04.2) ...
Selecting previously unselected package libdrm-amdgpu1:i386.
Preparing to unpack .../35-libdrm-amdgpu1_2.4.125-1ubuntu0.1~24.04.2_i386.deb ...
Unpacking libdrm-amdgpu1:i386 (2.4.125-1ubuntu0.1~24.04.2) ...
Selecting previously unselected package libllvm20:i386.
Preparing to unpack .../36-libllvm20_1%3a20.1.2-0ubuntu1~24.04.3_i386.deb ...
Unpacking libllvm20:i386 (1:20.1.2-0ubuntu1~24.04.3) ...
Selecting previously unselected package libunshield0:amd64.
Preparing to unpack .../37-libunshield0_1.5.1-1_amd64.deb ...
Unpacking libunshield0:amd64 (1.5.1-1) ...
Selecting previously unselected package libvulkan1:i386.
Preparing to unpack .../38-libvulkan1_1.3.275.0-1build1_i386.deb ...
Unpacking libvulkan1:i386 (1.3.275.0-1build1) ...
Selecting previously unselected package libwayland-client0:i386.
Preparing to unpack .../39-libwayland-client0_1.22.0-2.1build1_i386.deb ...
Unpacking libwayland-client0:i386 (1.22.0-2.1build1) ...
Selecting previously unselected package libx11-xcb1:i386.
Preparing to unpack .../40-libx11-xcb1_2%3a1.8.7-1build1_i386.deb ...
Unpacking libx11-xcb1:i386 (2:1.8.7-1build1) ...
Selecting previously unselected package libxcb-dri3-0:i386.
Preparing to unpack .../41-libxcb-dri3-0_1.15-1ubuntu2_i386.deb ...
Unpacking libxcb-dri3-0:i386 (1.15-1ubuntu2) ...
Selecting previously unselected package libxcb-present0:i386.
Preparing to unpack .../42-libxcb-present0_1.15-1ubuntu2_i386.deb ...
Unpacking libxcb-present0:i386 (1.15-1ubuntu2) ...
Selecting previously unselected package libxcb-randr0:i386.
Preparing to unpack .../43-libxcb-randr0_1.15-1ubuntu2_i386.deb ...
Unpacking libxcb-randr0:i386 (1.15-1ubuntu2) ...
Selecting previously unselected package libxcb-shm0:i386.
Preparing to unpack .../44-libxcb-shm0_1.15-1ubuntu2_i386.deb ...
Unpacking libxcb-shm0:i386 (1.15-1ubuntu2) ...
Selecting previously unselected package libxcb-sync1:i386.
Preparing to unpack .../45-libxcb-sync1_1.15-1ubuntu2_i386.deb ...
Unpacking libxcb-sync1:i386 (1.15-1ubuntu2) ...
Selecting previously unselected package libxcb-xfixes0:i386.
Preparing to unpack .../46-libxcb-xfixes0_1.15-1ubuntu2_i386.deb ...
Unpacking libxcb-xfixes0:i386 (1.15-1ubuntu2) ...
Selecting previously unselected package libxshmfence1:i386.
Preparing to unpack .../47-libxshmfence1_1.3-1build5_i386.deb ...
Unpacking libxshmfence1:i386 (1.3-1build5) ...
Selecting previously unselected package mesa-vulkan-drivers:i386.
Preparing to unpack .../48-mesa-vulkan-drivers_25.2.8-0ubuntu0.24.04.2_i386.deb ...
Unpacking mesa-vulkan-drivers:i386 (25.2.8-0ubuntu0.24.04.2) ...
Selecting previously unselected package python3-gpg.
Preparing to unpack .../49-python3-gpg_1.18.0-4.1ubuntu4_amd64.deb ...
Unpacking python3-gpg (1.18.0-4.1ubuntu4) ...
Selecting previously unselected package samba-dsdb-modules:amd64.
Preparing to unpack .../50-samba-dsdb-modules_2%3a4.19.5+dfsg-4ubuntu9.7_amd64.deb ...
Unpacking samba-dsdb-modules:amd64 (2:4.19.5+dfsg-4ubuntu9.7) ...
Selecting previously unselected package unshield.
Preparing to unpack .../51-unshield_1.5.1-1_amd64.deb ...
Unpacking unshield (1.5.1-1) ...
Setting up gcc-14-base:i386 (14.2.0-4ubuntu2~24.04.1) ...
Setting up python3-talloc:amd64 (2.4.2-1build2) ...
Setting up libmspack0t64:amd64 (0.11-1.1build1) ...
Setting up samba-common (2:4.19.5+dfsg-4ubuntu9.7) ...

Creating config file /etc/samba/smb.conf with new version
Setting up fonts-wine (9.0~repack-4build3) ...
Setting up python3-tdb (1.4.10-1build1) ...
Setting up python3-gpg (1.18.0-4.1ubuntu4) ...
Setting up python3-ldb (2:2.8.0+samba4.19.5+dfsg-4ubuntu9.7) ...
Setting up python3-markdown (3.5.2-1) ...
Setting up libunshield0:amd64 (1.5.1-1) ...
Setting up samba-dsdb-modules:amd64 (2:4.19.5+dfsg-4ubuntu9.7) ...
Setting up python3-samba (2:4.19.5+dfsg-4ubuntu9.7) ...
Setting up cabextract (1.11-2) ...
Setting up unshield (1.5.1-1) ...
Setting up samba-common-bin (2:4.19.5+dfsg-4ubuntu9.7) ...
Setting up winbind (2:4.19.5+dfsg-4ubuntu9.7) ...
Running in chroot, ignoring request.
invoke-rc.d: policy-rc.d denied execution of start.
Created symlink /etc/systemd/system/multi-user.target.wants/winbind.service → /usr/lib/systemd/system/winbind.service.
Setting up libgcc-s1:i386 (14.2.0-4ubuntu2~24.04.1) ...
Setting up libc6:i386 (2.39-0ubuntu8.9) ...
Setting up libffi8:i386 (3.4.6-1build1) ...
Setting up libdrm2:i386 (2.4.125-1ubuntu0.1~24.04.2) ...
Setting up libmd0:i386 (1.1.0-2build1.1) ...
Setting up libxshmfence1:i386 (1.3-1build5) ...
Setting up libbsd0:i386 (0.12.1-1build1.1) ...
Setting up libstdc++6:i386 (14.2.0-4ubuntu2~24.04.1) ...
Setting up libtinfo6:i386 (6.4+20240113-1ubuntu2.2) ...
Setting up libdrm-amdgpu1:i386 (2.4.125-1ubuntu0.1~24.04.2) ...
Setting up libwayland-client0:i386 (1.22.0-2.1build1) ...
Setting up libexpat1:i386 (2.6.1-2ubuntu0.4) ...
Setting up libzstd1:i386 (1.5.5+dfsg2-2build1.1) ...
Setting up libxau6:i386 (1:1.0.9-1build6) ...
Setting up libxdmcp6:i386 (1:1.1.3-0ubuntu6) ...
Setting up libxcb1:i386 (1.15-1ubuntu2) ...
Setting up libxcb-xfixes0:i386 (1.15-1ubuntu2) ...
Setting up liblzma5:i386 (5.6.1+really5.4.5-1ubuntu0.3) ...
Setting up libedit2:i386 (3.1-20230828-1build1) ...
Setting up zlib1g:i386 (1:1.3.dfsg-3.1ubuntu2.2) ...
Setting up libxcb-shm0:i386 (1.15-1ubuntu2) ...
Setting up libelf1t64:i386 (0.190-1.1ubuntu0.1) ...
Setting up libxcb-present0:i386 (1.15-1ubuntu2) ...
Setting up libxcb-sync1:i386 (1.15-1ubuntu2) ...
Setting up libunistring5:i386 (1.1-2build1.1) ...
Setting up libatomic1:i386 (14.2.0-4ubuntu2~24.04.1) ...
Setting up libvulkan1:i386 (1.3.275.0-1build1) ...
Setting up libicu74:i386 (74.2-1ubuntu3.1) ...
Setting up libxcb-randr0:i386 (1.15-1ubuntu2) ...
Setting up libx11-6:i386 (2:1.8.7-1build1) ...
Setting up libxml2:i386 (2.9.14+dfsg-1.3ubuntu3.8) ...
Setting up libxcb-dri3-0:i386 (1.15-1ubuntu2) ...
Setting up libx11-xcb1:i386 (2:1.8.7-1build1) ...
Setting up libidn2-0:i386 (2.3.7-2build1.1) ...
Setting up libllvm20:i386 (1:20.1.2-0ubuntu1~24.04.3) ...
Setting up mesa-vulkan-drivers:i386 (25.2.8-0ubuntu0.24.04.2) ...
Processing triggers for libc-bin (2.39-0ubuntu8.9) ...
Processing triggers for man-db (2.12.0-4build2) ...
    -> WineHQ repository
Get:1 https://dl.winehq.org/wine-builds/ubuntu noble InRelease [8909 B]
Get:2 https://dl.winehq.org/wine-builds/ubuntu noble/main amd64 Packages [243 kB]
Hit:3 http://archive.ubuntu.com/ubuntu noble InRelease
Hit:4 http://archive.ubuntu.com/ubuntu noble-updates InRelease
Hit:5 http://archive.ubuntu.com/ubuntu noble-backports InRelease
Get:6 https://dl.winehq.org/wine-builds/ubuntu noble/main i386 Packages [243 kB]
Get:7 http://archive.ubuntu.com/ubuntu noble/main amd64 Components [464 kB]
Hit:8 http://security.ubuntu.com/ubuntu noble-security InRelease
Get:9 http://archive.ubuntu.com/ubuntu noble/main amd64 c-n-f Metadata [30.5 kB]
Get:10 http://archive.ubuntu.com/ubuntu noble/restricted amd64 c-n-f Metadata [416 B]
Get:11 http://archive.ubuntu.com/ubuntu noble/universe amd64 Components [3871 kB]
Get:12 http://archive.ubuntu.com/ubuntu noble/universe amd64 c-n-f Metadata [301 kB]
Get:13 http://archive.ubuntu.com/ubuntu noble/multiverse amd64 Components [35.0 kB]
Get:14 http://archive.ubuntu.com/ubuntu noble/multiverse amd64 c-n-f Metadata [8328 B]
Get:15 http://archive.ubuntu.com/ubuntu noble-updates/main amd64 Components [181 kB]
Get:16 http://archive.ubuntu.com/ubuntu noble-updates/main amd64 c-n-f Metadata [17.7 kB]
Get:17 http://archive.ubuntu.com/ubuntu noble-updates/restricted amd64 Components [212 B]
Get:18 http://archive.ubuntu.com/ubuntu noble-updates/restricted amd64 c-n-f Metadata [456 B]
Get:19 http://archive.ubuntu.com/ubuntu noble-updates/universe amd64 Components [388 kB]
Get:20 http://archive.ubuntu.com/ubuntu noble-updates/universe amd64 c-n-f Metadata [34.9 kB]
Get:21 http://archive.ubuntu.com/ubuntu noble-updates/multiverse amd64 Components [940 B]
Get:22 http://archive.ubuntu.com/ubuntu noble-updates/multiverse amd64 c-n-f Metadata [656 B]
Get:23 http://archive.ubuntu.com/ubuntu noble-backports/main amd64 Components [5748 B]
Get:24 http://archive.ubuntu.com/ubuntu noble-backports/main amd64 c-n-f Metadata [368 B]
Get:25 http://archive.ubuntu.com/ubuntu noble-backports/restricted amd64 Components [212 B]
Get:26 http://archive.ubuntu.com/ubuntu noble-backports/restricted amd64 c-n-f Metadata [116 B]
Get:27 http://archive.ubuntu.com/ubuntu noble-backports/universe amd64 Components [12.6 kB]
Get:28 http://archive.ubuntu.com/ubuntu noble-backports/universe amd64 c-n-f Metadata [1588 B]
Get:29 http://archive.ubuntu.com/ubuntu noble-backports/multiverse amd64 Components [212 B]
Get:30 http://archive.ubuntu.com/ubuntu noble-backports/multiverse amd64 c-n-f Metadata [116 B]
Get:31 http://security.ubuntu.com/ubuntu noble-security/main amd64 Components [46.4 kB]
Get:32 http://security.ubuntu.com/ubuntu noble-security/main amd64 c-n-f Metadata [11.9 kB]
Get:33 http://security.ubuntu.com/ubuntu noble-security/restricted amd64 Components [212 B]
Get:34 http://security.ubuntu.com/ubuntu noble-security/restricted amd64 c-n-f Metadata [444 B]
Get:35 http://security.ubuntu.com/ubuntu noble-security/universe amd64 Components [76.2 kB]
Get:36 http://security.ubuntu.com/ubuntu noble-security/universe amd64 c-n-f Metadata [24.2 kB]
Get:37 http://security.ubuntu.com/ubuntu noble-security/multiverse amd64 Components [208 B]
Get:38 http://security.ubuntu.com/ubuntu noble-security/multiverse amd64 c-n-f Metadata [468 B]
Fetched 6012 kB in 1s (4501 kB/s)
Reading package lists...
    -> Wine (stable)
Reading package lists...
Building dependency tree...
Reading state information...
The following additional packages will be installed:
  gstreamer1.0-plugins-base:i386 i965-va-driver:i386
  intel-media-va-driver:i386 libaom3:i386 libapparmor1:i386 libasound2-plugins
  libasound2-plugins:i386 libasound2t64:i386 libasyncns0:i386
  libatk-bridge2.0-0t64:i386 libatk1.0-0t64:i386 libatspi2.0-0t64:i386
  libavahi-client3:i386 libavahi-common-data:i386 libavahi-common3:i386
  libavcodec60:i386 libavutil58:i386 libblkid1:i386 libbrotli1:i386
  libbz2-1.0:i386 libcairo-gobject2:i386 libcairo2:i386 libcap2:i386
  libcapi20-3t64 libcapi20-3t64:i386 libcdparanoia0:i386 libcodec2-1.2:i386
  libcolord2:i386 libcom-err2:i386 libcrypt1:i386 libcups2t64:i386
  libcurl3t64-gnutls:i386 libcurl4t64:i386 libdatrie1:i386 libdav1d7:i386
  libdb5.3t64:i386 libdbus-1-3:i386 libdecor-0-0:i386
  libdecor-0-plugin-1-gtk:i386 libdeflate0:i386 libdrm-intel1:i386
  libdw1t64:i386 libepoxy0:i386 libexif12:i386 libflac12t64:i386
  libfontconfig1:i386 libfreetype6:i386 libfribidi0:i386 libgbm1:i386
  libgcrypt20:i386 libgd3:i386 libgdbm-compat4t64:i386 libgdbm6t64:i386
  libgdk-pixbuf-2.0-0:i386 libglib2.0-0t64:i386 libglu1-mesa libglu1-mesa:i386
  libglvnd0:i386 libgmp10:i386 libgnutls30t64:i386 libgomp1:i386
  libgpg-error-l10n libgpg-error0:i386 libgphoto2-6t64:i386
  libgphoto2-port12t64:i386 libgpm2:i386 libgraphite2-3:i386 libgsm1:i386
  libgssapi-krb5-2:i386 libgstreamer-plugins-base1.0-0:i386
  libgstreamer1.0-0:i386 libgtk-3-0t64:i386 libharfbuzz0b:i386
  libheif-plugin-aomdec:i386 libheif-plugin-aomenc:i386 libheif1:i386
  libhogweed6t64:i386 libieee1284-3t64:i386 libigdgmm12:i386 libjack-jackd2-0
  libjack-jackd2-0:i386 libjbig0:i386 libjpeg-turbo8:i386 libjpeg8:i386
  libk5crypto3:i386 libkeyutils1:i386 libkrb5-3:i386 libkrb5support0:i386
  liblcms2-2:i386 libldap-common libldap2:i386 libltdl7:i386 liblz4-1:i386
  libmount1:i386 libmp3lame0:i386 libmpg123-0t64:i386 libncurses6:i386
  libnettle8t64:i386 libnghttp2-14:i386 libnspr4:i386 libnss3:i386
  libnuma1:i386 libodbc2 libodbc2:i386 libogg0:i386 libopengl0:i386
  libopenjp2-7:i386 libopus0:i386 liborc-0.4-0t64:i386 libp11-kit0:i386
  libpango-1.0-0:i386 libpangocairo-1.0-0:i386 libpangoft2-1.0-0:i386
  libpcap0.8t64:i386 libpci3:i386 libpciaccess0:i386 libpcre2-8-0:i386
  libperl5.38t64:i386 libpixman-1-0:i386 libpng16-16t64:i386
  libpoppler-glib8t64:i386 libpoppler134:i386 libpsl5t64:i386 libpulse0:i386
  librsvg2-2:i386 librsvg2-common:i386 librtmp1:i386 libsamplerate0:i386
  libsane1:i386 libsasl2-2:i386 libsasl2-modules:i386 libsasl2-modules-db:i386
  libsdl2-2.0-0 libsdl2-2.0-0:i386 libselinux1:i386 libsensors5:i386
  libsharpyuv0:i386 libshine3:i386 libsnappy1v5:i386 libsndfile1:i386
  libsnmp40t64:i386 libsoxr0:i386 libspeex1:i386 libspeexdsp1:i386
  libsqlite3-0:i386 libssh-4:i386 libssl3t64:i386 libsvtav1enc1d1:i386
  libswresample4:i386 libsystemd0:i386 libtasn1-6:i386 libthai0:i386
  libtheora0:i386 libtiff6:i386 libtwolame0:i386 libudev1:i386 libunwind8:i386
  libusb-1.0-0:i386 libv4l-0t64:i386 libv4lconvert0t64:i386 libva-drm2:i386
  libva-x11-2:i386 libva2:i386 libvdpau1:i386 libvisual-0.4-0:i386
  libvorbis0a:i386 libvorbisenc2:i386 libvpx9:i386 libwayland-cursor0:i386
  libwayland-egl1:i386 libwebp7:i386 libwebpmux3:i386 libwrap0:i386
  libx264-164:i386 libx265-199:i386 libxcb-render0:i386 libxcomposite1:i386
  libxcursor1:i386 libxdamage1:i386 libxext6:i386 libxfixes3:i386 libxi6:i386
  libxinerama1:i386 libxkbcommon0:i386 libxkbregistry0:i386 libxpm4:i386
  libxrandr2:i386 libxrender1:i386 libxslt1.1:i386 libxss1:i386
  libxvidcore4:i386 libxxf86vm1:i386 libzvbi0t64:i386 mesa-libgallium:i386
  mesa-va-drivers:i386 mesa-vdpau-drivers:i386 ocl-icd-libopencl1:i386
  va-driver-all:i386 vdpau-driver-all:i386 wine-stable wine-stable-amd64
  wine-stable-i386:i386
Suggested packages:
  gvfs:i386 i965-va-driver-shaders:i386 libcuda1:i386 libnvcuvid1:i386
  libnvidia-encode1:i386 rng-tools:i386 libgd-tools:i386 gdbm-l10n:i386
  low-memory-monitor:i386 gnutls-bin:i386 gphoto2:i386 gpm:i386 krb5-doc:i386
  krb5-user:i386 libvisual-0.4-plugins:i386 gstreamer1.0-tools:i386
  libheif-plugin-libde265:i386 libheif-plugin-x265:i386
  libheif-plugin-ffmpegdec:i386 libheif-plugin-jpegdec:i386
  libheif-plugin-jpegenc:i386 libheif-plugin-j2kdec:i386
  libheif-plugin-j2kenc:i386 libheif-plugin-rav1e:i386
  libheif-plugin-svtenc:i386 jackd2 jackd2:i386 odbc-postgresql tdsodbc
  odbc-postgresql:i386 tdsodbc:i386 opus-tools:i386 pulseaudio:i386
  librsvg2-bin:i386 hplip:i386 libsasl2-modules-gssapi-mit:i386
  | libsasl2-modules-gssapi-heimdal:i386 libsasl2-modules-ldap:i386
  libsasl2-modules-otp:i386 libsasl2-modules-sql:i386 lm-sensors:i386
  speex:i386 opencl-icd:i386 libvdpau-va-gl1:i386
Recommended packages:
  sane-airscan:i386 libtiff5 libtiff5:i386
The following NEW packages will be installed:
  gstreamer1.0-plugins-base:i386 i965-va-driver:i386
  intel-media-va-driver:i386 libaom3:i386 libapparmor1:i386 libasound2-plugins
  libasound2-plugins:i386 libasound2t64:i386 libasyncns0:i386
  libatk-bridge2.0-0t64:i386 libatk1.0-0t64:i386 libatspi2.0-0t64:i386
  libavahi-client3:i386 libavahi-common-data:i386 libavahi-common3:i386
  libavcodec60:i386 libavutil58:i386 libblkid1:i386 libbrotli1:i386
  libbz2-1.0:i386 libcairo-gobject2:i386 libcairo2:i386 libcap2:i386
  libcapi20-3t64 libcapi20-3t64:i386 libcdparanoia0:i386 libcodec2-1.2:i386
  libcolord2:i386 libcom-err2:i386 libcrypt1:i386 libcups2t64:i386
  libcurl3t64-gnutls:i386 libcurl4t64:i386 libdatrie1:i386 libdav1d7:i386
  libdb5.3t64:i386 libdbus-1-3:i386 libdecor-0-0:i386
  libdecor-0-plugin-1-gtk:i386 libdeflate0:i386 libdrm-intel1:i386
  libdw1t64:i386 libepoxy0:i386 libexif12:i386 libflac12t64:i386
  libfontconfig1:i386 libfreetype6:i386 libfribidi0:i386 libgbm1:i386
  libgcrypt20:i386 libgd3:i386 libgdbm-compat4t64:i386 libgdbm6t64:i386
  libgdk-pixbuf-2.0-0:i386 libglib2.0-0t64:i386 libglu1-mesa libglu1-mesa:i386
  libglvnd0:i386 libgmp10:i386 libgnutls30t64:i386 libgomp1:i386
  libgpg-error-l10n libgpg-error0:i386 libgphoto2-6t64:i386
  libgphoto2-port12t64:i386 libgpm2:i386 libgraphite2-3:i386 libgsm1:i386
  libgssapi-krb5-2:i386 libgstreamer-plugins-base1.0-0:i386
  libgstreamer1.0-0:i386 libgtk-3-0t64:i386 libharfbuzz0b:i386
  libheif-plugin-aomdec:i386 libheif-plugin-aomenc:i386 libheif1:i386
  libhogweed6t64:i386 libieee1284-3t64:i386 libigdgmm12:i386 libjack-jackd2-0
  libjack-jackd2-0:i386 libjbig0:i386 libjpeg-turbo8:i386 libjpeg8:i386
  libk5crypto3:i386 libkeyutils1:i386 libkrb5-3:i386 libkrb5support0:i386
  liblcms2-2:i386 libldap-common libldap2:i386 libltdl7:i386 liblz4-1:i386
  libmount1:i386 libmp3lame0:i386 libmpg123-0t64:i386 libncurses6:i386
  libnettle8t64:i386 libnghttp2-14:i386 libnspr4:i386 libnss3:i386
  libnuma1:i386 libodbc2 libodbc2:i386 libogg0:i386 libopengl0:i386
  libopenjp2-7:i386 libopus0:i386 liborc-0.4-0t64:i386 libp11-kit0:i386
  libpango-1.0-0:i386 libpangocairo-1.0-0:i386 libpangoft2-1.0-0:i386
  libpcap0.8t64:i386 libpci3:i386 libpciaccess0:i386 libpcre2-8-0:i386
  libperl5.38t64:i386 libpixman-1-0:i386 libpng16-16t64:i386
  libpoppler-glib8t64:i386 libpoppler134:i386 libpsl5t64:i386 libpulse0:i386
  librsvg2-2:i386 librsvg2-common:i386 librtmp1:i386 libsamplerate0:i386
  libsane1:i386 libsasl2-2:i386 libsasl2-modules:i386 libsasl2-modules-db:i386
  libsdl2-2.0-0 libsdl2-2.0-0:i386 libselinux1:i386 libsensors5:i386
  libsharpyuv0:i386 libshine3:i386 libsnappy1v5:i386 libsndfile1:i386
  libsnmp40t64:i386 libsoxr0:i386 libspeex1:i386 libspeexdsp1:i386
  libsqlite3-0:i386 libssh-4:i386 libssl3t64:i386 libsvtav1enc1d1:i386
  libswresample4:i386 libsystemd0:i386 libtasn1-6:i386 libthai0:i386
  libtheora0:i386 libtiff6:i386 libtwolame0:i386 libudev1:i386 libunwind8:i386
  libusb-1.0-0:i386 libv4l-0t64:i386 libv4lconvert0t64:i386 libva-drm2:i386
  libva-x11-2:i386 libva2:i386 libvdpau1:i386 libvisual-0.4-0:i386
  libvorbis0a:i386 libvorbisenc2:i386 libvpx9:i386 libwayland-cursor0:i386
  libwayland-egl1:i386 libwebp7:i386 libwebpmux3:i386 libwrap0:i386
  libx264-164:i386 libx265-199:i386 libxcb-render0:i386 libxcomposite1:i386
  libxcursor1:i386 libxdamage1:i386 libxext6:i386 libxfixes3:i386 libxi6:i386
  libxinerama1:i386 libxkbcommon0:i386 libxkbregistry0:i386 libxpm4:i386
  libxrandr2:i386 libxrender1:i386 libxslt1.1:i386 libxss1:i386
  libxvidcore4:i386 libxxf86vm1:i386 libzvbi0t64:i386 mesa-libgallium:i386
  mesa-va-drivers:i386 mesa-vdpau-drivers:i386 ocl-icd-libopencl1:i386
  va-driver-all:i386 vdpau-driver-all:i386 wine-stable wine-stable-amd64
  wine-stable-i386:i386 winehq-stable
0 upgraded, 203 newly installed, 0 to remove and 0 not upgraded.
Need to get 326 MB of archives.
After this operation, 1839 MB of additional disk space will be used.
Get:1 http://archive.ubuntu.com/ubuntu noble-updates/main i386 libasound2t64 i386 1.2.11-1ubuntu0.3 [429 kB]
Get:2 https://dl.winehq.org/wine-builds/ubuntu noble/main i386 wine-stable-i386 i386 11.0.0.0~noble-1 [116 MB]
Get:3 http://archive.ubuntu.com/ubuntu noble-updates/main i386 libblkid1 i386 2.39.3-9ubuntu6.6 [194 kB]
Get:4 http://archive.ubuntu.com/ubuntu noble-updates/main i386 libpcre2-8-0 i386 10.42-4ubuntu2.1 [227 kB]
Get:5 http://archive.ubuntu.com/ubuntu noble-updates/main i386 libselinux1 i386 3.5-2ubuntu2.1 [84.9 kB]
Get:6 http://archive.ubuntu.com/ubuntu noble-updates/main i386 libmount1 i386 2.39.3-9ubuntu6.6 [201 kB]
Get:7 http://archive.ubuntu.com/ubuntu noble-updates/main i386 libglib2.0-0t64 i386 2.80.0-6ubuntu3.8 [1668 kB]
Get:8 http://archive.ubuntu.com/ubuntu noble/main i386 libbrotli1 i386 1.1.0-2build2 [334 kB]
Get:9 http://archive.ubuntu.com/ubuntu noble-updates/main i386 libkrb5support0 i386 1.20.1-6ubuntu2.10 [38.8 kB]
Get:10 http://archive.ubuntu.com/ubuntu noble-updates/main i386 libcom-err2 i386 1.47.0-2.4~exp1ubuntu4.1 [23.3 kB]
Get:11 http://archive.ubuntu.com/ubuntu noble-updates/main i386 libk5crypto3 i386 1.20.1-6ubuntu2.10 [86.3 kB]
Get:12 http://archive.ubuntu.com/ubuntu noble/main i386 libkeyutils1 i386 1.6.3-3build1 [9918 B]
Get:13 http://archive.ubuntu.com/ubuntu noble-updates/main i386 libssl3t64 i386 3.0.13-0ubuntu3.15 [1924 kB]
Get:14 http://archive.ubuntu.com/ubuntu noble-updates/main i386 libkrb5-3 i386 1.20.1-6ubuntu2.10 [395 kB]
Get:15 http://archive.ubuntu.com/ubuntu noble-updates/main i386 libgssapi-krb5-2 i386 1.20.1-6ubuntu2.10 [154 kB]
Get:16 http://archive.ubuntu.com/ubuntu noble-updates/main i386 libgmp10 i386 2:6.3.0+dfsg-2ubuntu6.1 [270 kB]
Get:17 http://archive.ubuntu.com/ubuntu noble-updates/main i386 libnettle8t64 i386 3.9.1-2.2build1.1 [191 kB]
Get:18 http://archive.ubuntu.com/ubuntu noble-updates/main i386 libhogweed6t64 i386 3.9.1-2.2build1.1 [202 kB]
Get:19 http://archive.ubuntu.com/ubuntu noble-updates/main i386 libp11-kit0 i386 0.25.3-4ubuntu2.2 [291 kB]
Get:20 http://archive.ubuntu.com/ubuntu noble-updates/main i386 libtasn1-6 i386 4.19.0-3ubuntu0.24.04.2 [45.4 kB]
Get:21 http://archive.ubuntu.com/ubuntu noble-updates/main i386 libgnutls30t64 i386 3.8.3-1.1ubuntu3.6 [1016 kB]
Get:22 http://archive.ubuntu.com/ubuntu noble/main i386 libdb5.3t64 i386 5.3.28+dfsg2-7 [807 kB]
Get:23 http://archive.ubuntu.com/ubuntu noble-updates/main i386 libsasl2-modules-db i386 2.1.28+dfsg1-5ubuntu3.1 [21.8 kB]
Get:24 http://archive.ubuntu.com/ubuntu noble-updates/main i386 libsasl2-2 i386 2.1.28+dfsg1-5ubuntu3.1 [61.5 kB]
Get:25 http://archive.ubuntu.com/ubuntu noble-updates/main i386 libldap2 i386 2.6.10+dfsg-0ubuntu0.24.04.1 [213 kB]
Get:26 http://archive.ubuntu.com/ubuntu noble-updates/main i386 libnghttp2-14 i386 1.59.0-1ubuntu0.4 [90.0 kB]
Get:27 http://archive.ubuntu.com/ubuntu noble/main i386 libpsl5t64 i386 0.21.2-1.1build1 [57.7 kB]
Get:28 http://archive.ubuntu.com/ubuntu noble/main i386 librtmp1 i386 2.4+20151223.gitfa8646d.1-2build7 [60.7 kB]
Get:29 http://archive.ubuntu.com/ubuntu noble-updates/main i386 libssh-4 i386 0.10.6-2ubuntu0.5 [216 kB]
Get:30 http://archive.ubuntu.com/ubuntu noble-updates/main i386 libcurl4t64 i386 8.5.0-2ubuntu10.13 [379 kB]
Get:31 http://archive.ubuntu.com/ubuntu noble-updates/main i386 libexif12 i386 0.6.24-1ubuntu0.24.04.1 [86.3 kB]
Get:32 http://archive.ubuntu.com/ubuntu noble-updates/main i386 libbz2-1.0 i386 1.0.8-5.1ubuntu0.1 [34.0 kB]
Get:33 http://archive.ubuntu.com/ubuntu noble-updates/main i386 libpng16-16t64 i386 1.6.43-5ubuntu0.6 [194 kB]
Get:34 http://archive.ubuntu.com/ubuntu noble-updates/main i386 libfreetype6 i386 2.13.2+dfsg-1ubuntu0.1 [412 kB]
Get:35 http://archive.ubuntu.com/ubuntu noble/main i386 libfontconfig1 i386 2.15.0-1.1ubuntu2 [145 kB]
Get:36 http://archive.ubuntu.com/ubuntu noble/main i386 libsharpyuv0 i386 1.3.2-0.4build3 [14.8 kB]
Get:37 http://archive.ubuntu.com/ubuntu noble-updates/main i386 libaom3 i386 3.8.2-2ubuntu0.2 [2060 kB]
Get:38 http://archive.ubuntu.com/ubuntu noble-updates/main i386 libheif-plugin-aomdec i386 1.17.6-1ubuntu4.8 [11.9 kB]
Get:39 http://archive.ubuntu.com/ubuntu noble-updates/main i386 libheif1 i386 1.17.6-1ubuntu4.8 [325 kB]
Get:40 http://archive.ubuntu.com/ubuntu noble/main i386 libjpeg-turbo8 i386 2.1.5-2ubuntu2 [152 kB]
Get:41 http://archive.ubuntu.com/ubuntu noble/main i386 libjpeg8 i386 8c-2ubuntu11 [2148 B]
Get:42 http://archive.ubuntu.com/ubuntu noble-updates/main i386 libdeflate0 i386 1.19-1build1.1 [44.5 kB]
Get:43 http://archive.ubuntu.com/ubuntu noble/main i386 libjbig0 i386 2.1-6.1ubuntu2 [29.4 kB]
Get:44 http://archive.ubuntu.com/ubuntu noble/main i386 libwebp7 i386 1.3.2-0.4build3 [237 kB]
Get:45 http://archive.ubuntu.com/ubuntu noble-updates/main i386 libtiff6 i386 4.5.1+git230720-4ubuntu2.5 [209 kB]
Get:46 http://archive.ubuntu.com/ubuntu noble-updates/main i386 libxpm4 i386 1:3.5.17-1ubuntu0.24.04.1 [38.0 kB]
Get:47 http://archive.ubuntu.com/ubuntu noble/main i386 libgd3 i386 2.3.3-9ubuntu5 [133 kB]
Get:48 http://archive.ubuntu.com/ubuntu noble/main i386 libltdl7 i386 2.4.7-7build1 [42.1 kB]
Get:49 http://archive.ubuntu.com/ubuntu noble-updates/main i386 libcap2 i386 1:2.66-5ubuntu2.4 [31.9 kB]
Get:50 http://archive.ubuntu.com/ubuntu noble-updates/main i386 libudev1 i386 255.4-1ubuntu8.17 [181 kB]
Get:51 http://archive.ubuntu.com/ubuntu noble/main i386 libusb-1.0-0 i386 2:1.0.27-1 [58.2 kB]
Get:52 http://archive.ubuntu.com/ubuntu noble-updates/main i386 libgphoto2-port12t64 i386 2.5.31-2.1ubuntu1.1 [61.2 kB]
Get:53 http://archive.ubuntu.com/ubuntu noble-updates/main i386 libgphoto2-6t64 i386 2.5.31-2.1ubuntu1.1 [769 kB]
Get:54 http://archive.ubuntu.com/ubuntu noble-updates/main i386 libdw1t64 i386 0.190-1.1ubuntu0.1 [285 kB]
Get:55 http://archive.ubuntu.com/ubuntu noble-updates/main i386 libunwind8 i386 1.6.2-3build1.1 [53.8 kB]
Get:56 http://archive.ubuntu.com/ubuntu noble-updates/main i386 libgstreamer1.0-0 i386 1.24.2-1ubuntu0.1 [1280 kB]
Get:57 http://archive.ubuntu.com/ubuntu noble-updates/main i386 liborc-0.4-0t64 i386 1:0.4.38-1ubuntu0.1 [223 kB]
Get:58 http://archive.ubuntu.com/ubuntu noble-updates/main i386 libgstreamer-plugins-base1.0-0 i386 1.24.2-1ubuntu0.4 [924 kB]
Get:59 http://archive.ubuntu.com/ubuntu noble-updates/main i386 libgpg-error0 i386 1.47-3build2.1 [78.9 kB]
Get:60 http://archive.ubuntu.com/ubuntu noble-updates/main i386 libgcrypt20 i386 1.10.3-2ubuntu0.2 [507 kB]
Get:61 http://archive.ubuntu.com/ubuntu noble-updates/main i386 liblz4-1 i386 1.9.4-1build1.1 [69.1 kB]
Get:62 http://archive.ubuntu.com/ubuntu noble-updates/main i386 libsystemd0 i386 255.4-1ubuntu8.17 [457 kB]
Get:63 http://archive.ubuntu.com/ubuntu noble-updates/main i386 libdbus-1-3 i386 1.14.10-4ubuntu4.1 [228 kB]
Get:64 http://archive.ubuntu.com/ubuntu noble/main i386 libpcap0.8t64 i386 1.10.4-4.1ubuntu3 [158 kB]
Get:65 http://archive.ubuntu.com/ubuntu noble-updates/main i386 libapparmor1 i386 4.0.1really4.0.1-0ubuntu0.24.04.7 [52.0 kB]
Get:66 http://archive.ubuntu.com/ubuntu noble/main i386 libasyncns0 i386 0.8-6build4 [11.7 kB]
Get:67 http://archive.ubuntu.com/ubuntu noble/main i386 libogg0 i386 1.3.5-3build1 [23.5 kB]
Get:68 http://archive.ubuntu.com/ubuntu noble/main i386 libflac12t64 i386 1.4.3+ds-2.1ubuntu2 [199 kB]
Get:69 http://archive.ubuntu.com/ubuntu noble/main i386 libmp3lame0 i386 3.100-6build1 [143 kB]
Get:70 http://archive.ubuntu.com/ubuntu noble-updates/main i386 libmpg123-0t64 i386 1.32.5-1ubuntu1.1 [174 kB]
Get:71 http://archive.ubuntu.com/ubuntu noble/main i386 libopus0 i386 1.4-1build1 [210 kB]
Get:72 http://archive.ubuntu.com/ubuntu noble/main i386 libvorbis0a i386 1.3.7-1build3 [95.3 kB]
Get:73 http://archive.ubuntu.com/ubuntu noble/main i386 libvorbisenc2 i386 1.3.7-1build3 [73.7 kB]
Get:74 http://archive.ubuntu.com/ubuntu noble-updates/main i386 libsndfile1 i386 1.2.2-1ubuntu5.24.04.1 [241 kB]
Get:75 http://archive.ubuntu.com/ubuntu noble-updates/main i386 libpulse0 i386 1:16.1+dfsg1-2ubuntu10.1 [300 kB]
Get:76 http://archive.ubuntu.com/ubuntu noble-updates/main i386 libavahi-common-data i386 0.8-13ubuntu6.2 [30.0 kB]
Get:77 http://archive.ubuntu.com/ubuntu noble-updates/main i386 libavahi-common3 i386 0.8-13ubuntu6.2 [25.7 kB]
Get:78 http://archive.ubuntu.com/ubuntu noble-updates/main i386 libavahi-client3 i386 0.8-13ubuntu6.2 [29.8 kB]
Get:79 http://archive.ubuntu.com/ubuntu noble/main i386 libpixman-1-0 i386 0.42.2-1build1 [277 kB]
Get:80 http://archive.ubuntu.com/ubuntu noble/main i386 libxcb-render0 i386 1.15-1ubuntu2 [17.3 kB]
Get:81 http://archive.ubuntu.com/ubuntu noble/main i386 libxext6 i386 2:1.3.4-1build2 [33.4 kB]
Get:82 http://archive.ubuntu.com/ubuntu noble/main i386 libxrender1 i386 1:0.9.10-1.1build1 [20.5 kB]
Get:83 http://archive.ubuntu.com/ubuntu noble/main i386 libcairo2 i386 1.18.0-3build1 [636 kB]
Get:84 http://archive.ubuntu.com/ubuntu noble-updates/main i386 libcurl3t64-gnutls i386 8.5.0-2ubuntu10.13 [370 kB]
Get:85 http://archive.ubuntu.com/ubuntu noble/main i386 libieee1284-3t64 i386 0.2.11-14.1build1 [24.5 kB]
Get:86 http://archive.ubuntu.com/ubuntu noble-updates/main i386 liblcms2-2 i386 2.14-2ubuntu0.1 [174 kB]
Get:87 http://archive.ubuntu.com/ubuntu noble/main i386 libnspr4 i386 2:4.35-1.1build1 [127 kB]
Get:88 http://archive.ubuntu.com/ubuntu noble-updates/main i386 libsqlite3-0 i386 3.45.1-1ubuntu2.8 [776 kB]
Get:89 http://archive.ubuntu.com/ubuntu noble-updates/main i386 libnss3 i386 2:3.98-1ubuntu0.2 [1595 kB]
Get:90 http://archive.ubuntu.com/ubuntu noble-updates/main i386 libopenjp2-7 i386 2.5.0-2ubuntu0.5 [187 kB]
Get:91 http://archive.ubuntu.com/ubuntu noble-updates/main i386 libpoppler134 i386 24.02.0-1ubuntu9.9 [1157 kB]
Get:92 http://archive.ubuntu.com/ubuntu noble-updates/main i386 libpoppler-glib8t64 i386 24.02.0-1ubuntu9.9 [168 kB]
Get:93 http://archive.ubuntu.com/ubuntu noble/main i386 libpci3 i386 1:3.10.0-2build1 [40.5 kB]
Get:94 http://archive.ubuntu.com/ubuntu noble/main i386 libcrypt1 i386 1:4.4.36-4build1 [91.9 kB]
Get:95 http://archive.ubuntu.com/ubuntu noble/main i386 libgdbm6t64 i386 1.23-5.1build1 [39.4 kB]
Get:96 http://archive.ubuntu.com/ubuntu noble/main i386 libgdbm-compat4t64 i386 1.23-5.1build1 [7194 B]
Get:97 http://archive.ubuntu.com/ubuntu noble-updates/main i386 libperl5.38t64 i386 5.38.2-3.2ubuntu0.6 [4457 kB]
Get:98 http://archive.ubuntu.com/ubuntu noble/main i386 libsensors5 i386 1:3.6.0-9build1 [28.4 kB]
Get:99 http://archive.ubuntu.com/ubuntu noble/main i386 libwrap0 i386 7.6.q-33 [49.1 kB]
Get:100 http://archive.ubuntu.com/ubuntu noble-updates/main i386 libsnmp40t64 i386 5.9.4+dfsg-1.1ubuntu3.2 [1096 kB]
Get:101 http://archive.ubuntu.com/ubuntu noble/main i386 libsane1 i386 1.2.1-7build4 [2855 kB]
Get:102 http://archive.ubuntu.com/ubuntu noble/main i386 libwayland-egl1 i386 1.22.0-2.1build1 [5658 B]
Get:103 http://archive.ubuntu.com/ubuntu noble/main i386 libxkbcommon0 i386 1.6.0-1build1 [126 kB]
Get:104 http://archive.ubuntu.com/ubuntu noble/main i386 libxkbregistry0 i386 1.6.0-1build1 [15.7 kB]
Get:105 http://archive.ubuntu.com/ubuntu noble/universe i386 ocl-icd-libopencl1 i386 2.3.2-1build1 [41.2 kB]
Get:106 http://archive.ubuntu.com/ubuntu noble-updates/universe i386 libva2 i386 2.20.0-2ubuntu0.2 [71.0 kB]
Get:107 http://archive.ubuntu.com/ubuntu noble-updates/universe i386 libva-drm2 i386 2.20.0-2ubuntu0.2 [7306 B]
Get:108 http://archive.ubuntu.com/ubuntu noble/main i386 libxfixes3 i386 1:6.0.0-2build1 [11.6 kB]
Get:109 http://archive.ubuntu.com/ubuntu noble-updates/universe i386 libva-x11-2 i386 2.20.0-2ubuntu0.2 [13.0 kB]
Get:110 http://archive.ubuntu.com/ubuntu noble/main i386 libvdpau1 i386 1.5-2build1 [26.9 kB]
Get:111 http://archive.ubuntu.com/ubuntu noble/universe i386 libavutil58 i386 7:6.1.1-3ubuntu5 [403 kB]
Get:112 http://archive.ubuntu.com/ubuntu noble/universe i386 libcodec2-1.2 i386 1.2.0-2build1 [8281 kB]
Get:113 http://archive.ubuntu.com/ubuntu noble/universe i386 libdav1d7 i386 1.4.1-1build1 [362 kB]
Get:114 http://archive.ubuntu.com/ubuntu noble/universe i386 libgsm1 i386 1.0.22-1build1 [28.6 kB]
Get:115 http://archive.ubuntu.com/ubuntu noble/main i386 libcairo-gobject2 i386 1.18.0-3build1 [126 kB]
Get:116 http://archive.ubuntu.com/ubuntu noble-updates/main i386 libgdk-pixbuf-2.0-0 i386 2.42.10+dfsg-3ubuntu3.3 [159 kB]
Get:117 http://archive.ubuntu.com/ubuntu noble/main i386 libfribidi0 i386 1.0.13-3build1 [26.6 kB]
Get:118 http://archive.ubuntu.com/ubuntu noble-updates/main i386 libgraphite2-3 i386 1.3.14-2ubuntu0.24.04.1 [80.5 kB]
Get:119 http://archive.ubuntu.com/ubuntu noble/main i386 libharfbuzz0b i386 8.3.0-2build2 [525 kB]
Get:120 http://archive.ubuntu.com/ubuntu noble/main i386 libdatrie1 i386 0.2.13-3build1 [21.5 kB]
Get:121 http://archive.ubuntu.com/ubuntu noble/main i386 libthai0 i386 0.1.29-2build1 [20.0 kB]
Get:122 http://archive.ubuntu.com/ubuntu noble/main i386 libpango-1.0-0 i386 1.52.1+ds-1build1 [239 kB]
Get:123 http://archive.ubuntu.com/ubuntu noble/main i386 libpangoft2-1.0-0 i386 1.52.1+ds-1build1 [47.3 kB]
Get:124 http://archive.ubuntu.com/ubuntu noble/main i386 libpangocairo-1.0-0 i386 1.52.1+ds-1build1 [30.6 kB]
Get:125 http://archive.ubuntu.com/ubuntu noble/main i386 librsvg2-2 i386 2.58.0+dfsg-1build1 [2224 kB]
Get:126 http://archive.ubuntu.com/ubuntu noble/universe i386 libshine3 i386 3.1.1-2build1 [23.5 kB]
Get:127 http://archive.ubuntu.com/ubuntu noble/main i386 libsnappy1v5 i386 1.1.10-1build1 [31.0 kB]
Get:128 http://archive.ubuntu.com/ubuntu noble-updates/main i386 libspeex1 i386 1.2.1-2ubuntu2.24.04.1 [55.6 kB]
Get:129 http://archive.ubuntu.com/ubuntu noble/universe i386 libsvtav1enc1d1 i386 1.7.0+dfsg-2build1 [1129 kB]
Get:130 http://archive.ubuntu.com/ubuntu noble-updates/main i386 libgomp1 i386 14.2.0-4ubuntu2~24.04.1 [151 kB]
Get:131 http://archive.ubuntu.com/ubuntu noble/universe i386 libsoxr0 i386 0.1.3-4build3 [87.1 kB]
Get:132 http://archive.ubuntu.com/ubuntu noble/universe i386 libswresample4 i386 7:6.1.1-3ubuntu5 [69.5 kB]
Get:133 http://archive.ubuntu.com/ubuntu noble/main i386 libtheora0 i386 1.1.1+dfsg.1-16.1build3 [164 kB]
Get:134 http://archive.ubuntu.com/ubuntu noble/main i386 libtwolame0 i386 0.4.0-2build3 [50.2 kB]
Get:135 http://archive.ubuntu.com/ubuntu noble-updates/main i386 libvpx9 i386 1.14.0-1ubuntu2.3 [1129 kB]
Get:136 http://archive.ubuntu.com/ubuntu noble/main i386 libwebpmux3 i386 1.3.2-0.4build3 [27.9 kB]
Get:137 http://archive.ubuntu.com/ubuntu noble/universe i386 libx264-164 i386 2:0.164.3108+git31e19f9-1 [1029 kB]
Get:138 http://archive.ubuntu.com/ubuntu noble-updates/main i386 libnuma1 i386 2.0.18-1ubuntu0.24.04.1 [25.3 kB]
Get:139 http://archive.ubuntu.com/ubuntu noble/universe i386 libx265-199 i386 3.5-2build1 [739 kB]
Get:140 http://archive.ubuntu.com/ubuntu noble/universe i386 libxvidcore4 i386 2:1.3.7-1build1 [222 kB]
Get:141 http://archive.ubuntu.com/ubuntu noble/universe i386 libzvbi0t64 i386 0.2.42-2 [266 kB]
Get:142 http://archive.ubuntu.com/ubuntu noble/universe i386 libavcodec60 i386 7:6.1.1-3ubuntu5 [5785 kB]
Get:143 http://archive.ubuntu.com/ubuntu noble/main i386 libsamplerate0 i386 0.2.2-4build1 [1344 kB]
Get:144 http://archive.ubuntu.com/ubuntu noble/main i386 libjack-jackd2-0 i386 1.9.21~dfsg-3ubuntu3 [326 kB]
Get:145 http://archive.ubuntu.com/ubuntu noble/main i386 libspeexdsp1 i386 1.2.1-1ubuntu3 [42.6 kB]
Get:146 http://archive.ubuntu.com/ubuntu noble/universe i386 libasound2-plugins i386 1.2.7.1-1ubuntu5 [77.1 kB]
Get:147 http://archive.ubuntu.com/ubuntu noble-updates/main i386 libncurses6 i386 6.4+20240113-1ubuntu2.2 [121 kB]
Get:148 http://archive.ubuntu.com/ubuntu noble/main amd64 libjack-jackd2-0 amd64 1.9.21~dfsg-3ubuntu3 [289 kB]
Get:149 http://archive.ubuntu.com/ubuntu noble/universe amd64 libasound2-plugins amd64 1.2.7.1-1ubuntu5 [74.8 kB]
Get:150 http://archive.ubuntu.com/ubuntu noble/main i386 libgpm2 i386 1.20.7-11 [14.7 kB]
Get:151 http://archive.ubuntu.com/ubuntu noble/main i386 libcdparanoia0 i386 3.10.2+debian-14build3 [50.7 kB]
Get:152 http://archive.ubuntu.com/ubuntu noble/main i386 libvisual-0.4-0 i386 0.4.2-2build1 [121 kB]
Get:153 http://archive.ubuntu.com/ubuntu noble-updates/main i386 gstreamer1.0-plugins-base i386 1.24.2-1ubuntu0.4 [784 kB]
Get:154 http://archive.ubuntu.com/ubuntu noble-updates/universe i386 libigdgmm12 i386 22.3.17+ds1-1ubuntu1 [175 kB]
Get:155 http://archive.ubuntu.com/ubuntu noble-updates/universe i386 intel-media-va-driver i386 24.1.0+dfsg1-1ubuntu0.2 [3269 kB]
Get:156 http://archive.ubuntu.com/ubuntu noble/main i386 libatk1.0-0t64 i386 2.52.0-1build1 [55.5 kB]
Get:157 http://archive.ubuntu.com/ubuntu noble/main i386 libxi6 i386 2:1.8.1-1build1 [35.0 kB]
Get:158 http://archive.ubuntu.com/ubuntu noble/main i386 libatspi2.0-0t64 i386 2.52.0-1build1 [85.8 kB]
Get:159 http://archive.ubuntu.com/ubuntu noble/main i386 libatk-bridge2.0-0t64 i386 2.52.0-1build1 [72.7 kB]
Get:160 http://archive.ubuntu.com/ubuntu noble/universe i386 libcapi20-3t64 i386 1:3.27-3.1build1 [31.9 kB]
Get:161 http://archive.ubuntu.com/ubuntu noble/universe amd64 libcapi20-3t64 amd64 1:3.27-3.1build1 [30.8 kB]
Get:162 http://archive.ubuntu.com/ubuntu noble/main i386 libcolord2 i386 1.4.7-1build2 [155 kB]
Get:163 http://archive.ubuntu.com/ubuntu noble-updates/main i386 libcups2t64 i386 2.4.7-1.2ubuntu7.14 [293 kB]
Get:164 http://archive.ubuntu.com/ubuntu noble/main i386 libdecor-0-0 i386 0.2.2-1build2 [17.0 kB]
Get:165 http://archive.ubuntu.com/ubuntu noble/main i386 libepoxy0 i386 1.5.10-1build1 [234 kB]
Get:166 http://archive.ubuntu.com/ubuntu noble/main i386 libwayland-cursor0 i386 1.22.0-2.1build1 [11.2 kB]
Get:167 http://archive.ubuntu.com/ubuntu noble/main i386 libxcomposite1 i386 1:0.4.5-1build3 [6594 B]
Get:168 http://archive.ubuntu.com/ubuntu noble/main i386 libxcursor1 i386 1:1.2.1-1build1 [22.3 kB]
Get:169 http://archive.ubuntu.com/ubuntu noble/main i386 libxdamage1 i386 1:1.1.6-1build1 [6406 B]
Get:170 http://archive.ubuntu.com/ubuntu noble/main i386 libxinerama1 i386 2:1.1.4-3build1 [6638 B]
Get:171 http://archive.ubuntu.com/ubuntu noble/main i386 libxrandr2 i386 2:1.5.2-2build1 [21.4 kB]
Get:172 http://archive.ubuntu.com/ubuntu noble-updates/main i386 libgtk-3-0t64 i386 3.24.41-4ubuntu1.3 [3165 kB]
Get:173 http://archive.ubuntu.com/ubuntu noble/main i386 libdecor-0-plugin-1-gtk i386 0.2.2-1build2 [23.6 kB]
Get:174 http://archive.ubuntu.com/ubuntu noble-updates/main i386 libpciaccess0 i386 0.17-3ubuntu0.24.04.2 [21.8 kB]
Get:175 http://archive.ubuntu.com/ubuntu noble-updates/main i386 libdrm-intel1 i386 2.4.125-1ubuntu0.1~24.04.2 [69.3 kB]
Get:176 http://archive.ubuntu.com/ubuntu noble-updates/main i386 mesa-libgallium i386 25.2.8-0ubuntu0.24.04.2 [11.2 MB]
Get:177 http://archive.ubuntu.com/ubuntu noble-updates/main i386 libgbm1 i386 25.2.8-0ubuntu0.24.04.2 [36.1 kB]
Get:178 http://archive.ubuntu.com/ubuntu noble-updates/main amd64 libgpg-error-l10n all 1.47-3build2.1 [8146 B]
Get:179 http://archive.ubuntu.com/ubuntu noble-updates/main i386 libheif-plugin-aomenc i386 1.17.6-1ubuntu4.8 [19.7 kB]
Get:180 http://archive.ubuntu.com/ubuntu noble-updates/main amd64 libldap-common all 2.6.10+dfsg-0ubuntu0.24.04.1 [32.9 kB]
Get:181 http://archive.ubuntu.com/ubuntu noble-updates/main amd64 libodbc2 amd64 2.3.12-1ubuntu0.24.04.1 [158 kB]
Get:182 http://archive.ubuntu.com/ubuntu noble-updates/main i386 libodbc2 i386 2.3.12-1ubuntu0.24.04.1 [177 kB]
Get:183 http://archive.ubuntu.com/ubuntu noble/main i386 librsvg2-common i386 2.58.0+dfsg-1build1 [11.8 kB]
Get:184 http://archive.ubuntu.com/ubuntu noble-updates/main i386 libsasl2-modules i386 2.1.28+dfsg1-5ubuntu3.1 [75.4 kB]
Get:185 http://archive.ubuntu.com/ubuntu noble-updates/main amd64 libsdl2-2.0-0 amd64 2.30.0+dfsg-1ubuntu3.1 [686 kB]
Get:186 http://archive.ubuntu.com/ubuntu noble/main i386 libxss1 i386 1:1.2.3-1build3 [7674 B]
Get:187 http://archive.ubuntu.com/ubuntu noble-updates/main i386 libsdl2-2.0-0 i386 2.30.0+dfsg-1ubuntu3.1 [727 kB]
Get:188 http://archive.ubuntu.com/ubuntu noble/main i386 libv4lconvert0t64 i386 1.26.1-4build3 [88.3 kB]
Get:189 http://archive.ubuntu.com/ubuntu noble/main i386 libv4l-0t64 i386 1.26.1-4build3 [47.3 kB]
Get:190 http://archive.ubuntu.com/ubuntu noble-updates/main i386 libxslt1.1 i386 1.1.39-0exp1ubuntu0.24.04.3 [182 kB]
Get:191 http://archive.ubuntu.com/ubuntu noble/main i386 libxxf86vm1 i386 1:1.1.4-1build4 [10.3 kB]
Get:192 http://archive.ubuntu.com/ubuntu noble-updates/universe i386 mesa-va-drivers i386 25.2.8-0ubuntu0.24.04.2 [6770 B]
Get:193 http://archive.ubuntu.com/ubuntu noble-updates/main i386 mesa-vdpau-drivers i386 25.2.8-0ubuntu0.24.04.2 [23.2 kB]
Get:194 http://archive.ubuntu.com/ubuntu noble-updates/universe i386 i965-va-driver i386 2.4.1+dfsg1-1ubuntu0.2 [348 kB]
Get:195 http://archive.ubuntu.com/ubuntu noble-updates/universe i386 va-driver-all i386 2.20.0-2ubuntu0.2 [5014 B]
Get:196 http://archive.ubuntu.com/ubuntu noble/main i386 vdpau-driver-all i386 1.5-2build1 [4412 B]
Get:197 http://archive.ubuntu.com/ubuntu noble/main i386 libglvnd0 i386 1.7.0-1build1 [64.2 kB]
Get:198 http://archive.ubuntu.com/ubuntu noble/main i386 libopengl0 i386 1.7.0-1build1 [32.0 kB]
Get:199 http://archive.ubuntu.com/ubuntu noble/main i386 libglu1-mesa i386 9.0.2-1.1build1 [204 kB]
Get:200 http://archive.ubuntu.com/ubuntu noble/main amd64 libglu1-mesa amd64 9.0.2-1.1build1 [152 kB]
Get:201 https://dl.winehq.org/wine-builds/ubuntu noble/main amd64 wine-stable-amd64 amd64 11.0.0.0~noble-1 [123 MB]
Get:202 https://dl.winehq.org/wine-builds/ubuntu noble/main amd64 wine-stable amd64 11.0.0.0~noble-1 [2918 kB]
Get:203 https://dl.winehq.org/wine-builds/ubuntu noble/main amd64 winehq-stable amd64 11.0.0.0~noble-1 [1328 B]
Fetched 326 MB in 2s (136 MB/s)
Selecting previously unselected package libasound2t64:i386.
(Reading database ... (Reading database ... 5%(Reading database ... 10%(Reading database ... 15%(Reading database ... 20%(Reading database ... 25%(Reading database ... 30%(Reading database ... 35%(Reading database ... 40%(Reading database ... 45%(Reading database ... 50%(Reading database ... 55%(Reading database ... 60%(Reading database ... 65%(Reading database ... 70%(Reading database ... 75%(Reading database ... 80%(Reading database ... 85%(Reading database ... 90%(Reading database ... 95%(Reading database ... 100%(Reading database ... 255595 files and directories currently installed.)
Preparing to unpack .../000-libasound2t64_1.2.11-1ubuntu0.3_i386.deb ...
Unpacking libasound2t64:i386 (1.2.11-1ubuntu0.3) ...
Selecting previously unselected package libblkid1:i386.
Preparing to unpack .../001-libblkid1_2.39.3-9ubuntu6.6_i386.deb ...
Unpacking libblkid1:i386 (2.39.3-9ubuntu6.6) ...
Selecting previously unselected package libpcre2-8-0:i386.
Preparing to unpack .../002-libpcre2-8-0_10.42-4ubuntu2.1_i386.deb ...
Unpacking libpcre2-8-0:i386 (10.42-4ubuntu2.1) ...
Selecting previously unselected package libselinux1:i386.
Preparing to unpack .../003-libselinux1_3.5-2ubuntu2.1_i386.deb ...
Unpacking libselinux1:i386 (3.5-2ubuntu2.1) ...
Selecting previously unselected package libmount1:i386.
Preparing to unpack .../004-libmount1_2.39.3-9ubuntu6.6_i386.deb ...
Unpacking libmount1:i386 (2.39.3-9ubuntu6.6) ...
Selecting previously unselected package libglib2.0-0t64:i386.
Preparing to unpack .../005-libglib2.0-0t64_2.80.0-6ubuntu3.8_i386.deb ...
Unpacking libglib2.0-0t64:i386 (2.80.0-6ubuntu3.8) ...
Selecting previously unselected package libbrotli1:i386.
Preparing to unpack .../006-libbrotli1_1.1.0-2build2_i386.deb ...
Unpacking libbrotli1:i386 (1.1.0-2build2) ...
Selecting previously unselected package libkrb5support0:i386.
Preparing to unpack .../007-libkrb5support0_1.20.1-6ubuntu2.10_i386.deb ...
Unpacking libkrb5support0:i386 (1.20.1-6ubuntu2.10) ...
Selecting previously unselected package libcom-err2:i386.
Preparing to unpack .../008-libcom-err2_1.47.0-2.4~exp1ubuntu4.1_i386.deb ...
Unpacking libcom-err2:i386 (1.47.0-2.4~exp1ubuntu4.1) ...
Selecting previously unselected package libk5crypto3:i386.
Preparing to unpack .../009-libk5crypto3_1.20.1-6ubuntu2.10_i386.deb ...
Unpacking libk5crypto3:i386 (1.20.1-6ubuntu2.10) ...
Selecting previously unselected package libkeyutils1:i386.
Preparing to unpack .../010-libkeyutils1_1.6.3-3build1_i386.deb ...
Unpacking libkeyutils1:i386 (1.6.3-3build1) ...
Selecting previously unselected package libssl3t64:i386.
Preparing to unpack .../011-libssl3t64_3.0.13-0ubuntu3.15_i386.deb ...
Unpacking libssl3t64:i386 (3.0.13-0ubuntu3.15) ...
Selecting previously unselected package libkrb5-3:i386.
Preparing to unpack .../012-libkrb5-3_1.20.1-6ubuntu2.10_i386.deb ...
Unpacking libkrb5-3:i386 (1.20.1-6ubuntu2.10) ...
Selecting previously unselected package libgssapi-krb5-2:i386.
Preparing to unpack .../013-libgssapi-krb5-2_1.20.1-6ubuntu2.10_i386.deb ...
Unpacking libgssapi-krb5-2:i386 (1.20.1-6ubuntu2.10) ...
Selecting previously unselected package libgmp10:i386.
Preparing to unpack .../014-libgmp10_2%3a6.3.0+dfsg-2ubuntu6.1_i386.deb ...
Unpacking libgmp10:i386 (2:6.3.0+dfsg-2ubuntu6.1) ...
Selecting previously unselected package libnettle8t64:i386.
Preparing to unpack .../015-libnettle8t64_3.9.1-2.2build1.1_i386.deb ...
Unpacking libnettle8t64:i386 (3.9.1-2.2build1.1) ...
Selecting previously unselected package libhogweed6t64:i386.
Preparing to unpack .../016-libhogweed6t64_3.9.1-2.2build1.1_i386.deb ...
Unpacking libhogweed6t64:i386 (3.9.1-2.2build1.1) ...
Selecting previously unselected package libp11-kit0:i386.
Preparing to unpack .../017-libp11-kit0_0.25.3-4ubuntu2.2_i386.deb ...
Unpacking libp11-kit0:i386 (0.25.3-4ubuntu2.2) ...
Selecting previously unselected package libtasn1-6:i386.
Preparing to unpack .../018-libtasn1-6_4.19.0-3ubuntu0.24.04.2_i386.deb ...
Unpacking libtasn1-6:i386 (4.19.0-3ubuntu0.24.04.2) ...
Selecting previously unselected package libgnutls30t64:i386.
Preparing to unpack .../019-libgnutls30t64_3.8.3-1.1ubuntu3.6_i386.deb ...
Unpacking libgnutls30t64:i386 (3.8.3-1.1ubuntu3.6) ...
Selecting previously unselected package libdb5.3t64:i386.
Preparing to unpack .../020-libdb5.3t64_5.3.28+dfsg2-7_i386.deb ...
Unpacking libdb5.3t64:i386 (5.3.28+dfsg2-7) ...
Selecting previously unselected package libsasl2-modules-db:i386.
Preparing to unpack .../021-libsasl2-modules-db_2.1.28+dfsg1-5ubuntu3.1_i386.deb ...
Unpacking libsasl2-modules-db:i386 (2.1.28+dfsg1-5ubuntu3.1) ...
Selecting previously unselected package libsasl2-2:i386.
Preparing to unpack .../022-libsasl2-2_2.1.28+dfsg1-5ubuntu3.1_i386.deb ...
Unpacking libsasl2-2:i386 (2.1.28+dfsg1-5ubuntu3.1) ...
Selecting previously unselected package libldap2:i386.
Preparing to unpack .../023-libldap2_2.6.10+dfsg-0ubuntu0.24.04.1_i386.deb ...
Unpacking libldap2:i386 (2.6.10+dfsg-0ubuntu0.24.04.1) ...
Selecting previously unselected package libnghttp2-14:i386.
Preparing to unpack .../024-libnghttp2-14_1.59.0-1ubuntu0.4_i386.deb ...
Unpacking libnghttp2-14:i386 (1.59.0-1ubuntu0.4) ...
Selecting previously unselected package libpsl5t64:i386.
Preparing to unpack .../025-libpsl5t64_0.21.2-1.1build1_i386.deb ...
Unpacking libpsl5t64:i386 (0.21.2-1.1build1) ...
Selecting previously unselected package librtmp1:i386.
Preparing to unpack .../026-librtmp1_2.4+20151223.gitfa8646d.1-2build7_i386.deb ...
Unpacking librtmp1:i386 (2.4+20151223.gitfa8646d.1-2build7) ...
Selecting previously unselected package libssh-4:i386.
Preparing to unpack .../027-libssh-4_0.10.6-2ubuntu0.5_i386.deb ...
Unpacking libssh-4:i386 (0.10.6-2ubuntu0.5) ...
Selecting previously unselected package libcurl4t64:i386.
Preparing to unpack .../028-libcurl4t64_8.5.0-2ubuntu10.13_i386.deb ...
Unpacking libcurl4t64:i386 (8.5.0-2ubuntu10.13) ...
Selecting previously unselected package libexif12:i386.
Preparing to unpack .../029-libexif12_0.6.24-1ubuntu0.24.04.1_i386.deb ...
Unpacking libexif12:i386 (0.6.24-1ubuntu0.24.04.1) ...
Selecting previously unselected package libbz2-1.0:i386.
Preparing to unpack .../030-libbz2-1.0_1.0.8-5.1ubuntu0.1_i386.deb ...
Unpacking libbz2-1.0:i386 (1.0.8-5.1ubuntu0.1) ...
Selecting previously unselected package libpng16-16t64:i386.
Preparing to unpack .../031-libpng16-16t64_1.6.43-5ubuntu0.6_i386.deb ...
Unpacking libpng16-16t64:i386 (1.6.43-5ubuntu0.6) ...
Selecting previously unselected package libfreetype6:i386.
Preparing to unpack .../032-libfreetype6_2.13.2+dfsg-1ubuntu0.1_i386.deb ...
Unpacking libfreetype6:i386 (2.13.2+dfsg-1ubuntu0.1) ...
Selecting previously unselected package libfontconfig1:i386.
Preparing to unpack .../033-libfontconfig1_2.15.0-1.1ubuntu2_i386.deb ...
Unpacking libfontconfig1:i386 (2.15.0-1.1ubuntu2) ...
Selecting previously unselected package libsharpyuv0:i386.
Preparing to unpack .../034-libsharpyuv0_1.3.2-0.4build3_i386.deb ...
Unpacking libsharpyuv0:i386 (1.3.2-0.4build3) ...
Selecting previously unselected package libaom3:i386.
Preparing to unpack .../035-libaom3_3.8.2-2ubuntu0.2_i386.deb ...
Unpacking libaom3:i386 (3.8.2-2ubuntu0.2) ...
Selecting previously unselected package libheif-plugin-aomdec:i386.
Preparing to unpack .../036-libheif-plugin-aomdec_1.17.6-1ubuntu4.8_i386.deb ...
Unpacking libheif-plugin-aomdec:i386 (1.17.6-1ubuntu4.8) ...
Selecting previously unselected package libheif1:i386.
Preparing to unpack .../037-libheif1_1.17.6-1ubuntu4.8_i386.deb ...
Unpacking libheif1:i386 (1.17.6-1ubuntu4.8) ...
Selecting previously unselected package libjpeg-turbo8:i386.
Preparing to unpack .../038-libjpeg-turbo8_2.1.5-2ubuntu2_i386.deb ...
Unpacking libjpeg-turbo8:i386 (2.1.5-2ubuntu2) ...
Selecting previously unselected package libjpeg8:i386.
Preparing to unpack .../039-libjpeg8_8c-2ubuntu11_i386.deb ...
Unpacking libjpeg8:i386 (8c-2ubuntu11) ...
Selecting previously unselected package libdeflate0:i386.
Preparing to unpack .../040-libdeflate0_1.19-1build1.1_i386.deb ...
Unpacking libdeflate0:i386 (1.19-1build1.1) ...
Selecting previously unselected package libjbig0:i386.
Preparing to unpack .../041-libjbig0_2.1-6.1ubuntu2_i386.deb ...
Unpacking libjbig0:i386 (2.1-6.1ubuntu2) ...
Selecting previously unselected package libwebp7:i386.
Preparing to unpack .../042-libwebp7_1.3.2-0.4build3_i386.deb ...
Unpacking libwebp7:i386 (1.3.2-0.4build3) ...
Selecting previously unselected package libtiff6:i386.
Preparing to unpack .../043-libtiff6_4.5.1+git230720-4ubuntu2.5_i386.deb ...
Unpacking libtiff6:i386 (4.5.1+git230720-4ubuntu2.5) ...
Selecting previously unselected package libxpm4:i386.
Preparing to unpack .../044-libxpm4_1%3a3.5.17-1ubuntu0.24.04.1_i386.deb ...
Unpacking libxpm4:i386 (1:3.5.17-1ubuntu0.24.04.1) ...
Selecting previously unselected package libgd3:i386.
Preparing to unpack .../045-libgd3_2.3.3-9ubuntu5_i386.deb ...
Unpacking libgd3:i386 (2.3.3-9ubuntu5) ...
Selecting previously unselected package libltdl7:i386.
Preparing to unpack .../046-libltdl7_2.4.7-7build1_i386.deb ...
Unpacking libltdl7:i386 (2.4.7-7build1) ...
Selecting previously unselected package libcap2:i386.
Preparing to unpack .../047-libcap2_1%3a2.66-5ubuntu2.4_i386.deb ...
Unpacking libcap2:i386 (1:2.66-5ubuntu2.4) ...
Selecting previously unselected package libudev1:i386.
Preparing to unpack .../048-libudev1_255.4-1ubuntu8.17_i386.deb ...
Unpacking libudev1:i386 (255.4-1ubuntu8.17) ...
Selecting previously unselected package libusb-1.0-0:i386.
Preparing to unpack .../049-libusb-1.0-0_2%3a1.0.27-1_i386.deb ...
Unpacking libusb-1.0-0:i386 (2:1.0.27-1) ...
Selecting previously unselected package libgphoto2-port12t64:i386.
Preparing to unpack .../050-libgphoto2-port12t64_2.5.31-2.1ubuntu1.1_i386.deb ...
Unpacking libgphoto2-port12t64:i386 (2.5.31-2.1ubuntu1.1) ...
Selecting previously unselected package libgphoto2-6t64:i386.
Preparing to unpack .../051-libgphoto2-6t64_2.5.31-2.1ubuntu1.1_i386.deb ...
Unpacking libgphoto2-6t64:i386 (2.5.31-2.1ubuntu1.1) ...
Selecting previously unselected package libdw1t64:i386.
Preparing to unpack .../052-libdw1t64_0.190-1.1ubuntu0.1_i386.deb ...
Unpacking libdw1t64:i386 (0.190-1.1ubuntu0.1) ...
Selecting previously unselected package libunwind8:i386.
Preparing to unpack .../053-libunwind8_1.6.2-3build1.1_i386.deb ...
Unpacking libunwind8:i386 (1.6.2-3build1.1) ...
Selecting previously unselected package libgstreamer1.0-0:i386.
Preparing to unpack .../054-libgstreamer1.0-0_1.24.2-1ubuntu0.1_i386.deb ...
Unpacking libgstreamer1.0-0:i386 (1.24.2-1ubuntu0.1) ...
Selecting previously unselected package liborc-0.4-0t64:i386.
Preparing to unpack .../055-liborc-0.4-0t64_1%3a0.4.38-1ubuntu0.1_i386.deb ...
Unpacking liborc-0.4-0t64:i386 (1:0.4.38-1ubuntu0.1) ...
Selecting previously unselected package libgstreamer-plugins-base1.0-0:i386.
Preparing to unpack .../056-libgstreamer-plugins-base1.0-0_1.24.2-1ubuntu0.4_i386.deb ...
Unpacking libgstreamer-plugins-base1.0-0:i386 (1.24.2-1ubuntu0.4) ...
Selecting previously unselected package libgpg-error0:i386.
Preparing to unpack .../057-libgpg-error0_1.47-3build2.1_i386.deb ...
Unpacking libgpg-error0:i386 (1.47-3build2.1) ...
Selecting previously unselected package libgcrypt20:i386.
Preparing to unpack .../058-libgcrypt20_1.10.3-2ubuntu0.2_i386.deb ...
Unpacking libgcrypt20:i386 (1.10.3-2ubuntu0.2) ...
Selecting previously unselected package liblz4-1:i386.
Preparing to unpack .../059-liblz4-1_1.9.4-1build1.1_i386.deb ...
Unpacking liblz4-1:i386 (1.9.4-1build1.1) ...
Selecting previously unselected package libsystemd0:i386.
Preparing to unpack .../060-libsystemd0_255.4-1ubuntu8.17_i386.deb ...
Unpacking libsystemd0:i386 (255.4-1ubuntu8.17) ...
Selecting previously unselected package libdbus-1-3:i386.
Preparing to unpack .../061-libdbus-1-3_1.14.10-4ubuntu4.1_i386.deb ...
Unpacking libdbus-1-3:i386 (1.14.10-4ubuntu4.1) ...
Selecting previously unselected package libpcap0.8t64:i386.
Preparing to unpack .../062-libpcap0.8t64_1.10.4-4.1ubuntu3_i386.deb ...
Unpacking libpcap0.8t64:i386 (1.10.4-4.1ubuntu3) ...
Selecting previously unselected package libapparmor1:i386.
Preparing to unpack .../063-libapparmor1_4.0.1really4.0.1-0ubuntu0.24.04.7_i386.deb ...
Unpacking libapparmor1:i386 (4.0.1really4.0.1-0ubuntu0.24.04.7) ...
Selecting previously unselected package libasyncns0:i386.
Preparing to unpack .../064-libasyncns0_0.8-6build4_i386.deb ...
Unpacking libasyncns0:i386 (0.8-6build4) ...
Selecting previously unselected package libogg0:i386.
Preparing to unpack .../065-libogg0_1.3.5-3build1_i386.deb ...
Unpacking libogg0:i386 (1.3.5-3build1) ...
Selecting previously unselected package libflac12t64:i386.
Preparing to unpack .../066-libflac12t64_1.4.3+ds-2.1ubuntu2_i386.deb ...
Unpacking libflac12t64:i386 (1.4.3+ds-2.1ubuntu2) ...
Selecting previously unselected package libmp3lame0:i386.
Preparing to unpack .../067-libmp3lame0_3.100-6build1_i386.deb ...
Unpacking libmp3lame0:i386 (3.100-6build1) ...
Selecting previously unselected package libmpg123-0t64:i386.
Preparing to unpack .../068-libmpg123-0t64_1.32.5-1ubuntu1.1_i386.deb ...
Unpacking libmpg123-0t64:i386 (1.32.5-1ubuntu1.1) ...
Selecting previously unselected package libopus0:i386.
Preparing to unpack .../069-libopus0_1.4-1build1_i386.deb ...
Unpacking libopus0:i386 (1.4-1build1) ...
Selecting previously unselected package libvorbis0a:i386.
Preparing to unpack .../070-libvorbis0a_1.3.7-1build3_i386.deb ...
Unpacking libvorbis0a:i386 (1.3.7-1build3) ...
Selecting previously unselected package libvorbisenc2:i386.
Preparing to unpack .../071-libvorbisenc2_1.3.7-1build3_i386.deb ...
Unpacking libvorbisenc2:i386 (1.3.7-1build3) ...
Selecting previously unselected package libsndfile1:i386.
Preparing to unpack .../072-libsndfile1_1.2.2-1ubuntu5.24.04.1_i386.deb ...
Unpacking libsndfile1:i386 (1.2.2-1ubuntu5.24.04.1) ...
Selecting previously unselected package libpulse0:i386.
Preparing to unpack .../073-libpulse0_1%3a16.1+dfsg1-2ubuntu10.1_i386.deb ...
Unpacking libpulse0:i386 (1:16.1+dfsg1-2ubuntu10.1) ...
Selecting previously unselected package libavahi-common-data:i386.
Preparing to unpack .../074-libavahi-common-data_0.8-13ubuntu6.2_i386.deb ...
Unpacking libavahi-common-data:i386 (0.8-13ubuntu6.2) ...
Selecting previously unselected package libavahi-common3:i386.
Preparing to unpack .../075-libavahi-common3_0.8-13ubuntu6.2_i386.deb ...
Unpacking libavahi-common3:i386 (0.8-13ubuntu6.2) ...
Selecting previously unselected package libavahi-client3:i386.
Preparing to unpack .../076-libavahi-client3_0.8-13ubuntu6.2_i386.deb ...
Unpacking libavahi-client3:i386 (0.8-13ubuntu6.2) ...
Selecting previously unselected package libpixman-1-0:i386.
Preparing to unpack .../077-libpixman-1-0_0.42.2-1build1_i386.deb ...
Unpacking libpixman-1-0:i386 (0.42.2-1build1) ...
Selecting previously unselected package libxcb-render0:i386.
Preparing to unpack .../078-libxcb-render0_1.15-1ubuntu2_i386.deb ...
Unpacking libxcb-render0:i386 (1.15-1ubuntu2) ...
Selecting previously unselected package libxext6:i386.
Preparing to unpack .../079-libxext6_2%3a1.3.4-1build2_i386.deb ...
Unpacking libxext6:i386 (2:1.3.4-1build2) ...
Selecting previously unselected package libxrender1:i386.
Preparing to unpack .../080-libxrender1_1%3a0.9.10-1.1build1_i386.deb ...
Unpacking libxrender1:i386 (1:0.9.10-1.1build1) ...
Selecting previously unselected package libcairo2:i386.
Preparing to unpack .../081-libcairo2_1.18.0-3build1_i386.deb ...
Unpacking libcairo2:i386 (1.18.0-3build1) ...
Selecting previously unselected package libcurl3t64-gnutls:i386.
Preparing to unpack .../082-libcurl3t64-gnutls_8.5.0-2ubuntu10.13_i386.deb ...
Unpacking libcurl3t64-gnutls:i386 (8.5.0-2ubuntu10.13) ...
Selecting previously unselected package libieee1284-3t64:i386.
Preparing to unpack .../083-libieee1284-3t64_0.2.11-14.1build1_i386.deb ...
Unpacking libieee1284-3t64:i386 (0.2.11-14.1build1) ...
Selecting previously unselected package liblcms2-2:i386.
Preparing to unpack .../084-liblcms2-2_2.14-2ubuntu0.1_i386.deb ...
Unpacking liblcms2-2:i386 (2.14-2ubuntu0.1) ...
Selecting previously unselected package libnspr4:i386.
Preparing to unpack .../085-libnspr4_2%3a4.35-1.1build1_i386.deb ...
Unpacking libnspr4:i386 (2:4.35-1.1build1) ...
Selecting previously unselected package libsqlite3-0:i386.
Preparing to unpack .../086-libsqlite3-0_3.45.1-1ubuntu2.8_i386.deb ...
Unpacking libsqlite3-0:i386 (3.45.1-1ubuntu2.8) ...
Selecting previously unselected package libnss3:i386.
Preparing to unpack .../087-libnss3_2%3a3.98-1ubuntu0.2_i386.deb ...
Unpacking libnss3:i386 (2:3.98-1ubuntu0.2) ...
Selecting previously unselected package libopenjp2-7:i386.
Preparing to unpack .../088-libopenjp2-7_2.5.0-2ubuntu0.5_i386.deb ...
Unpacking libopenjp2-7:i386 (2.5.0-2ubuntu0.5) ...
Selecting previously unselected package libpoppler134:i386.
Preparing to unpack .../089-libpoppler134_24.02.0-1ubuntu9.9_i386.deb ...
Unpacking libpoppler134:i386 (24.02.0-1ubuntu9.9) ...
Selecting previously unselected package libpoppler-glib8t64:i386.
Preparing to unpack .../090-libpoppler-glib8t64_24.02.0-1ubuntu9.9_i386.deb ...
Unpacking libpoppler-glib8t64:i386 (24.02.0-1ubuntu9.9) ...
Selecting previously unselected package libpci3:i386.
Preparing to unpack .../091-libpci3_1%3a3.10.0-2build1_i386.deb ...
Unpacking libpci3:i386 (1:3.10.0-2build1) ...
Selecting previously unselected package libcrypt1:i386.
Preparing to unpack .../092-libcrypt1_1%3a4.4.36-4build1_i386.deb ...
Unpacking libcrypt1:i386 (1:4.4.36-4build1) ...
Selecting previously unselected package libgdbm6t64:i386.
Preparing to unpack .../093-libgdbm6t64_1.23-5.1build1_i386.deb ...
Unpacking libgdbm6t64:i386 (1.23-5.1build1) ...
Selecting previously unselected package libgdbm-compat4t64:i386.
Preparing to unpack .../094-libgdbm-compat4t64_1.23-5.1build1_i386.deb ...
Unpacking libgdbm-compat4t64:i386 (1.23-5.1build1) ...
Selecting previously unselected package libperl5.38t64:i386.
Preparing to unpack .../095-libperl5.38t64_5.38.2-3.2ubuntu0.6_i386.deb ...
Unpacking libperl5.38t64:i386 (5.38.2-3.2ubuntu0.6) ...
Selecting previously unselected package libsensors5:i386.
Preparing to unpack .../096-libsensors5_1%3a3.6.0-9build1_i386.deb ...
Unpacking libsensors5:i386 (1:3.6.0-9build1) ...
Selecting previously unselected package libwrap0:i386.
Preparing to unpack .../097-libwrap0_7.6.q-33_i386.deb ...
Unpacking libwrap0:i386 (7.6.q-33) ...
Selecting previously unselected package libsnmp40t64:i386.
Preparing to unpack .../098-libsnmp40t64_5.9.4+dfsg-1.1ubuntu3.2_i386.deb ...
Unpacking libsnmp40t64:i386 (5.9.4+dfsg-1.1ubuntu3.2) ...
Selecting previously unselected package libsane1:i386.
Preparing to unpack .../099-libsane1_1.2.1-7build4_i386.deb ...
Unpacking libsane1:i386 (1.2.1-7build4) ...
Selecting previously unselected package libwayland-egl1:i386.
Preparing to unpack .../100-libwayland-egl1_1.22.0-2.1build1_i386.deb ...
Unpacking libwayland-egl1:i386 (1.22.0-2.1build1) ...
Selecting previously unselected package libxkbcommon0:i386.
Preparing to unpack .../101-libxkbcommon0_1.6.0-1build1_i386.deb ...
Unpacking libxkbcommon0:i386 (1.6.0-1build1) ...
Selecting previously unselected package libxkbregistry0:i386.
Preparing to unpack .../102-libxkbregistry0_1.6.0-1build1_i386.deb ...
Unpacking libxkbregistry0:i386 (1.6.0-1build1) ...
Selecting previously unselected package ocl-icd-libopencl1:i386.
Preparing to unpack .../103-ocl-icd-libopencl1_2.3.2-1build1_i386.deb ...
Unpacking ocl-icd-libopencl1:i386 (2.3.2-1build1) ...
Selecting previously unselected package libva2:i386.
Preparing to unpack .../104-libva2_2.20.0-2ubuntu0.2_i386.deb ...
Unpacking libva2:i386 (2.20.0-2ubuntu0.2) ...
Selecting previously unselected package libva-drm2:i386.
Preparing to unpack .../105-libva-drm2_2.20.0-2ubuntu0.2_i386.deb ...
Unpacking libva-drm2:i386 (2.20.0-2ubuntu0.2) ...
Selecting previously unselected package libxfixes3:i386.
Preparing to unpack .../106-libxfixes3_1%3a6.0.0-2build1_i386.deb ...
Unpacking libxfixes3:i386 (1:6.0.0-2build1) ...
Selecting previously unselected package libva-x11-2:i386.
Preparing to unpack .../107-libva-x11-2_2.20.0-2ubuntu0.2_i386.deb ...
Unpacking libva-x11-2:i386 (2.20.0-2ubuntu0.2) ...
Selecting previously unselected package libvdpau1:i386.
Preparing to unpack .../108-libvdpau1_1.5-2build1_i386.deb ...
Unpacking libvdpau1:i386 (1.5-2build1) ...
Selecting previously unselected package libavutil58:i386.
Preparing to unpack .../109-libavutil58_7%3a6.1.1-3ubuntu5_i386.deb ...
Unpacking libavutil58:i386 (7:6.1.1-3ubuntu5) ...
Selecting previously unselected package libcodec2-1.2:i386.
Preparing to unpack .../110-libcodec2-1.2_1.2.0-2build1_i386.deb ...
Unpacking libcodec2-1.2:i386 (1.2.0-2build1) ...
Selecting previously unselected package libdav1d7:i386.
Preparing to unpack .../111-libdav1d7_1.4.1-1build1_i386.deb ...
Unpacking libdav1d7:i386 (1.4.1-1build1) ...
Selecting previously unselected package libgsm1:i386.
Preparing to unpack .../112-libgsm1_1.0.22-1build1_i386.deb ...
Unpacking libgsm1:i386 (1.0.22-1build1) ...
Selecting previously unselected package libcairo-gobject2:i386.
Preparing to unpack .../113-libcairo-gobject2_1.18.0-3build1_i386.deb ...
Unpacking libcairo-gobject2:i386 (1.18.0-3build1) ...
Selecting previously unselected package libgdk-pixbuf-2.0-0:i386.
Preparing to unpack .../114-libgdk-pixbuf-2.0-0_2.42.10+dfsg-3ubuntu3.3_i386.deb ...
Unpacking libgdk-pixbuf-2.0-0:i386 (2.42.10+dfsg-3ubuntu3.3) ...
Selecting previously unselected package libfribidi0:i386.
Preparing to unpack .../115-libfribidi0_1.0.13-3build1_i386.deb ...
Unpacking libfribidi0:i386 (1.0.13-3build1) ...
Selecting previously unselected package libgraphite2-3:i386.
Preparing to unpack .../116-libgraphite2-3_1.3.14-2ubuntu0.24.04.1_i386.deb ...
Unpacking libgraphite2-3:i386 (1.3.14-2ubuntu0.24.04.1) ...
Selecting previously unselected package libharfbuzz0b:i386.
Preparing to unpack .../117-libharfbuzz0b_8.3.0-2build2_i386.deb ...
Unpacking libharfbuzz0b:i386 (8.3.0-2build2) ...
Selecting previously unselected package libdatrie1:i386.
Preparing to unpack .../118-libdatrie1_0.2.13-3build1_i386.deb ...
Unpacking libdatrie1:i386 (0.2.13-3build1) ...
Selecting previously unselected package libthai0:i386.
Preparing to unpack .../119-libthai0_0.1.29-2build1_i386.deb ...
Unpacking libthai0:i386 (0.1.29-2build1) ...
Selecting previously unselected package libpango-1.0-0:i386.
Preparing to unpack .../120-libpango-1.0-0_1.52.1+ds-1build1_i386.deb ...
Unpacking libpango-1.0-0:i386 (1.52.1+ds-1build1) ...
Selecting previously unselected package libpangoft2-1.0-0:i386.
Preparing to unpack .../121-libpangoft2-1.0-0_1.52.1+ds-1build1_i386.deb ...
Unpacking libpangoft2-1.0-0:i386 (1.52.1+ds-1build1) ...
Selecting previously unselected package libpangocairo-1.0-0:i386.
Preparing to unpack .../122-libpangocairo-1.0-0_1.52.1+ds-1build1_i386.deb ...
Unpacking libpangocairo-1.0-0:i386 (1.52.1+ds-1build1) ...
Selecting previously unselected package librsvg2-2:i386.
Preparing to unpack .../123-librsvg2-2_2.58.0+dfsg-1build1_i386.deb ...
Unpacking librsvg2-2:i386 (2.58.0+dfsg-1build1) ...
Selecting previously unselected package libshine3:i386.
Preparing to unpack .../124-libshine3_3.1.1-2build1_i386.deb ...
Unpacking libshine3:i386 (3.1.1-2build1) ...
Selecting previously unselected package libsnappy1v5:i386.
Preparing to unpack .../125-libsnappy1v5_1.1.10-1build1_i386.deb ...
Unpacking libsnappy1v5:i386 (1.1.10-1build1) ...
Selecting previously unselected package libspeex1:i386.
Preparing to unpack .../126-libspeex1_1.2.1-2ubuntu2.24.04.1_i386.deb ...
Unpacking libspeex1:i386 (1.2.1-2ubuntu2.24.04.1) ...
Selecting previously unselected package libsvtav1enc1d1:i386.
Preparing to unpack .../127-libsvtav1enc1d1_1.7.0+dfsg-2build1_i386.deb ...
Unpacking libsvtav1enc1d1:i386 (1.7.0+dfsg-2build1) ...
Selecting previously unselected package libgomp1:i386.
Preparing to unpack .../128-libgomp1_14.2.0-4ubuntu2~24.04.1_i386.deb ...
Unpacking libgomp1:i386 (14.2.0-4ubuntu2~24.04.1) ...
Selecting previously unselected package libsoxr0:i386.
Preparing to unpack .../129-libsoxr0_0.1.3-4build3_i386.deb ...
Unpacking libsoxr0:i386 (0.1.3-4build3) ...
Selecting previously unselected package libswresample4:i386.
Preparing to unpack .../130-libswresample4_7%3a6.1.1-3ubuntu5_i386.deb ...
Unpacking libswresample4:i386 (7:6.1.1-3ubuntu5) ...
Selecting previously unselected package libtheora0:i386.
Preparing to unpack .../131-libtheora0_1.1.1+dfsg.1-16.1build3_i386.deb ...
Unpacking libtheora0:i386 (1.1.1+dfsg.1-16.1build3) ...
Selecting previously unselected package libtwolame0:i386.
Preparing to unpack .../132-libtwolame0_0.4.0-2build3_i386.deb ...
Unpacking libtwolame0:i386 (0.4.0-2build3) ...
Selecting previously unselected package libvpx9:i386.
Preparing to unpack .../133-libvpx9_1.14.0-1ubuntu2.3_i386.deb ...
Unpacking libvpx9:i386 (1.14.0-1ubuntu2.3) ...
Selecting previously unselected package libwebpmux3:i386.
Preparing to unpack .../134-libwebpmux3_1.3.2-0.4build3_i386.deb ...
Unpacking libwebpmux3:i386 (1.3.2-0.4build3) ...
Selecting previously unselected package libx264-164:i386.
Preparing to unpack .../135-libx264-164_2%3a0.164.3108+git31e19f9-1_i386.deb ...
Unpacking libx264-164:i386 (2:0.164.3108+git31e19f9-1) ...
Selecting previously unselected package libnuma1:i386.
Preparing to unpack .../136-libnuma1_2.0.18-1ubuntu0.24.04.1_i386.deb ...
Unpacking libnuma1:i386 (2.0.18-1ubuntu0.24.04.1) ...
Selecting previously unselected package libx265-199:i386.
Preparing to unpack .../137-libx265-199_3.5-2build1_i386.deb ...
Unpacking libx265-199:i386 (3.5-2build1) ...
Selecting previously unselected package libxvidcore4:i386.
Preparing to unpack .../138-libxvidcore4_2%3a1.3.7-1build1_i386.deb ...
Unpacking libxvidcore4:i386 (2:1.3.7-1build1) ...
Selecting previously unselected package libzvbi0t64:i386.
Preparing to unpack .../139-libzvbi0t64_0.2.42-2_i386.deb ...
Unpacking libzvbi0t64:i386 (0.2.42-2) ...
Selecting previously unselected package libavcodec60:i386.
Preparing to unpack .../140-libavcodec60_7%3a6.1.1-3ubuntu5_i386.deb ...
Unpacking libavcodec60:i386 (7:6.1.1-3ubuntu5) ...
Selecting previously unselected package libsamplerate0:i386.
Preparing to unpack .../141-libsamplerate0_0.2.2-4build1_i386.deb ...
Unpacking libsamplerate0:i386 (0.2.2-4build1) ...
Selecting previously unselected package libjack-jackd2-0:i386.
Preparing to unpack .../142-libjack-jackd2-0_1.9.21~dfsg-3ubuntu3_i386.deb ...
Unpacking libjack-jackd2-0:i386 (1.9.21~dfsg-3ubuntu3) ...
Selecting previously unselected package libspeexdsp1:i386.
Preparing to unpack .../143-libspeexdsp1_1.2.1-1ubuntu3_i386.deb ...
Unpacking libspeexdsp1:i386 (1.2.1-1ubuntu3) ...
Selecting previously unselected package libasound2-plugins:i386.
Preparing to unpack .../144-libasound2-plugins_1.2.7.1-1ubuntu5_i386.deb ...
Unpacking libasound2-plugins:i386 (1.2.7.1-1ubuntu5) ...
Selecting previously unselected package libncurses6:i386.
Preparing to unpack .../145-libncurses6_6.4+20240113-1ubuntu2.2_i386.deb ...
Unpacking libncurses6:i386 (6.4+20240113-1ubuntu2.2) ...
Selecting previously unselected package wine-stable-i386:i386.
Preparing to unpack .../146-wine-stable-i386_11.0.0.0~noble-1_i386.deb ...
Unpacking wine-stable-i386:i386 (11.0.0.0~noble-1) ...
Selecting previously unselected package libjack-jackd2-0:amd64.
Preparing to unpack .../147-libjack-jackd2-0_1.9.21~dfsg-3ubuntu3_amd64.deb ...
Unpacking libjack-jackd2-0:amd64 (1.9.21~dfsg-3ubuntu3) ...
Selecting previously unselected package libasound2-plugins:amd64.
Preparing to unpack .../148-libasound2-plugins_1.2.7.1-1ubuntu5_amd64.deb ...
Unpacking libasound2-plugins:amd64 (1.2.7.1-1ubuntu5) ...
Selecting previously unselected package wine-stable-amd64.
Preparing to unpack .../149-wine-stable-amd64_11.0.0.0~noble-1_amd64.deb ...
Unpacking wine-stable-amd64 (11.0.0.0~noble-1) ...
Selecting previously unselected package wine-stable.
Preparing to unpack .../150-wine-stable_11.0.0.0~noble-1_amd64.deb ...
Unpacking wine-stable (11.0.0.0~noble-1) ...
Selecting previously unselected package libgpm2:i386.
Preparing to unpack .../151-libgpm2_1.20.7-11_i386.deb ...
Unpacking libgpm2:i386 (1.20.7-11) ...
Selecting previously unselected package libcdparanoia0:i386.
Preparing to unpack .../152-libcdparanoia0_3.10.2+debian-14build3_i386.deb ...
Unpacking libcdparanoia0:i386 (3.10.2+debian-14build3) ...
Selecting previously unselected package libvisual-0.4-0:i386.
Preparing to unpack .../153-libvisual-0.4-0_0.4.2-2build1_i386.deb ...
Unpacking libvisual-0.4-0:i386 (0.4.2-2build1) ...
Selecting previously unselected package gstreamer1.0-plugins-base:i386.
Preparing to unpack .../154-gstreamer1.0-plugins-base_1.24.2-1ubuntu0.4_i386.deb ...
Unpacking gstreamer1.0-plugins-base:i386 (1.24.2-1ubuntu0.4) ...
Selecting previously unselected package libigdgmm12:i386.
Preparing to unpack .../155-libigdgmm12_22.3.17+ds1-1ubuntu1_i386.deb ...
Unpacking libigdgmm12:i386 (22.3.17+ds1-1ubuntu1) ...
Selecting previously unselected package intel-media-va-driver:i386.
Preparing to unpack .../156-intel-media-va-driver_24.1.0+dfsg1-1ubuntu0.2_i386.deb ...
Unpacking intel-media-va-driver:i386 (24.1.0+dfsg1-1ubuntu0.2) ...
Selecting previously unselected package libatk1.0-0t64:i386.
Preparing to unpack .../157-libatk1.0-0t64_2.52.0-1build1_i386.deb ...
Unpacking libatk1.0-0t64:i386 (2.52.0-1build1) ...
Selecting previously unselected package libxi6:i386.
Preparing to unpack .../158-libxi6_2%3a1.8.1-1build1_i386.deb ...
Unpacking libxi6:i386 (2:1.8.1-1build1) ...
Selecting previously unselected package libatspi2.0-0t64:i386.
Preparing to unpack .../159-libatspi2.0-0t64_2.52.0-1build1_i386.deb ...
Unpacking libatspi2.0-0t64:i386 (2.52.0-1build1) ...
Selecting previously unselected package libatk-bridge2.0-0t64:i386.
Preparing to unpack .../160-libatk-bridge2.0-0t64_2.52.0-1build1_i386.deb ...
Unpacking libatk-bridge2.0-0t64:i386 (2.52.0-1build1) ...
Selecting previously unselected package libcapi20-3t64:i386.
Preparing to unpack .../161-libcapi20-3t64_1%3a3.27-3.1build1_i386.deb ...
Unpacking libcapi20-3t64:i386 (1:3.27-3.1build1) ...
Selecting previously unselected package libcapi20-3t64:amd64.
Preparing to unpack .../162-libcapi20-3t64_1%3a3.27-3.1build1_amd64.deb ...
Unpacking libcapi20-3t64:amd64 (1:3.27-3.1build1) ...
Selecting previously unselected package libcolord2:i386.
Preparing to unpack .../163-libcolord2_1.4.7-1build2_i386.deb ...
Unpacking libcolord2:i386 (1.4.7-1build2) ...
Selecting previously unselected package libcups2t64:i386.
Preparing to unpack .../164-libcups2t64_2.4.7-1.2ubuntu7.14_i386.deb ...
Unpacking libcups2t64:i386 (2.4.7-1.2ubuntu7.14) ...
Selecting previously unselected package libdecor-0-0:i386.
Preparing to unpack .../165-libdecor-0-0_0.2.2-1build2_i386.deb ...
Unpacking libdecor-0-0:i386 (0.2.2-1build2) ...
Selecting previously unselected package libepoxy0:i386.
Preparing to unpack .../166-libepoxy0_1.5.10-1build1_i386.deb ...
Unpacking libepoxy0:i386 (1.5.10-1build1) ...
Selecting previously unselected package libwayland-cursor0:i386.
Preparing to unpack .../167-libwayland-cursor0_1.22.0-2.1build1_i386.deb ...
Unpacking libwayland-cursor0:i386 (1.22.0-2.1build1) ...
Selecting previously unselected package libxcomposite1:i386.
Preparing to unpack .../168-libxcomposite1_1%3a0.4.5-1build3_i386.deb ...
Unpacking libxcomposite1:i386 (1:0.4.5-1build3) ...
Selecting previously unselected package libxcursor1:i386.
Preparing to unpack .../169-libxcursor1_1%3a1.2.1-1build1_i386.deb ...
Unpacking libxcursor1:i386 (1:1.2.1-1build1) ...
Selecting previously unselected package libxdamage1:i386.
Preparing to unpack .../170-libxdamage1_1%3a1.1.6-1build1_i386.deb ...
Unpacking libxdamage1:i386 (1:1.1.6-1build1) ...
Selecting previously unselected package libxinerama1:i386.
Preparing to unpack .../171-libxinerama1_2%3a1.1.4-3build1_i386.deb ...
Unpacking libxinerama1:i386 (2:1.1.4-3build1) ...
Selecting previously unselected package libxrandr2:i386.
Preparing to unpack .../172-libxrandr2_2%3a1.5.2-2build1_i386.deb ...
Unpacking libxrandr2:i386 (2:1.5.2-2build1) ...
Selecting previously unselected package libgtk-3-0t64:i386.
Preparing to unpack .../173-libgtk-3-0t64_3.24.41-4ubuntu1.3_i386.deb ...
Unpacking libgtk-3-0t64:i386 (3.24.41-4ubuntu1.3) ...
Selecting previously unselected package libdecor-0-plugin-1-gtk:i386.
Preparing to unpack .../174-libdecor-0-plugin-1-gtk_0.2.2-1build2_i386.deb ...
Unpacking libdecor-0-plugin-1-gtk:i386 (0.2.2-1build2) ...
Selecting previously unselected package libpciaccess0:i386.
Preparing to unpack .../175-libpciaccess0_0.17-3ubuntu0.24.04.2_i386.deb ...
Unpacking libpciaccess0:i386 (0.17-3ubuntu0.24.04.2) ...
Selecting previously unselected package libdrm-intel1:i386.
Preparing to unpack .../176-libdrm-intel1_2.4.125-1ubuntu0.1~24.04.2_i386.deb ...
Unpacking libdrm-intel1:i386 (2.4.125-1ubuntu0.1~24.04.2) ...
Selecting previously unselected package mesa-libgallium:i386.
Preparing to unpack .../177-mesa-libgallium_25.2.8-0ubuntu0.24.04.2_i386.deb ...
Unpacking mesa-libgallium:i386 (25.2.8-0ubuntu0.24.04.2) ...
Selecting previously unselected package libgbm1:i386.
Preparing to unpack .../178-libgbm1_25.2.8-0ubuntu0.24.04.2_i386.deb ...
Unpacking libgbm1:i386 (25.2.8-0ubuntu0.24.04.2) ...
Selecting previously unselected package libgpg-error-l10n.
Preparing to unpack .../179-libgpg-error-l10n_1.47-3build2.1_all.deb ...
Unpacking libgpg-error-l10n (1.47-3build2.1) ...
Selecting previously unselected package libheif-plugin-aomenc:i386.
Preparing to unpack .../180-libheif-plugin-aomenc_1.17.6-1ubuntu4.8_i386.deb ...
Unpacking libheif-plugin-aomenc:i386 (1.17.6-1ubuntu4.8) ...
Selecting previously unselected package libldap-common.
Preparing to unpack .../181-libldap-common_2.6.10+dfsg-0ubuntu0.24.04.1_all.deb ...
Unpacking libldap-common (2.6.10+dfsg-0ubuntu0.24.04.1) ...
Selecting previously unselected package libodbc2:amd64.
Preparing to unpack .../182-libodbc2_2.3.12-1ubuntu0.24.04.1_amd64.deb ...
Unpacking libodbc2:amd64 (2.3.12-1ubuntu0.24.04.1) ...
Selecting previously unselected package libodbc2:i386.
Preparing to unpack .../183-libodbc2_2.3.12-1ubuntu0.24.04.1_i386.deb ...
Unpacking libodbc2:i386 (2.3.12-1ubuntu0.24.04.1) ...
Selecting previously unselected package librsvg2-common:i386.
Preparing to unpack .../184-librsvg2-common_2.58.0+dfsg-1build1_i386.deb ...
Unpacking librsvg2-common:i386 (2.58.0+dfsg-1build1) ...
Selecting previously unselected package libsasl2-modules:i386.
Preparing to unpack .../185-libsasl2-modules_2.1.28+dfsg1-5ubuntu3.1_i386.deb ...
Unpacking libsasl2-modules:i386 (2.1.28+dfsg1-5ubuntu3.1) ...
Selecting previously unselected package libsdl2-2.0-0:amd64.
Preparing to unpack .../186-libsdl2-2.0-0_2.30.0+dfsg-1ubuntu3.1_amd64.deb ...
Unpacking libsdl2-2.0-0:amd64 (2.30.0+dfsg-1ubuntu3.1) ...
Selecting previously unselected package libxss1:i386.
Preparing to unpack .../187-libxss1_1%3a1.2.3-1build3_i386.deb ...
Unpacking libxss1:i386 (1:1.2.3-1build3) ...
Selecting previously unselected package libsdl2-2.0-0:i386.
Preparing to unpack .../188-libsdl2-2.0-0_2.30.0+dfsg-1ubuntu3.1_i386.deb ...
Unpacking libsdl2-2.0-0:i386 (2.30.0+dfsg-1ubuntu3.1) ...
Selecting previously unselected package libv4lconvert0t64:i386.
Preparing to unpack .../189-libv4lconvert0t64_1.26.1-4build3_i386.deb ...
Unpacking libv4lconvert0t64:i386 (1.26.1-4build3) ...
Selecting previously unselected package libv4l-0t64:i386.
Preparing to unpack .../190-libv4l-0t64_1.26.1-4build3_i386.deb ...
Unpacking libv4l-0t64:i386 (1.26.1-4build3) ...
Selecting previously unselected package libxslt1.1:i386.
Preparing to unpack .../191-libxslt1.1_1.1.39-0exp1ubuntu0.24.04.3_i386.deb ...
Unpacking libxslt1.1:i386 (1.1.39-0exp1ubuntu0.24.04.3) ...
Selecting previously unselected package libxxf86vm1:i386.
Preparing to unpack .../192-libxxf86vm1_1%3a1.1.4-1build4_i386.deb ...
Unpacking libxxf86vm1:i386 (1:1.1.4-1build4) ...
Selecting previously unselected package mesa-va-drivers:i386.
Preparing to unpack .../193-mesa-va-drivers_25.2.8-0ubuntu0.24.04.2_i386.deb ...
Unpacking mesa-va-drivers:i386 (25.2.8-0ubuntu0.24.04.2) ...
Selecting previously unselected package mesa-vdpau-drivers:i386.
Preparing to unpack .../194-mesa-vdpau-drivers_25.2.8-0ubuntu0.24.04.2_i386.deb ...
Unpacking mesa-vdpau-drivers:i386 (25.2.8-0ubuntu0.24.04.2) ...
Selecting previously unselected package i965-va-driver:i386.
Preparing to unpack .../195-i965-va-driver_2.4.1+dfsg1-1ubuntu0.2_i386.deb ...
Unpacking i965-va-driver:i386 (2.4.1+dfsg1-1ubuntu0.2) ...
Selecting previously unselected package va-driver-all:i386.
Preparing to unpack .../196-va-driver-all_2.20.0-2ubuntu0.2_i386.deb ...
Unpacking va-driver-all:i386 (2.20.0-2ubuntu0.2) ...
Selecting previously unselected package vdpau-driver-all:i386.
Preparing to unpack .../197-vdpau-driver-all_1.5-2build1_i386.deb ...
Unpacking vdpau-driver-all:i386 (1.5-2build1) ...
Selecting previously unselected package winehq-stable.
Preparing to unpack .../198-winehq-stable_11.0.0.0~noble-1_amd64.deb ...
Unpacking winehq-stable (11.0.0.0~noble-1) ...
Selecting previously unselected package libglu1-mesa:amd64.
Preparing to unpack .../199-libglu1-mesa_9.0.2-1.1build1_amd64.deb ...
Unpacking libglu1-mesa:amd64 (9.0.2-1.1build1) ...
Selecting previously unselected package libglvnd0:i386.
Preparing to unpack .../200-libglvnd0_1.7.0-1build1_i386.deb ...
Unpacking libglvnd0:i386 (1.7.0-1build1) ...
Selecting previously unselected package libopengl0:i386.
Preparing to unpack .../201-libopengl0_1.7.0-1build1_i386.deb ...
Unpacking libopengl0:i386 (1.7.0-1build1) ...
Selecting previously unselected package libglu1-mesa:i386.
Preparing to unpack .../202-libglu1-mesa_9.0.2-1.1build1_i386.deb ...
Unpacking libglu1-mesa:i386 (9.0.2-1.1build1) ...
Setting up libgraphite2-3:i386 (1.3.14-2ubuntu0.24.04.1) ...
Setting up liblcms2-2:i386 (2.14-2ubuntu0.1) ...
Setting up libpixman-1-0:i386 (0.42.2-1build1) ...
Setting up libcdparanoia0:i386 (3.10.2+debian-14build3) ...
Setting up libsharpyuv0:i386 (1.3.2-0.4build3) ...
Setting up libaom3:i386 (3.8.2-2ubuntu0.2) ...
Setting up libpciaccess0:i386 (0.17-3ubuntu0.24.04.2) ...
Setting up libkeyutils1:i386 (1.6.3-3build1) ...
Setting up libapparmor1:i386 (4.0.1really4.0.1-0ubuntu0.24.04.7) ...
Setting up libieee1284-3t64:i386 (0.2.11-14.1build1) ...
Setting up libgpm2:i386 (1.20.7-11) ...
Setting up libxdamage1:i386 (1:1.1.6-1build1) ...
Setting up libogg0:i386 (1.3.5-3build1) ...
Setting up libspeex1:i386 (1.2.1-2ubuntu2.24.04.1) ...
Setting up libgdbm6t64:i386 (1.23-5.1build1) ...
Setting up libshine3:i386 (3.1.1-2build1) ...
Setting up libxpm4:i386 (1:3.5.17-1ubuntu0.24.04.1) ...
Setting up libx264-164:i386 (2:0.164.3108+git31e19f9-1) ...
Setting up libtwolame0:i386 (0.4.0-2build3) ...
Setting up libgpg-error0:i386 (1.47-3build2.1) ...
Setting up libxrender1:i386 (1:0.9.10-1.1build1) ...
Setting up libdatrie1:i386 (0.2.13-3build1) ...
Setting up libgdbm-compat4t64:i386 (1.23-5.1build1) ...
Setting up libgsm1:i386 (1.0.22-1build1) ...
Setting up libvisual-0.4-0:i386 (0.4.2-2build1) ...
Setting up libxcb-render0:i386 (1.15-1ubuntu2) ...
Setting up libssl3t64:i386 (3.0.13-0ubuntu3.15) ...
Setting up liblz4-1:i386 (1.9.4-1build1.1) ...
Setting up libglvnd0:i386 (1.7.0-1build1) ...
Setting up libcodec2-1.2:i386 (1.2.0-2build1) ...
Setting up libbrotli1:i386 (1.1.0-2build2) ...
Setting up libsqlite3-0:i386 (3.45.1-1ubuntu2.8) ...
Setting up libsasl2-modules:i386 (2.1.28+dfsg1-5ubuntu3.1) ...
Setting up libdrm-intel1:i386 (2.4.125-1ubuntu0.1~24.04.2) ...
Setting up libpsl5t64:i386 (0.21.2-1.1build1) ...
Setting up libnghttp2-14:i386 (1.59.0-1ubuntu0.4) ...
Setting up libdeflate0:i386 (1.19-1build1.1) ...
Setting up libxext6:i386 (2:1.3.4-1build2) ...
Setting up libgcrypt20:i386 (1.10.3-2ubuntu0.2) ...
Setting up libcrypt1:i386 (1:4.4.36-4build1) ...
Setting up libsvtav1enc1d1:i386 (1.7.0+dfsg-2build1) ...
Setting up libcom-err2:i386 (1.47.0-2.4~exp1ubuntu4.1) ...
Setting up libigdgmm12:i386 (22.3.17+ds1-1ubuntu1) ...
Setting up libmpg123-0t64:i386 (1.32.5-1ubuntu1.1) ...
Setting up libgomp1:i386 (14.2.0-4ubuntu2~24.04.1) ...
Setting up libxvidcore4:i386 (2:1.3.7-1build1) ...
Setting up libldap-common (2.6.10+dfsg-0ubuntu0.24.04.1) ...
Setting up libunwind8:i386 (1.6.2-3build1.1) ...
Setting up libjbig0:i386 (2.1-6.1ubuntu2) ...
Setting up libcap2:i386 (1:2.66-5ubuntu2.4) ...
Setting up libopengl0:i386 (1.7.0-1build1) ...
Setting up libxxf86vm1:i386 (1:1.1.4-1build4) ...
Setting up libsnappy1v5:i386 (1.1.10-1build1) ...
Setting up liborc-0.4-0t64:i386 (1:0.4.38-1ubuntu0.1) ...
Setting up libkrb5support0:i386 (1.20.1-6ubuntu2.10) ...
Setting up libthai0:i386 (0.1.29-2build1) ...
Setting up libnettle8t64:i386 (3.9.1-2.2build1.1) ...
Setting up libasound2t64:i386 (1.2.11-1ubuntu0.3) ...
Setting up libva2:i386 (2.20.0-2ubuntu0.2) ...
Setting up libwrap0:i386 (7.6.q-33) ...
Setting up libepoxy0:i386 (1.5.10-1build1) ...
Setting up libnspr4:i386 (2:4.35-1.1build1) ...
Setting up libxfixes3:i386 (1:6.0.0-2build1) ...
Setting up libgmp10:i386 (2:6.3.0+dfsg-2ubuntu6.1) ...
Setting up libavahi-common-data:i386 (0.8-13ubuntu6.2) ...
Setting up libncurses6:i386 (6.4+20240113-1ubuntu2.2) ...
Setting up libfribidi0:i386 (1.0.13-3build1) ...
Setting up libopus0:i386 (1.4-1build1) ...
Setting up libp11-kit0:i386 (0.25.3-4ubuntu2.2) ...
Setting up libxinerama1:i386 (2:1.1.4-3build1) ...
Setting up libexif12:i386 (0.6.24-1ubuntu0.24.04.1) ...
Setting up intel-media-va-driver:i386 (24.1.0+dfsg1-1ubuntu0.2) ...
Setting up libpng16-16t64:i386 (1.6.43-5ubuntu0.6) ...
Setting up libvorbis0a:i386 (1.3.7-1build3) ...
Setting up libxrandr2:i386 (2:1.5.2-2build1) ...
Setting up libsensors5:i386 (1:3.6.0-9build1) ...
Setting up libpcre2-8-0:i386 (10.42-4ubuntu2.1) ...
Setting up libk5crypto3:i386 (1.20.1-6ubuntu2.10) ...
Setting up libcapi20-3t64:amd64 (1:3.27-3.1build1) ...
Setting up libcapi20-3t64:i386 (1:3.27-3.1build1) ...
Setting up libjpeg-turbo8:i386 (2.1.5-2ubuntu2) ...
Setting up libltdl7:i386 (2.4.7-7build1) ...
Setting up libwebp7:i386 (1.3.2-0.4build3) ...
Setting up libdb5.3t64:i386 (5.3.28+dfsg2-7) ...
Setting up libudev1:i386 (255.4-1ubuntu8.17) ...
Setting up libodbc2:amd64 (2.3.12-1ubuntu0.24.04.1) ...
Setting up libodbc2:i386 (2.3.12-1ubuntu0.24.04.1) ...
Setting up libpci3:i386 (1:3.10.0-2build1) ...
Setting up libnuma1:i386 (2.0.18-1ubuntu0.24.04.1) ...
Setting up libjack-jackd2-0:amd64 (1.9.21~dfsg-3ubuntu3) ...
Setting up libvpx9:i386 (1.14.0-1ubuntu2.3) ...
Setting up libdav1d7:i386 (1.4.1-1build1) ...
Setting up libhogweed6t64:i386 (3.9.1-2.2build1.1) ...
Setting up libva-drm2:i386 (2.20.0-2ubuntu0.2) ...
Setting up ocl-icd-libopencl1:i386 (2.3.2-1build1) ...
Setting up libasyncns0:i386 (0.8-6build4) ...
Setting up libvdpau1:i386 (1.5-2build1) ...
Setting up libwayland-cursor0:i386 (1.22.0-2.1build1) ...
Setting up libspeexdsp1:i386 (1.2.1-1ubuntu3) ...
Setting up libxslt1.1:i386 (1.1.39-0exp1ubuntu0.24.04.3) ...
Setting up libtasn1-6:i386 (4.19.0-3ubuntu0.24.04.2) ...
Setting up libdecor-0-0:i386 (0.2.2-1build2) ...
Setting up libopenjp2-7:i386 (2.5.0-2ubuntu0.5) ...
Setting up libkrb5-3:i386 (1.20.1-6ubuntu2.10) ...
Setting up libglu1-mesa:amd64 (9.0.2-1.1build1) ...
Setting up libglu1-mesa:i386 (9.0.2-1.1build1) ...
Setting up libflac12t64:i386 (1.4.3+ds-2.1ubuntu2) ...
Setting up libwayland-egl1:i386 (1.22.0-2.1build1) ...
Setting up libxss1:i386 (1:1.2.3-1build3) ...
Setting up libusb-1.0-0:i386 (2:1.0.27-1) ...
Setting up libbz2-1.0:i386 (1.0.8-5.1ubuntu0.1) ...
Setting up libsdl2-2.0-0:amd64 (2.30.0+dfsg-1ubuntu3.1) ...
Setting up libsamplerate0:i386 (0.2.2-4build1) ...
Setting up libva-x11-2:i386 (2.20.0-2ubuntu0.2) ...
Setting up libwebpmux3:i386 (1.3.2-0.4build3) ...
Setting up libgpg-error-l10n (1.47-3build2.1) ...
Setting up libxcomposite1:i386 (1:0.4.5-1build3) ...
Setting up libblkid1:i386 (2.39.3-9ubuntu6.6) ...
Setting up libmp3lame0:i386 (3.100-6build1) ...
Setting up i965-va-driver:i386 (2.4.1+dfsg1-1ubuntu0.2) ...
Setting up libvorbisenc2:i386 (1.3.7-1build3) ...
Setting up libxkbcommon0:i386 (1.6.0-1build1) ...
Setting up libjpeg8:i386 (8c-2ubuntu11) ...
Setting up libgnutls30t64:i386 (3.8.3-1.1ubuntu3.6) ...
Setting up mesa-vdpau-drivers:i386 (25.2.8-0ubuntu0.24.04.2) ...
Setting up mesa-libgallium:i386 (25.2.8-0ubuntu0.24.04.2) ...
Setting up libasound2-plugins:amd64 (1.2.7.1-1ubuntu5) ...
Setting up libv4lconvert0t64:i386 (1.26.1-4build3) ...
Setting up libzvbi0t64:i386 (0.2.42-2) ...
Setting up libxi6:i386 (2:1.8.1-1build1) ...
Setting up libgbm1:i386 (25.2.8-0ubuntu0.24.04.2) ...
Setting up libsoxr0:i386 (0.1.3-4build3) ...
Setting up libxcursor1:i386 (1:1.2.1-1build1) ...
Setting up libavahi-common3:i386 (0.8-13ubuntu6.2) ...
Setting up libavutil58:i386 (7:6.1.1-3ubuntu5) ...
Setting up libnss3:i386 (2:3.98-1ubuntu0.2) ...
Setting up wine-stable-amd64 (11.0.0.0~noble-1) ...
Setting up libsystemd0:i386 (255.4-1ubuntu8.17) ...
Setting up libdw1t64:i386 (0.190-1.1ubuntu0.1) ...
Setting up libsasl2-modules-db:i386 (2.1.28+dfsg1-5ubuntu3.1) ...
Setting up libselinux1:i386 (3.5-2ubuntu2.1) ...
Setting up libfreetype6:i386 (2.13.2+dfsg-1ubuntu0.1) ...
Setting up libxkbregistry0:i386 (1.6.0-1build1) ...
Setting up libswresample4:i386 (7:6.1.1-3ubuntu5) ...
Setting up librtmp1:i386 (2.4+20151223.gitfa8646d.1-2build7) ...
Setting up libdbus-1-3:i386 (1.14.10-4ubuntu4.1) ...
Setting up libgssapi-krb5-2:i386 (1.20.1-6ubuntu2.10) ...
Setting up libsasl2-2:i386 (2.1.28+dfsg1-5ubuntu3.1) ...
Setting up libssh-4:i386 (0.10.6-2ubuntu0.5) ...
Setting up libx265-199:i386 (3.5-2build1) ...
Setting up libv4l-0t64:i386 (1.26.1-4build3) ...
Setting up libjack-jackd2-0:i386 (1.9.21~dfsg-3ubuntu3) ...
Setting up vdpau-driver-all:i386 (1.5-2build1) ...
Setting up libmount1:i386 (2.39.3-9ubuntu6.6) ...
Setting up libtiff6:i386 (4.5.1+git230720-4ubuntu2.5) ...
Setting up libpcap0.8t64:i386 (1.10.4-4.1ubuntu3) ...
Setting up libgphoto2-port12t64:i386 (2.5.31-2.1ubuntu1.1) ...
Setting up libfontconfig1:i386 (2.15.0-1.1ubuntu2) ...
Setting up libsndfile1:i386 (1.2.2-1ubuntu5.24.04.1) ...
Setting up libperl5.38t64:i386 (5.38.2-3.2ubuntu0.6) ...
Setting up mesa-va-drivers:i386 (25.2.8-0ubuntu0.24.04.2) ...
Setting up libavahi-client3:i386 (0.8-13ubuntu6.2) ...
Setting up libldap2:i386 (2.6.10+dfsg-0ubuntu0.24.04.1) ...
Setting up libsnmp40t64:i386 (5.9.4+dfsg-1.1ubuntu3.2) ...
Setting up libcurl4t64:i386 (8.5.0-2ubuntu10.13) ...
Setting up libpulse0:i386 (1:16.1+dfsg1-2ubuntu10.1) ...
Setting up libcurl3t64-gnutls:i386 (8.5.0-2ubuntu10.13) ...
Setting up libcairo2:i386 (1.18.0-3build1) ...
Setting up libglib2.0-0t64:i386 (2.80.0-6ubuntu3.8) ...
Setting up va-driver-all:i386 (2.20.0-2ubuntu0.2) ...
Setting up libtheora0:i386 (1.1.1+dfsg.1-16.1build3) ...
Setting up libsdl2-2.0-0:i386 (2.30.0+dfsg-1ubuntu3.1) ...
Setting up libcups2t64:i386 (2.4.7-1.2ubuntu7.14) ...
Setting up libpoppler134:i386 (24.02.0-1ubuntu9.9) ...
Setting up libheif-plugin-aomdec:i386 (1.17.6-1ubuntu4.8) ...
Setting up libheif1:i386 (1.17.6-1ubuntu4.8) ...
Setting up libgd3:i386 (2.3.3-9ubuntu5) ...
Setting up libheif-plugin-aomenc:i386 (1.17.6-1ubuntu4.8) ...
Setting up libgphoto2-6t64:i386 (2.5.31-2.1ubuntu1.1) ...
No diversion 'diversion of /lib/udev/hwdb.d/20-libgphoto2-6.hwdb to /lib/udev/hwdb.d/20-libgphoto2-6.hwdb.usr-is-merged by usr-is-merged', none removed.
No diversion 'diversion of /lib/udev/rules.d/60-libgphoto2-6.rules to /lib/udev/rules.d/60-libgphoto2-6.rules.usr-is-merged by usr-is-merged', none removed.
Processing triggers for udev (255.4-1ubuntu8.17) ...
Processing triggers for desktop-file-utils (0.27-2build1) ...
Processing triggers for gnome-menus (3.36.0-1.1ubuntu3) ...
Processing triggers for libc-bin (2.39-0ubuntu8.9) ...
Processing triggers for man-db (2.12.0-4build2) ...
Processing triggers for libglib2.0-0t64:amd64 (2.80.0-6ubuntu3.8) ...
Setting up libatspi2.0-0t64:i386 (2.52.0-1build1) ...
Setting up libharfbuzz0b:i386 (8.3.0-2build2) ...
Setting up libgdk-pixbuf-2.0-0:i386 (2.42.10+dfsg-3ubuntu3.3) ...
Setting up libcairo-gobject2:i386 (1.18.0-3build1) ...
Setting up libgstreamer1.0-0:i386 (1.24.2-1ubuntu0.1) ...
Setcap worked! gst-ptp-helper is not suid!
Setting up libatk1.0-0t64:i386 (2.52.0-1build1) ...
Setting up libpango-1.0-0:i386 (1.52.1+ds-1build1) ...
Setting up libgstreamer-plugins-base1.0-0:i386 (1.24.2-1ubuntu0.4) ...
Setting up libcolord2:i386 (1.4.7-1build2) ...
Setting up libpoppler-glib8t64:i386 (24.02.0-1ubuntu9.9) ...
Setting up gstreamer1.0-plugins-base:i386 (1.24.2-1ubuntu0.4) ...
Setting up libpangoft2-1.0-0:i386 (1.52.1+ds-1build1) ...
Setting up libpangocairo-1.0-0:i386 (1.52.1+ds-1build1) ...
Setting up libatk-bridge2.0-0t64:i386 (2.52.0-1build1) ...
Setting up libsane1:i386 (1.2.1-7build4) ...
No diversion 'diversion of /lib/udev/hwdb.d/20-sane.hwdb to /lib/udev/hwdb.d/20-sane.hwdb.usr-is-merged by usr-is-merged', none removed.
No diversion 'diversion of /lib/udev/rules.d/60-libsane1.rules to /lib/udev/rules.d/60-libsane1.rules.usr-is-merged by usr-is-merged', none removed.
No diversion 'diversion of /lib/udev/rules.d/99-libsane1.rules to /lib/udev/rules.d/99-libsane1.rules.usr-is-merged by usr-is-merged', none removed.
Setting up librsvg2-2:i386 (2.58.0+dfsg-1build1) ...
Setting up libgtk-3-0t64:i386 (3.24.41-4ubuntu1.3) ...
Setting up librsvg2-common:i386 (2.58.0+dfsg-1build1) ...
Setting up libavcodec60:i386 (7:6.1.1-3ubuntu5) ...
Setting up libdecor-0-plugin-1-gtk:i386 (0.2.2-1build2) ...
Setting up libasound2-plugins:i386 (1.2.7.1-1ubuntu5) ...
Setting up wine-stable-i386:i386 (11.0.0.0~noble-1) ...
Setting up wine-stable (11.0.0.0~noble-1) ...
Setting up winehq-stable (11.0.0.0~noble-1) ...
Processing triggers for libc-bin (2.39-0ubuntu8.9) ...
Processing triggers for libgdk-pixbuf-2.0-0:i386 (2.42.10+dfsg-3ubuntu3.3) ...
wine-11.0
    -> winetricks
Executing cd /usr/local/bin
20260125-next - sha256sum: 672a1ff4442e8691a3ffc0e6860137e201a1d1227e9b3044245f1731e9e9837e
    -> Windows program loader

==>   60-gaming.sh
    -> Mesa from ppa:kisak/kisak-mesa
PPA publishes dbgsym, you may need to include 'main/debug' component
Repository: 'Types: deb
URIs: https://ppa.launchpadcontent.net/kisak/kisak-mesa/ubuntu/
Suites: noble
Components: main
'
Description:
The goal of this PPA is to provide the latest point release of Mesa plus select non-invasive early backports. Deviations from upstream packages are listed on the package details page.

--- Support status ---

Bionic (18.04), Focal (20.04), Jammy (22.04) - Discontinued - Long term users can use kisak-mesa stable
Noble (24.04) - Supported
Questing (25.10) - End of Life - Removal after 2026-09-11
Resolute (26.04) - Preliminary support (Not tested locally)

Note: Please report any issues to mesa. ARM builds are not tested locally.

--- Is this PPA stable? ---

Short answer: Mostly.

Long answer: Compared to bleeding edge mesa PPAs, there is a much lower chance of complications, but as Ubuntu LTS releases age, the odds of unexpected interactions between older kernels / compilers / X increases with each major release. Anomalies are inevitable the further the host system gets from the configuration active mesa developers use on a daily basis. If you value stability over support, https://launchpad.net/~kisak/+archive/ubuntu/turtle/ is available as an alternative.

In the event that there is a major issue with new mesa on an older Ubuntu LTS and the mesa devs are not interested in triaging the issue, then the Ubuntu LTS release will be dropped from this PPA and the last release pushed to kisak-mesa stable will be frozen.

--- Package status ---

llvm - Updating as needed for mesa
mesa - Following latest point release
libdrm - Updating as needed for mesa

Mesa 26.0 Note:

Upstream mesa packaging has merged mesa-va-drivers into mesa-libgallium and removed mesa-va-drivers. This triggers a warning during routine updates which should be resolvable with a partial upgrade by GUI tools or by manually nudging mesa in a terminal with the following:

sudo apt install libgl1-mesa-dri libgl1-mesa-dri:i386

--- Removal ---

It's strongly recommended to remove this PPA before upgrading to a newer Ubuntu release or using another mesa PPA.

sudo apt install ppa-purge
sudo ppa-purge ppa:kisak/kisak-mesa

Note: Using ppa-purge with Ubuntu derivatives needs to include -d <based_on_name> to work safely. For example, Linux Mint 20 is based on Ubuntu Focal, so that would make it:

sudo ppa-purge -d focal ppa:kisak/kisak-mesa

--- Donations ---

I can't accept donations and any random donation site account is a scam. If you have some extra money burning a hole in your pocket, please consider sending it to a charity of your choice (for the poors, animals, whatever else you may think it might need it), then send Oibaf a note that I stole the suggestion from his PPA.
More info: https://launchpad.net/~kisak/+archive/ubuntu/kisak-mesa
Adding repository.
Hit:1 http://security.ubuntu.com/ubuntu noble-security InRelease
Hit:2 http://archive.ubuntu.com/ubuntu noble InRelease
Hit:3 https://dl.winehq.org/wine-builds/ubuntu noble InRelease
Hit:4 http://archive.ubuntu.com/ubuntu noble-updates InRelease
Hit:5 http://archive.ubuntu.com/ubuntu noble-backports InRelease
Get:6 https://ppa.launchpadcontent.net/kisak/kisak-mesa/ubuntu noble InRelease [24.1 kB]
Get:7 https://ppa.launchpadcontent.net/kisak/kisak-mesa/ubuntu noble/main amd64 Packages [26.9 kB]
Get:8 https://ppa.launchpadcontent.net/kisak/kisak-mesa/ubuntu noble/main i386 Packages [23.4 kB]
Get:9 https://ppa.launchpadcontent.net/kisak/kisak-mesa/ubuntu noble/main Translation-en [10.9 kB]
Fetched 85.3 kB in 1s (93.2 kB/s)
Reading package lists...
Reading package lists...
Building dependency tree...
Reading state information...
Calculating upgrade...
The following package was automatically installed and is no longer required:
  libllvm20:i386
Use 'apt autoremove' to remove it.
The following NEW packages will be installed:
  libdisplay-info1 libllvm21 libllvm21:i386 libz3-4
The following packages will be upgraded:
  libdrm-amdgpu1 libdrm-amdgpu1:i386 libdrm-common libdrm-intel1
  libdrm-intel1:i386 libdrm-nouveau2 libdrm-radeon1 libdrm2 libdrm2:i386
  libegl-mesa0 libgbm1 libgbm1:i386 libgl1-mesa-dri libglx-mesa0 libllvm20
  libllvm20:i386 mesa-libgallium mesa-libgallium:i386 mesa-va-drivers
  mesa-va-drivers:i386 mesa-vdpau-drivers mesa-vdpau-drivers:i386
  mesa-vulkan-drivers mesa-vulkan-drivers:i386 xwayland
25 upgraded, 4 newly installed, 0 to remove and 0 not upgraded.
Need to get 212 MB of archives.
After this operation, 453 MB of additional disk space will be used.
Get:1 http://archive.ubuntu.com/ubuntu noble/universe amd64 libdisplay-info1 amd64 0.1.1-2build1 [77.3 kB]
Get:2 http://archive.ubuntu.com/ubuntu noble/universe amd64 libz3-4 amd64 4.8.12-3.1build1 [5836 kB]
Get:3 https://ppa.launchpadcontent.net/kisak/kisak-mesa/ubuntu noble/main amd64 libdrm-common all 2.4.134-3~kisak~n [10.0 kB]
Get:4 https://ppa.launchpadcontent.net/kisak/kisak-mesa/ubuntu noble/main i386 libdrm2 i386 2.4.134-3~kisak~n [46.4 kB]
Get:5 https://ppa.launchpadcontent.net/kisak/kisak-mesa/ubuntu noble/main amd64 libdrm2 amd64 2.4.134-3~kisak~n [42.2 kB]
Get:6 https://ppa.launchpadcontent.net/kisak/kisak-mesa/ubuntu noble/main amd64 libdrm-amdgpu1 amd64 2.4.134-3~kisak~n [25.9 kB]
Get:7 https://ppa.launchpadcontent.net/kisak/kisak-mesa/ubuntu noble/main i386 libdrm-amdgpu1 i386 2.4.134-3~kisak~n [30.3 kB]
Get:8 https://ppa.launchpadcontent.net/kisak/kisak-mesa/ubuntu noble/main amd64 libdrm-intel1 amd64 2.4.134-3~kisak~n [67.5 kB]
Get:9 https://ppa.launchpadcontent.net/kisak/kisak-mesa/ubuntu noble/main i386 libdrm-intel1 i386 2.4.134-3~kisak~n [72.8 kB]
Get:10 https://ppa.launchpadcontent.net/kisak/kisak-mesa/ubuntu noble/main amd64 libdrm-nouveau2 amd64 2.4.134-3~kisak~n [21.3 kB]
Get:11 https://ppa.launchpadcontent.net/kisak/kisak-mesa/ubuntu noble/main amd64 libdrm-radeon1 amd64 2.4.134-3~kisak~n [24.4 kB]
Get:12 https://ppa.launchpadcontent.net/kisak/kisak-mesa/ubuntu noble/main i386 mesa-va-drivers i386 26.2.2~kisak1~n [20.3 kB]
Get:13 https://ppa.launchpadcontent.net/kisak/kisak-mesa/ubuntu noble/main amd64 mesa-va-drivers amd64 26.2.2~kisak1~n [20.3 kB]
Get:14 https://ppa.launchpadcontent.net/kisak/kisak-mesa/ubuntu noble/main i386 mesa-vdpau-drivers i386 26.2.2~kisak1~n [20.3 kB]
Get:15 https://ppa.launchpadcontent.net/kisak/kisak-mesa/ubuntu noble/main amd64 mesa-vdpau-drivers amd64 26.2.2~kisak1~n [20.3 kB]
Get:16 https://ppa.launchpadcontent.net/kisak/kisak-mesa/ubuntu noble/main amd64 libgl1-mesa-dri amd64 26.2.2~kisak1~n [45.8 kB]
Get:17 https://ppa.launchpadcontent.net/kisak/kisak-mesa/ubuntu noble/main amd64 libglx-mesa0 amd64 26.2.2~kisak1~n [141 kB]
Get:18 https://ppa.launchpadcontent.net/kisak/kisak-mesa/ubuntu noble/main amd64 libllvm21 amd64 1:21.1.8-6ubuntu1~kisak1~n [31.0 MB]
Get:19 https://ppa.launchpadcontent.net/kisak/kisak-mesa/ubuntu noble/main amd64 libegl-mesa0 amd64 26.2.2~kisak1~n [149 kB]
Get:20 https://ppa.launchpadcontent.net/kisak/kisak-mesa/ubuntu noble/main i386 libgbm1 i386 26.2.2~kisak1~n [59.3 kB]
Get:21 https://ppa.launchpadcontent.net/kisak/kisak-mesa/ubuntu noble/main amd64 libgbm1 amd64 26.2.2~kisak1~n [64.7 kB]
Get:22 https://ppa.launchpadcontent.net/kisak/kisak-mesa/ubuntu noble/main amd64 mesa-libgallium amd64 26.2.2~kisak1~n [12.0 MB]
Get:23 https://ppa.launchpadcontent.net/kisak/kisak-mesa/ubuntu noble/main i386 mesa-libgallium i386 26.2.2~kisak1~n [12.5 MB]
Get:24 https://ppa.launchpadcontent.net/kisak/kisak-mesa/ubuntu noble/main i386 libllvm21 i386 1:21.1.8-6ubuntu1~kisak1~n [35.1 MB]
Get:25 https://ppa.launchpadcontent.net/kisak/kisak-mesa/ubuntu noble/main i386 libllvm20 i386 1:20.1.8-0ubuntu1~kisak~n [35.5 MB]
Get:26 https://ppa.launchpadcontent.net/kisak/kisak-mesa/ubuntu noble/main amd64 libllvm20 amd64 1:20.1.8-0ubuntu1~kisak~n [30.6 MB]
Get:27 https://ppa.launchpadcontent.net/kisak/kisak-mesa/ubuntu noble/main i386 mesa-vulkan-drivers i386 26.2.2~kisak1~n [19.7 MB]
Get:28 https://ppa.launchpadcontent.net/kisak/kisak-mesa/ubuntu noble/main amd64 mesa-vulkan-drivers amd64 26.2.2~kisak1~n [27.6 MB]
Get:29 https://ppa.launchpadcontent.net/kisak/kisak-mesa/ubuntu noble/main amd64 xwayland amd64 2:24.1.6-1ubuntu0.1~kisak~n [959 kB]
Fetched 212 MB in 4s (52.0 MB/s)
Selecting previously unselected package libdisplay-info1:amd64.
(Reading database ... (Reading database ... 5%(Reading database ... 10%(Reading database ... 15%(Reading database ... 20%(Reading database ... 25%(Reading database ... 30%(Reading database ... 35%(Reading database ... 40%(Reading database ... 45%(Reading database ... 50%(Reading database ... 55%(Reading database ... 60%(Reading database ... 65%(Reading database ... 70%(Reading database ... 75%(Reading database ... 80%(Reading database ... 85%(Reading database ... 90%(Reading database ... 95%(Reading database ... 100%(Reading database ... 260040 files and directories currently installed.)
Preparing to unpack .../00-libdisplay-info1_0.1.1-2build1_amd64.deb ...
Unpacking libdisplay-info1:amd64 (0.1.1-2build1) ...
Preparing to unpack .../01-libdrm-common_2.4.134-3~kisak~n_all.deb ...
Unpacking libdrm-common (2.4.134-3~kisak~n) over (2.4.125-1ubuntu0.1~24.04.2) ...
Preparing to unpack .../02-libdrm2_2.4.134-3~kisak~n_i386.deb ...
De-configuring libdrm2:amd64 (2.4.125-1ubuntu0.1~24.04.2), to allow configuration of libdrm2:i386 (2.4.134-3~kisak~n) ...
Unpacking libdrm2:i386 (2.4.134-3~kisak~n) over (2.4.125-1ubuntu0.1~24.04.2) ...
Preparing to unpack .../03-libdrm2_2.4.134-3~kisak~n_amd64.deb ...
Unpacking libdrm2:amd64 (2.4.134-3~kisak~n) over (2.4.125-1ubuntu0.1~24.04.2) ...
Preparing to unpack .../04-libdrm-amdgpu1_2.4.134-3~kisak~n_amd64.deb ...
De-configuring libdrm-amdgpu1:i386 (2.4.125-1ubuntu0.1~24.04.2), to allow configuration of libdrm-amdgpu1:amd64 (2.4.134-3~kisak~n) ...
Unpacking libdrm-amdgpu1:amd64 (2.4.134-3~kisak~n) over (2.4.125-1ubuntu0.1~24.04.2) ...
Preparing to unpack .../05-libdrm-amdgpu1_2.4.134-3~kisak~n_i386.deb ...
Unpacking libdrm-amdgpu1:i386 (2.4.134-3~kisak~n) over (2.4.125-1ubuntu0.1~24.04.2) ...
Preparing to unpack .../06-libdrm-intel1_2.4.134-3~kisak~n_amd64.deb ...
De-configuring libdrm-intel1:i386 (2.4.125-1ubuntu0.1~24.04.2), to allow configuration of libdrm-intel1:amd64 (2.4.134-3~kisak~n) ...
Unpacking libdrm-intel1:amd64 (2.4.134-3~kisak~n) over (2.4.125-1ubuntu0.1~24.04.2) ...
Preparing to unpack .../07-libdrm-intel1_2.4.134-3~kisak~n_i386.deb ...
Unpacking libdrm-intel1:i386 (2.4.134-3~kisak~n) over (2.4.125-1ubuntu0.1~24.04.2) ...
Preparing to unpack .../08-libdrm-nouveau2_2.4.134-3~kisak~n_amd64.deb ...
Unpacking libdrm-nouveau2:amd64 (2.4.134-3~kisak~n) over (2.4.125-1ubuntu0.1~24.04.2) ...
Preparing to unpack .../09-libdrm-radeon1_2.4.134-3~kisak~n_amd64.deb ...
Unpacking libdrm-radeon1:amd64 (2.4.134-3~kisak~n) over (2.4.125-1ubuntu0.1~24.04.2) ...
Preparing to unpack .../10-mesa-va-drivers_26.2.2~kisak1~n_amd64.deb ...
De-configuring mesa-va-drivers:i386 (25.2.8-0ubuntu0.24.04.2), to allow configuration of mesa-va-drivers:amd64 (26.2.2~kisak1~n) ...
Unpacking mesa-va-drivers:amd64 (26.2.2~kisak1~n) over (25.2.8-0ubuntu0.24.04.2) ...
Preparing to unpack .../11-mesa-va-drivers_26.2.2~kisak1~n_i386.deb ...
Unpacking mesa-va-drivers:i386 (26.2.2~kisak1~n) over (25.2.8-0ubuntu0.24.04.2) ...
Preparing to unpack .../12-mesa-vdpau-drivers_26.2.2~kisak1~n_amd64.deb ...
De-configuring mesa-vdpau-drivers:i386 (25.2.8-0ubuntu0.24.04.2), to allow configuration of mesa-vdpau-drivers:amd64 (26.2.2~kisak1~n) ...
Unpacking mesa-vdpau-drivers:amd64 (26.2.2~kisak1~n) over (25.2.8-0ubuntu0.24.04.2) ...
Preparing to unpack .../13-mesa-vdpau-drivers_26.2.2~kisak1~n_i386.deb ...
Unpacking mesa-vdpau-drivers:i386 (26.2.2~kisak1~n) over (25.2.8-0ubuntu0.24.04.2) ...
Preparing to unpack .../14-libgl1-mesa-dri_26.2.2~kisak1~n_amd64.deb ...
Unpacking libgl1-mesa-dri:amd64 (26.2.2~kisak1~n) over (25.2.8-0ubuntu0.24.04.2) ...
Preparing to unpack .../15-libglx-mesa0_26.2.2~kisak1~n_amd64.deb ...
Unpacking libglx-mesa0:amd64 (26.2.2~kisak1~n) over (25.2.8-0ubuntu0.24.04.2) ...
Selecting previously unselected package libz3-4:amd64.
Preparing to unpack .../16-libz3-4_4.8.12-3.1build1_amd64.deb ...
Unpacking libz3-4:amd64 (4.8.12-3.1build1) ...
Selecting previously unselected package libllvm21:amd64.
Preparing to unpack .../17-libllvm21_1%3a21.1.8-6ubuntu1~kisak1~n_amd64.deb ...
Unpacking libllvm21:amd64 (1:21.1.8-6ubuntu1~kisak1~n) ...
Preparing to unpack .../18-libegl-mesa0_26.2.2~kisak1~n_amd64.deb ...
Unpacking libegl-mesa0:amd64 (26.2.2~kisak1~n) over (25.2.8-0ubuntu0.24.04.2) ...
Preparing to unpack .../19-libgbm1_26.2.2~kisak1~n_amd64.deb ...
De-configuring libgbm1:i386 (25.2.8-0ubuntu0.24.04.2), to allow configuration of libgbm1:amd64 (26.2.2~kisak1~n) ...
Unpacking libgbm1:amd64 (26.2.2~kisak1~n) over (25.2.8-0ubuntu0.24.04.2) ...
Preparing to unpack .../20-libgbm1_26.2.2~kisak1~n_i386.deb ...
Unpacking libgbm1:i386 (26.2.2~kisak1~n) over (25.2.8-0ubuntu0.24.04.2) ...
Preparing to unpack .../21-mesa-libgallium_26.2.2~kisak1~n_i386.deb ...
De-configuring mesa-libgallium:amd64 (25.2.8-0ubuntu0.24.04.2), to allow configuration of mesa-libgallium:i386 (26.2.2~kisak1~n) ...
Unpacking mesa-libgallium:i386 (26.2.2~kisak1~n) over (25.2.8-0ubuntu0.24.04.2) ...
Preparing to unpack .../22-mesa-libgallium_26.2.2~kisak1~n_amd64.deb ...
Unpacking mesa-libgallium:amd64 (26.2.2~kisak1~n) over (25.2.8-0ubuntu0.24.04.2) ...
Selecting previously unselected package libllvm21:i386.
Preparing to unpack .../23-libllvm21_1%3a21.1.8-6ubuntu1~kisak1~n_i386.deb ...
Unpacking libllvm21:i386 (1:21.1.8-6ubuntu1~kisak1~n) ...
Preparing to unpack .../24-libllvm20_1%3a20.1.8-0ubuntu1~kisak~n_i386.deb ...
De-configuring libllvm20:amd64 (1:20.1.2-0ubuntu1~24.04.3), to allow configuration of libllvm20:i386 (1:20.1.8-0ubuntu1~kisak~n) ...
Unpacking libllvm20:i386 (1:20.1.8-0ubuntu1~kisak~n) over (1:20.1.2-0ubuntu1~24.04.3) ...
Preparing to unpack .../25-libllvm20_1%3a20.1.8-0ubuntu1~kisak~n_amd64.deb ...
Unpacking libllvm20:amd64 (1:20.1.8-0ubuntu1~kisak~n) over (1:20.1.2-0ubuntu1~24.04.3) ...
Preparing to unpack .../26-mesa-vulkan-drivers_26.2.2~kisak1~n_i386.deb ...
De-configuring mesa-vulkan-drivers:amd64 (25.2.8-0ubuntu0.24.04.2), to allow configuration of mesa-vulkan-drivers:i386 (26.2.2~kisak1~n) ...
Unpacking mesa-vulkan-drivers:i386 (26.2.2~kisak1~n) over (25.2.8-0ubuntu0.24.04.2) ...
Preparing to unpack .../27-mesa-vulkan-drivers_26.2.2~kisak1~n_amd64.deb ...
Unpacking mesa-vulkan-drivers:amd64 (26.2.2~kisak1~n) over (25.2.8-0ubuntu0.24.04.2) ...
Preparing to unpack .../28-xwayland_2%3a24.1.6-1ubuntu0.1~kisak~n_amd64.deb ...
Unpacking xwayland (2:24.1.6-1ubuntu0.1~kisak~n) over (2:23.2.6-1ubuntu0.8) ...
Setting up libdisplay-info1:amd64 (0.1.1-2build1) ...
Setting up libz3-4:amd64 (4.8.12-3.1build1) ...
Setting up libllvm21:amd64 (1:21.1.8-6ubuntu1~kisak1~n) ...
Setting up libllvm21:i386 (1:21.1.8-6ubuntu1~kisak1~n) ...
Setting up libllvm20:amd64 (1:20.1.8-0ubuntu1~kisak~n) ...
Setting up libllvm20:i386 (1:20.1.8-0ubuntu1~kisak~n) ...
Setting up libdrm-common (2.4.134-3~kisak~n) ...
Setting up libdrm2:amd64 (2.4.134-3~kisak~n) ...
Setting up libdrm2:i386 (2.4.134-3~kisak~n) ...
Setting up libdrm-amdgpu1:amd64 (2.4.134-3~kisak~n) ...
Setting up libdrm-amdgpu1:i386 (2.4.134-3~kisak~n) ...
Setting up mesa-vulkan-drivers:amd64 (26.2.2~kisak1~n) ...
Setting up mesa-vulkan-drivers:i386 (26.2.2~kisak1~n) ...
Setting up libdrm-nouveau2:amd64 (2.4.134-3~kisak~n) ...
Setting up libdrm-radeon1:amd64 (2.4.134-3~kisak~n) ...
Setting up libdrm-intel1:amd64 (2.4.134-3~kisak~n) ...
Setting up libdrm-intel1:i386 (2.4.134-3~kisak~n) ...
Setting up mesa-libgallium:amd64 (26.2.2~kisak1~n) ...
Setting up mesa-libgallium:i386 (26.2.2~kisak1~n) ...
Setting up libgbm1:amd64 (26.2.2~kisak1~n) ...
Setting up libgbm1:i386 (26.2.2~kisak1~n) ...
Setting up libgl1-mesa-dri:amd64 (26.2.2~kisak1~n) ...
Setting up libegl-mesa0:amd64 (26.2.2~kisak1~n) ...
Setting up mesa-va-drivers:amd64 (26.2.2~kisak1~n) ...
Setting up mesa-va-drivers:i386 (26.2.2~kisak1~n) ...
Setting up xwayland (2:24.1.6-1ubuntu0.1~kisak~n) ...
Setting up mesa-vdpau-drivers:amd64 (26.2.2~kisak1~n) ...
Setting up mesa-vdpau-drivers:i386 (26.2.2~kisak1~n) ...
Setting up libglx-mesa0:amd64 (26.2.2~kisak1~n) ...
Processing triggers for gnome-menus (3.36.0-1.1ubuntu3) ...
Processing triggers for libc-bin (2.39-0ubuntu8.9) ...
Processing triggers for man-db (2.12.0-4build2) ...
Processing triggers for desktop-file-utils (0.27-2build1) ...
    -> installing 16 packages from gaming.list
Reading package lists...
Building dependency tree...
Reading state information...
mesa-vulkan-drivers is already the newest version (26.2.2~kisak1~n).
mesa-vulkan-drivers set to manually installed.
mesa-vulkan-drivers:i386 is already the newest version (26.2.2~kisak1~n).
mesa-vulkan-drivers:i386 set to manually installed.
libgl1-mesa-dri is already the newest version (26.2.2~kisak1~n).
libgl1-mesa-dri set to manually installed.
libvulkan1 is already the newest version (1.3.275.0-1build1).
The following package was automatically installed and is no longer required:
  libllvm20:i386
Use 'apt autoremove' to remove it.
The following additional packages will be installed:
  binutils binutils-common binutils-x86-64-linux-gnu evemu-tools evtest
  fluid-soundfont-gm fluid-soundfont-gs fluidsynth fuseiso gamemode-daemon
  inputattach libatkmm-1.6-1v5 libbinutils libcairomm-1.0-1v5 libctf-nobfd0
  libctf0 libegl-mesa0:i386 libegl1:i386 libevemu3t64 libfluidsynth3 libfmt9
  libfuse2t64 libgamemode0 libgamemodeauto0 libgamemodeauto0:i386 libgl1:i386
  libglibmm-2.4-1t64 libglx0:i386 libgprofng0 libgtkmm-3.0-1t64 libimagequant0
  libinstpatch-1.0-2 libnm0:i386 libosmesa6 libpangomm-1.4-1v5
  libqt6widgets6t64 libraqm0 libsframe1 libsigc++-2.0-0v5 libspdlog1.12
  libva-glx2 libva-glx2:i386 libwine libxcb-dri2-0:i386 libxcb-glx0:i386
  libz-mingw-w64 mesa-utils-bin python3-bs4 python3-cssselect python3-evdev
  python3-gi-cairo python3-lxml python3-magic python3-olefile python3-pil
  python3-protobuf python3-setproctitle python3-soupsieve qsynth steam-libs
  steam-libs:i386 steam-libs-i386:i386 winetricks
Suggested packages:
  binutils-doc gprofng-gui gnome-shell-extension-gamemode cups-bsd
  gstreamer1.0-libav gstreamer1.0-plugins-bad gstreamer1.0-plugins-ugly
  ttf-mscorefonts-installer gamescope libxnvctrl0 goverlay python-evdev-doc
  python-lxml-doc python-pil-doc jackd libudev0 nvidia-driver-libs
  nvidia-vulkan-icd gtk2-engines-pixbuf:i386 libgtk2.0-0:i386 libudev0:i386
  nvidia-driver-libs:i386 nvidia-vulkan-icd:i386 pipewire:i386 tor unrar-free
  | unrar
Recommended packages:
  mangoctl
The following NEW packages will be installed:
  binutils binutils-common binutils-x86-64-linux-gnu evemu-tools evtest
  fluid-soundfont-gm fluid-soundfont-gs fluidsynth fuseiso gamemode
  gamemode-daemon inputattach joystick jstest-gtk libatkmm-1.6-1v5 libbinutils
  libcairomm-1.0-1v5 libctf-nobfd0 libctf0 libegl-mesa0:i386 libegl1:i386
  libevemu3t64 libfluidsynth3 libfmt9 libfuse2t64 libgamemode0
  libgamemode0:i386 libgamemodeauto0 libgamemodeauto0:i386 libgl1:i386
  libgl1-mesa-dri:i386 libglibmm-2.4-1t64 libglx-mesa0:i386 libglx0:i386
  libgprofng0 libgtkmm-3.0-1t64 libimagequant0 libinstpatch-1.0-2 libnm0:i386
  libosmesa6 libpangomm-1.4-1v5 libqt6widgets6t64 libraqm0 libsframe1
  libsigc++-2.0-0v5 libspdlog1.12 libva-glx2 libva-glx2:i386 libwine
  libxcb-dri2-0:i386 libxcb-glx0:i386 libz-mingw-w64 lutris mangohud
  mesa-utils mesa-utils-bin python3-bs4 python3-cssselect python3-evdev
  python3-gi-cairo python3-lxml python3-magic python3-olefile python3-pil
  python3-protobuf python3-setproctitle python3-soupsieve qsynth steam-devices
  steam-installer steam-libs steam-libs:i386 steam-libs-i386:i386 vulkan-tools
  winetricks
0 upgraded, 75 newly installed, 0 to remove and 0 not upgraded.
Need to get 258 MB of archives.
After this operation, 913 MB of additional disk space will be used.
Get:1 http://archive.ubuntu.com/ubuntu noble/universe amd64 steam-libs amd64 1:1.0.0.79~ds-2 [19.3 kB]
Get:2 http://archive.ubuntu.com/ubuntu noble/main i386 libxcb-glx0 i386 1.15-1ubuntu2 [26.7 kB]
Get:3 http://archive.ubuntu.com/ubuntu noble/main i386 libglx0 i386 1.7.0-1build1 [42.0 kB]
Get:4 http://archive.ubuntu.com/ubuntu noble/main i386 libgl1 i386 1.7.0-1build1 [96.5 kB]
Get:5 http://archive.ubuntu.com/ubuntu noble-updates/main i386 libnm0 i386 1.46.0-1ubuntu2.8 [506 kB]
Get:6 http://archive.ubuntu.com/ubuntu noble/universe i386 steam-libs i386 1:1.0.0.79~ds-2 [19.3 kB]
Get:7 http://archive.ubuntu.com/ubuntu noble/universe i386 steam-libs-i386 i386 1:1.0.0.79~ds-2 [8398 B]
Get:8 http://archive.ubuntu.com/ubuntu noble/multiverse amd64 steam-installer amd64 1:1.0.0.79~ds-2 [49.4 kB]
Get:9 http://archive.ubuntu.com/ubuntu noble-updates/main amd64 binutils-common amd64 2.42-4ubuntu2.10 [240 kB]
Get:10 http://archive.ubuntu.com/ubuntu noble-updates/main amd64 libsframe1 amd64 2.42-4ubuntu2.10 [15.7 kB]
Get:11 http://archive.ubuntu.com/ubuntu noble-updates/main amd64 libbinutils amd64 2.42-4ubuntu2.10 [577 kB]
Get:12 http://archive.ubuntu.com/ubuntu noble-updates/main amd64 libctf-nobfd0 amd64 2.42-4ubuntu2.10 [98.0 kB]
Get:13 http://archive.ubuntu.com/ubuntu noble-updates/main amd64 libctf0 amd64 2.42-4ubuntu2.10 [94.5 kB]
Get:14 http://archive.ubuntu.com/ubuntu noble-updates/main amd64 libgprofng0 amd64 2.42-4ubuntu2.10 [849 kB]
Get:15 http://archive.ubuntu.com/ubuntu noble-updates/main amd64 binutils-x86-64-linux-gnu amd64 2.42-4ubuntu2.10 [2463 kB]
Get:16 http://archive.ubuntu.com/ubuntu noble-updates/main amd64 binutils amd64 2.42-4ubuntu2.10 [18.2 kB]
Get:17 http://archive.ubuntu.com/ubuntu noble/universe amd64 libevemu3t64 amd64 2.7.0-4build1 [12.2 kB]
Get:18 http://archive.ubuntu.com/ubuntu noble/universe amd64 evemu-tools amd64 2.7.0-4build1 [13.6 kB]
Get:19 http://archive.ubuntu.com/ubuntu noble/universe amd64 fluid-soundfont-gm all 3.1-5.3 [130 MB]
Get:20 https://ppa.launchpadcontent.net/kisak/kisak-mesa/ubuntu noble/main i386 libgl1-mesa-dri i386 26.2.2~kisak1~n [43.5 kB]
Get:21 https://ppa.launchpadcontent.net/kisak/kisak-mesa/ubuntu noble/main i386 libglx-mesa0 i386 26.2.2~kisak1~n [141 kB]
Get:22 https://ppa.launchpadcontent.net/kisak/kisak-mesa/ubuntu noble/main i386 libegl-mesa0 i386 26.2.2~kisak1~n [150 kB]
Get:23 http://archive.ubuntu.com/ubuntu noble/universe amd64 fluid-soundfont-gs all 3.1-5.3 [2680 kB]
Get:24 http://archive.ubuntu.com/ubuntu noble/universe amd64 libinstpatch-1.0-2 amd64 1.1.6-1build2 [251 kB]
Get:25 http://archive.ubuntu.com/ubuntu noble/universe amd64 libfluidsynth3 amd64 2.3.4-1build3 [249 kB]
Get:26 http://archive.ubuntu.com/ubuntu noble/universe amd64 fluidsynth amd64 2.3.4-1build3 [27.4 kB]
Get:27 http://archive.ubuntu.com/ubuntu noble/universe amd64 libfuse2t64 amd64 2.9.9-8.1build1 [89.9 kB]
Get:28 http://archive.ubuntu.com/ubuntu noble/universe amd64 fuseiso amd64 20070708-3.2build3 [20.3 kB]
Get:29 http://archive.ubuntu.com/ubuntu noble/main amd64 gamemode-daemon amd64 1.8.1-2build1 [70.7 kB]
Get:30 http://archive.ubuntu.com/ubuntu noble/main amd64 libgamemode0 amd64 1.8.1-2build1 [8154 B]
Get:31 http://archive.ubuntu.com/ubuntu noble/main amd64 libgamemodeauto0 amd64 1.8.1-2build1 [8416 B]
Get:32 http://archive.ubuntu.com/ubuntu noble/main amd64 gamemode amd64 1.8.1-2build1 [17.2 kB]
Get:33 http://archive.ubuntu.com/ubuntu noble/main amd64 libsigc++-2.0-0v5 amd64 2.12.1-2 [12.8 kB]
Get:34 http://archive.ubuntu.com/ubuntu noble/main amd64 libglibmm-2.4-1t64 amd64 2.66.7-1build1 [629 kB]
Get:35 http://archive.ubuntu.com/ubuntu noble/main amd64 libatkmm-1.6-1v5 amd64 2.28.4-1build4 [77.1 kB]
Get:36 http://archive.ubuntu.com/ubuntu noble/main amd64 libcairomm-1.0-1v5 amd64 1.14.5-1build1 [43.9 kB]
Get:37 http://archive.ubuntu.com/ubuntu noble/main amd64 libpangomm-1.4-1v5 amd64 2.46.4-1build3 [52.2 kB]
Get:38 http://archive.ubuntu.com/ubuntu noble/main amd64 libgtkmm-3.0-1t64 amd64 3.24.9-1 [983 kB]
Get:39 http://archive.ubuntu.com/ubuntu noble/universe amd64 jstest-gtk amd64 0.1.1~git20180602-2build2 [145 kB]
Get:40 http://archive.ubuntu.com/ubuntu noble/universe amd64 libfmt9 amd64 9.1.0+ds1-2 [63.0 kB]
Get:41 http://archive.ubuntu.com/ubuntu noble/main i386 libgamemode0 i386 1.8.1-2build1 [8484 B]
Get:42 http://archive.ubuntu.com/ubuntu noble/main i386 libgamemodeauto0 i386 1.8.1-2build1 [8172 B]
Get:43 http://archive.ubuntu.com/ubuntu noble/main amd64 libimagequant0 amd64 2.18.0-1build1 [36.3 kB]
Get:44 http://archive.ubuntu.com/ubuntu noble/universe amd64 libqt6widgets6t64 amd64 6.4.2+dfsg-21.1build5 [2648 kB]
Get:45 http://archive.ubuntu.com/ubuntu noble/main amd64 libraqm0 amd64 0.10.1-1build1 [15.0 kB]
Get:46 http://archive.ubuntu.com/ubuntu noble/universe amd64 libspdlog1.12 amd64 1:1.12.0+ds-2build1 [147 kB]
Get:47 http://archive.ubuntu.com/ubuntu noble-updates/universe i386 libva-glx2 i386 2.20.0-2ubuntu0.2 [11.9 kB]
Get:48 http://archive.ubuntu.com/ubuntu noble-updates/universe amd64 libva-glx2 amd64 2.20.0-2ubuntu0.2 [11.4 kB]
Get:49 http://archive.ubuntu.com/ubuntu noble/universe amd64 libz-mingw-w64 all 1.3.1+dfsg-1 [132 kB]
Get:50 http://archive.ubuntu.com/ubuntu noble/universe amd64 libwine amd64 9.0~repack-4build3 [105 MB]
Get:51 http://archive.ubuntu.com/ubuntu noble/main i386 libxcb-dri2-0 i386 1.15-1ubuntu2 [7548 B]
Get:52 http://archive.ubuntu.com/ubuntu noble/main amd64 python3-lxml amd64 5.2.1-1 [1243 kB]
Get:53 http://archive.ubuntu.com/ubuntu noble-updates/main amd64 python3-pil amd64 10.2.0-1ubuntu1.3 [452 kB]
Get:54 http://archive.ubuntu.com/ubuntu noble/main amd64 python3-gi-cairo amd64 3.48.2-1 [8132 B]
Get:55 http://archive.ubuntu.com/ubuntu noble/main amd64 python3-setproctitle amd64 1.3.3-1build2 [19.0 kB]
Get:56 http://archive.ubuntu.com/ubuntu noble/main amd64 python3-magic all 2:0.4.27-3 [13.4 kB]
Get:57 http://archive.ubuntu.com/ubuntu noble/universe amd64 mesa-utils-bin amd64 9.0.0-2 [164 kB]
Get:58 http://archive.ubuntu.com/ubuntu noble/universe amd64 mesa-utils amd64 9.0.0-2 [1051 kB]
Get:59 http://archive.ubuntu.com/ubuntu noble/universe amd64 vulkan-tools amd64 1.3.275.0+dfsg1-1 [298 kB]
Get:60 http://archive.ubuntu.com/ubuntu noble/multiverse amd64 lutris all 0.5.14-2 [921 kB]
Get:61 http://archive.ubuntu.com/ubuntu noble/universe amd64 mangohud amd64 0.6.9.1-2build1 [682 kB]
Get:62 http://archive.ubuntu.com/ubuntu noble/main amd64 python3-soupsieve all 2.5-1 [33.0 kB]
Get:63 http://archive.ubuntu.com/ubuntu noble/main amd64 python3-bs4 all 4.12.3-1 [109 kB]
Get:64 http://archive.ubuntu.com/ubuntu noble/universe amd64 python3-evdev amd64 1.7.0+dfsg-1build1 [41.7 kB]
Get:65 http://archive.ubuntu.com/ubuntu noble/main amd64 python3-olefile all 0.46-3 [33.8 kB]
Get:66 http://archive.ubuntu.com/ubuntu noble-updates/universe amd64 python3-protobuf amd64 3.21.12-8.2ubuntu0.3 [200 kB]
Get:67 http://archive.ubuntu.com/ubuntu noble/universe amd64 qsynth amd64 0.9.13-1build3 [306 kB]
Get:68 http://archive.ubuntu.com/ubuntu noble/universe amd64 winetricks all 20240105-2 [165 kB]
Get:69 http://archive.ubuntu.com/ubuntu noble/universe amd64 evtest amd64 1:1.35-1 [18.3 kB]
Get:70 http://archive.ubuntu.com/ubuntu noble/main amd64 inputattach amd64 1:1.8.1-2build1 [24.0 kB]
Get:71 http://archive.ubuntu.com/ubuntu noble/universe amd64 joystick amd64 1:1.8.1-2build1 [47.5 kB]
Get:72 http://archive.ubuntu.com/ubuntu noble/main i386 libegl1 i386 1.7.0-1build1 [37.7 kB]
Get:73 http://archive.ubuntu.com/ubuntu noble-updates/main amd64 libosmesa6 amd64 25.1.7-1ubuntu2~24.04.2 [3555 kB]
Get:74 http://archive.ubuntu.com/ubuntu noble/main amd64 python3-cssselect all 1.2.0-2 [18.5 kB]
Get:75 http://archive.ubuntu.com/ubuntu noble/multiverse amd64 steam-devices all 1:1.0.0.79~ds-2 [21.2 kB]
Preconfiguring packages ...
Fetched 258 MB in 2s (138 MB/s)
Selecting previously unselected package steam-libs:amd64.
(Reading database ... (Reading database ... 5%(Reading database ... 10%(Reading database ... 15%(Reading database ... 20%(Reading database ... 25%(Reading database ... 30%(Reading database ... 35%(Reading database ... 40%(Reading database ... 45%(Reading database ... 50%(Reading database ... 55%(Reading database ... 60%(Reading database ... 65%(Reading database ... 70%(Reading database ... 75%(Reading database ... 80%(Reading database ... 85%(Reading database ... 90%(Reading database ... 95%(Reading database ... 100%(Reading database ... 260058 files and directories currently installed.)
Preparing to unpack .../00-steam-libs_1%3a1.0.0.79~ds-2_amd64.deb ...
Unpacking steam-libs:amd64 (1:1.0.0.79~ds-2) ...
Selecting previously unselected package libgl1-mesa-dri:i386.
Preparing to unpack .../01-libgl1-mesa-dri_26.2.2~kisak1~n_i386.deb ...
Unpacking libgl1-mesa-dri:i386 (26.2.2~kisak1~n) ...
Selecting previously unselected package libxcb-glx0:i386.
Preparing to unpack .../02-libxcb-glx0_1.15-1ubuntu2_i386.deb ...
Unpacking libxcb-glx0:i386 (1.15-1ubuntu2) ...
Selecting previously unselected package libglx-mesa0:i386.
Preparing to unpack .../03-libglx-mesa0_26.2.2~kisak1~n_i386.deb ...
Unpacking libglx-mesa0:i386 (26.2.2~kisak1~n) ...
Selecting previously unselected package libglx0:i386.
Preparing to unpack .../04-libglx0_1.7.0-1build1_i386.deb ...
Unpacking libglx0:i386 (1.7.0-1build1) ...
Selecting previously unselected package libgl1:i386.
Preparing to unpack .../05-libgl1_1.7.0-1build1_i386.deb ...
Unpacking libgl1:i386 (1.7.0-1build1) ...
Selecting previously unselected package libnm0:i386.
Preparing to unpack .../06-libnm0_1.46.0-1ubuntu2.8_i386.deb ...
Unpacking libnm0:i386 (1.46.0-1ubuntu2.8) ...
Selecting previously unselected package steam-libs:i386.
Preparing to unpack .../07-steam-libs_1%3a1.0.0.79~ds-2_i386.deb ...
Unpacking steam-libs:i386 (1:1.0.0.79~ds-2) ...
Selecting previously unselected package steam-libs-i386:i386.
Preparing to unpack .../08-steam-libs-i386_1%3a1.0.0.79~ds-2_i386.deb ...
Unpacking steam-libs-i386:i386 (1:1.0.0.79~ds-2) ...
Selecting previously unselected package steam-installer.
Preparing to unpack .../09-steam-installer_1%3a1.0.0.79~ds-2_amd64.deb ...
Unpacking steam-installer (1:1.0.0.79~ds-2) ...
Selecting previously unselected package binutils-common:amd64.
Preparing to unpack .../10-binutils-common_2.42-4ubuntu2.10_amd64.deb ...
Unpacking binutils-common:amd64 (2.42-4ubuntu2.10) ...
Selecting previously unselected package libsframe1:amd64.
Preparing to unpack .../11-libsframe1_2.42-4ubuntu2.10_amd64.deb ...
Unpacking libsframe1:amd64 (2.42-4ubuntu2.10) ...
Selecting previously unselected package libbinutils:amd64.
Preparing to unpack .../12-libbinutils_2.42-4ubuntu2.10_amd64.deb ...
Unpacking libbinutils:amd64 (2.42-4ubuntu2.10) ...
Selecting previously unselected package libctf-nobfd0:amd64.
Preparing to unpack .../13-libctf-nobfd0_2.42-4ubuntu2.10_amd64.deb ...
Unpacking libctf-nobfd0:amd64 (2.42-4ubuntu2.10) ...
Selecting previously unselected package libctf0:amd64.
Preparing to unpack .../14-libctf0_2.42-4ubuntu2.10_amd64.deb ...
Unpacking libctf0:amd64 (2.42-4ubuntu2.10) ...
Selecting previously unselected package libgprofng0:amd64.
Preparing to unpack .../15-libgprofng0_2.42-4ubuntu2.10_amd64.deb ...
Unpacking libgprofng0:amd64 (2.42-4ubuntu2.10) ...
Selecting previously unselected package binutils-x86-64-linux-gnu.
Preparing to unpack .../16-binutils-x86-64-linux-gnu_2.42-4ubuntu2.10_amd64.deb ...
Unpacking binutils-x86-64-linux-gnu (2.42-4ubuntu2.10) ...
Selecting previously unselected package binutils.
Preparing to unpack .../17-binutils_2.42-4ubuntu2.10_amd64.deb ...
Unpacking binutils (2.42-4ubuntu2.10) ...
Selecting previously unselected package libevemu3t64:amd64.
Preparing to unpack .../18-libevemu3t64_2.7.0-4build1_amd64.deb ...
Unpacking libevemu3t64:amd64 (2.7.0-4build1) ...
Selecting previously unselected package evemu-tools.
Preparing to unpack .../19-evemu-tools_2.7.0-4build1_amd64.deb ...
Unpacking evemu-tools (2.7.0-4build1) ...
Selecting previously unselected package fluid-soundfont-gm.
Preparing to unpack .../20-fluid-soundfont-gm_3.1-5.3_all.deb ...
Unpacking fluid-soundfont-gm (3.1-5.3) ...
Selecting previously unselected package fluid-soundfont-gs.
Preparing to unpack .../21-fluid-soundfont-gs_3.1-5.3_all.deb ...
Unpacking fluid-soundfont-gs (3.1-5.3) ...
Selecting previously unselected package libinstpatch-1.0-2:amd64.
Preparing to unpack .../22-libinstpatch-1.0-2_1.1.6-1build2_amd64.deb ...
Unpacking libinstpatch-1.0-2:amd64 (1.1.6-1build2) ...
Selecting previously unselected package libfluidsynth3:amd64.
Preparing to unpack .../23-libfluidsynth3_2.3.4-1build3_amd64.deb ...
Unpacking libfluidsynth3:amd64 (2.3.4-1build3) ...
Selecting previously unselected package fluidsynth.
Preparing to unpack .../24-fluidsynth_2.3.4-1build3_amd64.deb ...
Unpacking fluidsynth (2.3.4-1build3) ...
Selecting previously unselected package libfuse2t64:amd64.
Preparing to unpack .../25-libfuse2t64_2.9.9-8.1build1_amd64.deb ...
Unpacking libfuse2t64:amd64 (2.9.9-8.1build1) ...
Selecting previously unselected package fuseiso.
Preparing to unpack .../26-fuseiso_20070708-3.2build3_amd64.deb ...
Unpacking fuseiso (20070708-3.2build3) ...
Selecting previously unselected package gamemode-daemon.
Preparing to unpack .../27-gamemode-daemon_1.8.1-2build1_amd64.deb ...
Unpacking gamemode-daemon (1.8.1-2build1) ...
Selecting previously unselected package libgamemode0:amd64.
Preparing to unpack .../28-libgamemode0_1.8.1-2build1_amd64.deb ...
Unpacking libgamemode0:amd64 (1.8.1-2build1) ...
Selecting previously unselected package libgamemodeauto0:amd64.
Preparing to unpack .../29-libgamemodeauto0_1.8.1-2build1_amd64.deb ...
Unpacking libgamemodeauto0:amd64 (1.8.1-2build1) ...
Selecting previously unselected package gamemode.
Preparing to unpack .../30-gamemode_1.8.1-2build1_amd64.deb ...
Unpacking gamemode (1.8.1-2build1) ...
Selecting previously unselected package libsigc++-2.0-0v5:amd64.
Preparing to unpack .../31-libsigc++-2.0-0v5_2.12.1-2_amd64.deb ...
Unpacking libsigc++-2.0-0v5:amd64 (2.12.1-2) ...
Selecting previously unselected package libglibmm-2.4-1t64:amd64.
Preparing to unpack .../32-libglibmm-2.4-1t64_2.66.7-1build1_amd64.deb ...
Unpacking libglibmm-2.4-1t64:amd64 (2.66.7-1build1) ...
Selecting previously unselected package libatkmm-1.6-1v5:amd64.
Preparing to unpack .../33-libatkmm-1.6-1v5_2.28.4-1build4_amd64.deb ...
Unpacking libatkmm-1.6-1v5:amd64 (2.28.4-1build4) ...
Selecting previously unselected package libcairomm-1.0-1v5:amd64.
Preparing to unpack .../34-libcairomm-1.0-1v5_1.14.5-1build1_amd64.deb ...
Unpacking libcairomm-1.0-1v5:amd64 (1.14.5-1build1) ...
Selecting previously unselected package libpangomm-1.4-1v5:amd64.
Preparing to unpack .../35-libpangomm-1.4-1v5_2.46.4-1build3_amd64.deb ...
Unpacking libpangomm-1.4-1v5:amd64 (2.46.4-1build3) ...
Selecting previously unselected package libgtkmm-3.0-1t64:amd64.
Preparing to unpack .../36-libgtkmm-3.0-1t64_3.24.9-1_amd64.deb ...
Unpacking libgtkmm-3.0-1t64:amd64 (3.24.9-1) ...
Selecting previously unselected package jstest-gtk.
Preparing to unpack .../37-jstest-gtk_0.1.1~git20180602-2build2_amd64.deb ...
Unpacking jstest-gtk (0.1.1~git20180602-2build2) ...
Selecting previously unselected package libegl-mesa0:i386.
Preparing to unpack .../38-libegl-mesa0_26.2.2~kisak1~n_i386.deb ...
Unpacking libegl-mesa0:i386 (26.2.2~kisak1~n) ...
Selecting previously unselected package libfmt9:amd64.
Preparing to unpack .../39-libfmt9_9.1.0+ds1-2_amd64.deb ...
Unpacking libfmt9:amd64 (9.1.0+ds1-2) ...
Selecting previously unselected package libgamemode0:i386.
Preparing to unpack .../40-libgamemode0_1.8.1-2build1_i386.deb ...
Unpacking libgamemode0:i386 (1.8.1-2build1) ...
Selecting previously unselected package libgamemodeauto0:i386.
Preparing to unpack .../41-libgamemodeauto0_1.8.1-2build1_i386.deb ...
Unpacking libgamemodeauto0:i386 (1.8.1-2build1) ...
Selecting previously unselected package libimagequant0:amd64.
Preparing to unpack .../42-libimagequant0_2.18.0-1build1_amd64.deb ...
Unpacking libimagequant0:amd64 (2.18.0-1build1) ...
Selecting previously unselected package libqt6widgets6t64:amd64.
Preparing to unpack .../43-libqt6widgets6t64_6.4.2+dfsg-21.1build5_amd64.deb ...
Unpacking libqt6widgets6t64:amd64 (6.4.2+dfsg-21.1build5) ...
Selecting previously unselected package libraqm0:amd64.
Preparing to unpack .../44-libraqm0_0.10.1-1build1_amd64.deb ...
Unpacking libraqm0:amd64 (0.10.1-1build1) ...
Selecting previously unselected package libspdlog1.12:amd64.
Preparing to unpack .../45-libspdlog1.12_1%3a1.12.0+ds-2build1_amd64.deb ...
Unpacking libspdlog1.12:amd64 (1:1.12.0+ds-2build1) ...
Selecting previously unselected package libva-glx2:i386.
Preparing to unpack .../46-libva-glx2_2.20.0-2ubuntu0.2_i386.deb ...
Unpacking libva-glx2:i386 (2.20.0-2ubuntu0.2) ...
Selecting previously unselected package libva-glx2:amd64.
Preparing to unpack .../47-libva-glx2_2.20.0-2ubuntu0.2_amd64.deb ...
Unpacking libva-glx2:amd64 (2.20.0-2ubuntu0.2) ...
Selecting previously unselected package libz-mingw-w64.
Preparing to unpack .../48-libz-mingw-w64_1.3.1+dfsg-1_all.deb ...
Unpacking libz-mingw-w64 (1.3.1+dfsg-1) ...
Selecting previously unselected package libwine:amd64.
Preparing to unpack .../49-libwine_9.0~repack-4build3_amd64.deb ...
Unpacking libwine:amd64 (9.0~repack-4build3) ...
Selecting previously unselected package libxcb-dri2-0:i386.
Preparing to unpack .../50-libxcb-dri2-0_1.15-1ubuntu2_i386.deb ...
Unpacking libxcb-dri2-0:i386 (1.15-1ubuntu2) ...
Selecting previously unselected package python3-lxml:amd64.
Preparing to unpack .../51-python3-lxml_5.2.1-1_amd64.deb ...
Unpacking python3-lxml:amd64 (5.2.1-1) ...
Selecting previously unselected package python3-pil:amd64.
Preparing to unpack .../52-python3-pil_10.2.0-1ubuntu1.3_amd64.deb ...
Unpacking python3-pil:amd64 (10.2.0-1ubuntu1.3) ...
Selecting previously unselected package python3-gi-cairo.
Preparing to unpack .../53-python3-gi-cairo_3.48.2-1_amd64.deb ...
Unpacking python3-gi-cairo (3.48.2-1) ...
Selecting previously unselected package python3-setproctitle:amd64.
Preparing to unpack .../54-python3-setproctitle_1.3.3-1build2_amd64.deb ...
Unpacking python3-setproctitle:amd64 (1.3.3-1build2) ...
Selecting previously unselected package python3-magic.
Preparing to unpack .../55-python3-magic_2%3a0.4.27-3_all.deb ...
Unpacking python3-magic (2:0.4.27-3) ...
Selecting previously unselected package mesa-utils-bin:amd64.
Preparing to unpack .../56-mesa-utils-bin_9.0.0-2_amd64.deb ...
Unpacking mesa-utils-bin:amd64 (9.0.0-2) ...
Selecting previously unselected package mesa-utils.
Preparing to unpack .../57-mesa-utils_9.0.0-2_amd64.deb ...
Unpacking mesa-utils (9.0.0-2) ...
Selecting previously unselected package vulkan-tools.
Preparing to unpack .../58-vulkan-tools_1.3.275.0+dfsg1-1_amd64.deb ...
Unpacking vulkan-tools (1.3.275.0+dfsg1-1) ...
Selecting previously unselected package lutris.
Preparing to unpack .../59-lutris_0.5.14-2_all.deb ...
Unpacking lutris (0.5.14-2) ...
Selecting previously unselected package mangohud:amd64.
Preparing to unpack .../60-mangohud_0.6.9.1-2build1_amd64.deb ...
Unpacking mangohud:amd64 (0.6.9.1-2build1) ...
Selecting previously unselected package python3-soupsieve.
Preparing to unpack .../61-python3-soupsieve_2.5-1_all.deb ...
Unpacking python3-soupsieve (2.5-1) ...
Selecting previously unselected package python3-bs4.
Preparing to unpack .../62-python3-bs4_4.12.3-1_all.deb ...
Unpacking python3-bs4 (4.12.3-1) ...
Selecting previously unselected package python3-evdev.
Preparing to unpack .../63-python3-evdev_1.7.0+dfsg-1build1_amd64.deb ...
Unpacking python3-evdev (1.7.0+dfsg-1build1) ...
Selecting previously unselected package python3-olefile.
Preparing to unpack .../64-python3-olefile_0.46-3_all.deb ...
Unpacking python3-olefile (0.46-3) ...
Selecting previously unselected package python3-protobuf.
Preparing to unpack .../65-python3-protobuf_3.21.12-8.2ubuntu0.3_amd64.deb ...
Unpacking python3-protobuf (3.21.12-8.2ubuntu0.3) ...
Selecting previously unselected package qsynth.
Preparing to unpack .../66-qsynth_0.9.13-1build3_amd64.deb ...
Unpacking qsynth (0.9.13-1build3) ...
Selecting previously unselected package winetricks.
Preparing to unpack .../67-winetricks_20240105-2_all.deb ...
Unpacking winetricks (20240105-2) ...
Selecting previously unselected package evtest.
Preparing to unpack .../68-evtest_1%3a1.35-1_amd64.deb ...
Unpacking evtest (1:1.35-1) ...
Selecting previously unselected package inputattach.
Preparing to unpack .../69-inputattach_1%3a1.8.1-2build1_amd64.deb ...
Unpacking inputattach (1:1.8.1-2build1) ...
Selecting previously unselected package joystick.
Preparing to unpack .../70-joystick_1%3a1.8.1-2build1_amd64.deb ...
Unpacking joystick (1:1.8.1-2build1) ...
Selecting previously unselected package libegl1:i386.
Preparing to unpack .../71-libegl1_1.7.0-1build1_i386.deb ...
Unpacking libegl1:i386 (1.7.0-1build1) ...
Selecting previously unselected package libosmesa6:amd64.
Preparing to unpack .../72-libosmesa6_25.1.7-1ubuntu2~24.04.2_amd64.deb ...
Unpacking libosmesa6:amd64 (25.1.7-1ubuntu2~24.04.2) ...
Selecting previously unselected package python3-cssselect.
Preparing to unpack .../73-python3-cssselect_1.2.0-2_all.deb ...
Unpacking python3-cssselect (1.2.0-2) ...
Selecting previously unselected package steam-devices.
Preparing to unpack .../74-steam-devices_1%3a1.0.0.79~ds-2_all.deb ...
Unpacking steam-devices (1:1.0.0.79~ds-2) ...
Setting up libqt6widgets6t64:amd64 (6.4.2+dfsg-21.1build5) ...
Setting up joystick (1:1.8.1-2build1) ...
Setting up steam-devices (1:1.0.0.79~ds-2) ...
Running in chroot, ignoring request.
Running in chroot, ignoring request.
Running in chroot, ignoring request.
Running in chroot, ignoring request.
Setting up python3-olefile (0.46-3) ...
Setting up libxcb-glx0:i386 (1.15-1ubuntu2) ...
Setting up libgl1-mesa-dri:i386 (26.2.2~kisak1~n) ...
Setting up steam-libs:amd64 (1:1.0.0.79~ds-2) ...
Setting up binutils-common:amd64 (2.42-4ubuntu2.10) ...
Setting up libctf-nobfd0:amd64 (2.42-4ubuntu2.10) ...
Setting up vulkan-tools (1.3.275.0+dfsg1-1) ...
Setting up libz-mingw-w64 (1.3.1+dfsg-1) ...
Setting up libsframe1:amd64 (2.42-4ubuntu2.10) ...
Setting up gamemode-daemon (1.8.1-2build1) ...
Setting up libegl-mesa0:i386 (26.2.2~kisak1~n) ...
Setting up inputattach (1:1.8.1-2build1) ...
Setting up mesa-utils-bin:amd64 (9.0.0-2) ...
Setting up libsigc++-2.0-0v5:amd64 (2.12.1-2) ...
Setting up libraqm0:amd64 (0.10.1-1build1) ...
Setting up libimagequant0:amd64 (2.18.0-1build1) ...
Setting up python3-setproctitle:amd64 (1.3.3-1build2) ...
Setting up python3-evdev (1.7.0+dfsg-1build1) ...
Setting up libevemu3t64:amd64 (2.7.0-4build1) ...
Setting up libnm0:i386 (1.46.0-1ubuntu2.8) ...
Setting up libfmt9:amd64 (9.1.0+ds1-2) ...
Setting up libxcb-dri2-0:i386 (1.15-1ubuntu2) ...
Setting up fluid-soundfont-gs (3.1-5.3) ...
Setting up python3-lxml:amd64 (5.2.1-1) ...
Setting up libegl1:i386 (1.7.0-1build1) ...
Setting up fluid-soundfont-gm (3.1-5.3) ...
update-alternatives: using /usr/share/sounds/sf2/FluidR3_GM.sf2 to provide /usr/share/sounds/sf2/default-GM.sf2 (default-GM.sf2) in auto mode
update-alternatives: using /usr/share/sounds/sf2/FluidR3_GM.sf2 to provide /usr/share/sounds/sf3/default-GM.sf3 (default-GM.sf3) in auto mode
Setting up libwine:amd64 (9.0~repack-4build3) ...
Setting up libbinutils:amd64 (2.42-4ubuntu2.10) ...
Setting up python3-protobuf (3.21.12-8.2ubuntu0.3) ...
Setting up evtest (1:1.35-1) ...
Setting up python3-cssselect (1.2.0-2) ...
Setting up python3-magic (2:0.4.27-3) ...
Setting up python3-gi-cairo (3.48.2-1) ...
Setting up libgamemodeauto0:amd64 (1.8.1-2build1) ...
Setting up libgamemodeauto0:i386 (1.8.1-2build1) ...
Setting up libva-glx2:amd64 (2.20.0-2ubuntu0.2) ...
Setting up libfuse2t64:amd64 (2.9.9-8.1build1) ...
Setting up libgamemode0:amd64 (1.8.1-2build1) ...
Setting up libgamemode0:i386 (1.8.1-2build1) ...
Setting up python3-soupsieve (2.5-1) ...
Setting up libinstpatch-1.0-2:amd64 (1.1.6-1build2) ...
Setting up libfluidsynth3:amd64 (2.3.4-1build3) ...
Setting up libosmesa6:amd64 (25.1.7-1ubuntu2~24.04.2) ...
Setting up libctf0:amd64 (2.42-4ubuntu2.10) ...
Setting up evemu-tools (2.7.0-4build1) ...
Setting up libglx-mesa0:i386 (26.2.2~kisak1~n) ...
Setting up libspdlog1.12:amd64 (1:1.12.0+ds-2build1) ...
Setting up libglx0:i386 (1.7.0-1build1) ...
Setting up qsynth (0.9.13-1build3) ...
Setting up python3-bs4 (4.12.3-1) ...
Setting up libcairomm-1.0-1v5:amd64 (1.14.5-1build1) ...
Setting up libglibmm-2.4-1t64:amd64 (2.66.7-1build1) ...
Setting up python3-pil:amd64 (10.2.0-1ubuntu1.3) ...
Setting up libgprofng0:amd64 (2.42-4ubuntu2.10) ...
Setting up libgl1:i386 (1.7.0-1build1) ...
Setting up fuseiso (20070708-3.2build3) ...
Setting up mesa-utils (9.0.0-2) ...
Setting up fluidsynth (2.3.4-1build3) ...
Created symlink /etc/systemd/user/default.target.wants/fluidsynth.service → /usr/lib/systemd/user/fluidsynth.service.
Setting up libpangomm-1.4-1v5:amd64 (2.46.4-1build3) ...
Setting up mangohud:amd64 (0.6.9.1-2build1) ...
Setting up libatkmm-1.6-1v5:amd64 (2.28.4-1build4) ...
Setting up gamemode (1.8.1-2build1) ...
Setting up libva-glx2:i386 (2.20.0-2ubuntu0.2) ...
Setting up binutils-x86-64-linux-gnu (2.42-4ubuntu2.10) ...
Setting up lutris (0.5.14-2) ...
Setting up steam-libs:i386 (1:1.0.0.79~ds-2) ...
Setting up binutils (2.42-4ubuntu2.10) ...
Setting up steam-libs-i386:i386 (1:1.0.0.79~ds-2) ...
Setting up libgtkmm-3.0-1t64:amd64 (3.24.9-1) ...
Setting up winetricks (20240105-2) ...
Setting up steam-installer (1:1.0.0.79~ds-2) ...
Setting up jstest-gtk (0.1.1~git20180602-2build2) ...
Processing triggers for hicolor-icon-theme (0.17-2) ...
Processing triggers for gnome-menus (3.36.0-1.1ubuntu3) ...
Processing triggers for libc-bin (2.39-0ubuntu8.9) ...
Processing triggers for man-db (2.12.0-4build2) ...
Processing triggers for desktop-file-utils (0.27-2build1) ...
    -> GameMode polkit rule present
Reading package lists...
Building dependency tree...
Reading state information...
ubuntu-drivers-common is already the newest version (1:0.9.7.6ubuntu3.7).
The following package was automatically installed and is no longer required:
  libllvm20:i386
Use 'apt autoremove' to remove it.
0 upgraded, 0 newly installed, 0 to remove and 0 not upgraded.

==>   70-system.sh
    -> first-boot driver setup
    -> login session
    -> AppArmor in the live session
Created symlink /etc/systemd/system/sysinit.target.wants/veil-live-apparmor.service → /etc/systemd/system/veil-live-apparmor.service.
    -> app preloading in the live session
Created symlink /etc/systemd/system/graphical.target.wants/veil-live-preload.service → /etc/systemd/system/veil-live-preload.service.
    -> boot-test reporter
Created symlink /etc/systemd/system/graphical.target.wants/veil-boot-report.service → /etc/systemd/system/veil-boot-report.service.
    -> installer launcher
Reading package lists...
Building dependency tree...
Reading state information...
The following package was automatically installed and is no longer required:
  libllvm20:i386
Use 'apt autoremove' to remove it.
The following additional packages will be installed:
  kded5 kdialog kio kpackagetool5 kwayland-data kwayland-integration
  libappstreamqt5-3 libdbusmenu-qt5-2 libhfstospell11 libkf5archive-data
  libkf5archive5 libkf5auth-data libkf5authcore5 libkf5codecs-data
  libkf5codecs5 libkf5completion-data libkf5completion5 libkf5config-bin
  libkf5config-data libkf5configcore5 libkf5configgui5
  libkf5configwidgets-data libkf5configwidgets5 libkf5coreaddons-data
  libkf5coreaddons5 libkf5crash5 libkf5dbusaddons-bin libkf5dbusaddons-data
  libkf5dbusaddons5 libkf5doctools5 libkf5globalaccel-bin
  libkf5globalaccel-data libkf5globalaccel5 libkf5globalaccelprivate5
  libkf5guiaddons-bin libkf5guiaddons-data libkf5guiaddons5 libkf5i18n-data
  libkf5i18n5 libkf5iconthemes-bin libkf5iconthemes-data libkf5iconthemes5
  libkf5itemviews-data libkf5itemviews5 libkf5jobwidgets-data
  libkf5jobwidgets5 libkf5kiocore5 libkf5kiogui5 libkf5kiontlm5
  libkf5kiowidgets5 libkf5notifications-data libkf5notifications5
  libkf5package-data libkf5package5 libkf5parts-data libkf5parts-plugins
  libkf5parts5 libkf5service-bin libkf5service-data libkf5service5
  libkf5solid5 libkf5solid5-data libkf5sonnet5-data libkf5sonnetcore5
  libkf5sonnetui5 libkf5textwidgets-data libkf5textwidgets5 libkf5wallet-bin
  libkf5wallet-data libkf5wallet5 libkf5waylandclient5
  libkf5widgetsaddons-data libkf5widgetsaddons5 libkf5windowsystem-data
  libkf5windowsystem5 libkf5xmlgui-bin libkf5xmlgui-data libkf5xmlgui5
  libkpmcore12 libkwalletbackend5-5 libpolkit-qt5-1-1 libqca-qt5-2
  libqca-qt5-2-plugins libqt5printsupport5t64 libqt5qmlworkerscript5
  libqt5quickwidgets5 libqt5texttospeech5 libqt5xml5t64 libvoikko1
  libxcb-record0 libyaml-cpp0.8 media-player-info qml-module-qtquick-window2
  qml-module-qtquick2 qtspeech5-speechd-plugin sonnet-plugins squashfs-tools
  util-linux-extra
Suggested packages:
  voikko-fi hspell
The following NEW packages will be installed:
  calamares calamares-settings-ubuntu-common kded5 kdialog kio kpackagetool5
  kwayland-data kwayland-integration libappstreamqt5-3 libdbusmenu-qt5-2
  libhfstospell11 libkf5archive-data libkf5archive5 libkf5auth-data
  libkf5authcore5 libkf5codecs-data libkf5codecs5 libkf5completion-data
  libkf5completion5 libkf5config-bin libkf5config-data libkf5configcore5
  libkf5configgui5 libkf5configwidgets-data libkf5configwidgets5
  libkf5coreaddons-data libkf5coreaddons5 libkf5crash5 libkf5dbusaddons-bin
  libkf5dbusaddons-data libkf5dbusaddons5 libkf5doctools5
  libkf5globalaccel-bin libkf5globalaccel-data libkf5globalaccel5
  libkf5globalaccelprivate5 libkf5guiaddons-bin libkf5guiaddons-data
  libkf5guiaddons5 libkf5i18n-data libkf5i18n5 libkf5iconthemes-bin
  libkf5iconthemes-data libkf5iconthemes5 libkf5itemviews-data
  libkf5itemviews5 libkf5jobwidgets-data libkf5jobwidgets5 libkf5kiocore5
  libkf5kiogui5 libkf5kiontlm5 libkf5kiowidgets5 libkf5notifications-data
  libkf5notifications5 libkf5package-data libkf5package5 libkf5parts-data
  libkf5parts-plugins libkf5parts5 libkf5service-bin libkf5service-data
  libkf5service5 libkf5solid5 libkf5solid5-data libkf5sonnet5-data
  libkf5sonnetcore5 libkf5sonnetui5 libkf5textwidgets-data libkf5textwidgets5
  libkf5wallet-bin libkf5wallet-data libkf5wallet5 libkf5waylandclient5
  libkf5widgetsaddons-data libkf5widgetsaddons5 libkf5windowsystem-data
  libkf5windowsystem5 libkf5xmlgui-bin libkf5xmlgui-data libkf5xmlgui5
  libkpmcore12 libkwalletbackend5-5 libpolkit-qt5-1-1 libqca-qt5-2
  libqca-qt5-2-plugins libqt5printsupport5t64 libqt5qmlworkerscript5
  libqt5quickwidgets5 libqt5texttospeech5 libqt5xml5t64 libvoikko1
  libxcb-record0 libyaml-cpp0.8 media-player-info qml-module-qtquick-window2
  qml-module-qtquick2 qtspeech5-speechd-plugin sonnet-plugins squashfs-tools
  util-linux-extra
0 upgraded, 100 newly installed, 0 to remove and 0 not upgraded.
Need to get 22.5 MB of archives.
After this operation, 110 MB of additional disk space will be used.
Get:1 http://archive.ubuntu.com/ubuntu noble-updates/universe amd64 util-linux-extra amd64 2.39.3-9ubuntu6.6 [121 kB]
Get:2 http://archive.ubuntu.com/ubuntu noble/universe amd64 libkf5coreaddons-data all 5.115.0-0ubuntu5 [149 kB]
Get:3 http://archive.ubuntu.com/ubuntu noble/universe amd64 libkf5coreaddons5 amd64 5.115.0-0ubuntu5 [274 kB]
Get:4 http://archive.ubuntu.com/ubuntu noble/universe amd64 libkf5i18n-data all 5.115.0-0ubuntu6 [1201 kB]
Get:5 http://archive.ubuntu.com/ubuntu noble/universe amd64 libkf5i18n5 amd64 5.115.0-0ubuntu6 [120 kB]
Get:6 http://archive.ubuntu.com/ubuntu noble/universe amd64 libkf5package-data all 5.115.0-0ubuntu5 [79.3 kB]
Get:7 http://archive.ubuntu.com/ubuntu noble/universe amd64 libkf5archive-data all 5.115.0-0ubuntu5 [51.2 kB]
Get:8 http://archive.ubuntu.com/ubuntu noble/universe amd64 libkf5archive5 amd64 5.115.0-0ubuntu5 [97.4 kB]
Get:9 http://archive.ubuntu.com/ubuntu noble/universe amd64 libkf5package5 amd64 5.115.0-0ubuntu5 [54.7 kB]
Get:10 http://archive.ubuntu.com/ubuntu noble/universe amd64 kpackagetool5 amd64 5.115.0-0ubuntu5 [54.5 kB]
Get:11 http://archive.ubuntu.com/ubuntu noble/universe amd64 libappstreamqt5-3 amd64 1.0.2-1build6 [79.6 kB]
Get:12 http://archive.ubuntu.com/ubuntu noble/universe amd64 libkf5config-data all 5.115.0-0ubuntu5 [105 kB]
Get:13 http://archive.ubuntu.com/ubuntu noble/universe amd64 libkf5configcore5 amd64 5.115.0-0ubuntu5 [147 kB]
Get:14 http://archive.ubuntu.com/ubuntu noble/universe amd64 libkf5crash5 amd64 5.115.0-0ubuntu5 [20.4 kB]
Get:15 http://archive.ubuntu.com/ubuntu noble/universe amd64 libkf5parts-data all 5.115.0-0ubuntu5 [77.6 kB]
Get:16 http://archive.ubuntu.com/ubuntu noble/universe amd64 libkf5dbusaddons-data all 5.115.0-0ubuntu5 [19.9 kB]
Get:17 http://archive.ubuntu.com/ubuntu noble/universe amd64 libkf5dbusaddons5 amd64 5.115.0-0ubuntu5 [40.6 kB]
Get:18 http://archive.ubuntu.com/ubuntu noble/universe amd64 libkf5service-data all 5.115.0-0ubuntu4 [76.8 kB]
Get:19 http://archive.ubuntu.com/ubuntu noble/universe amd64 libqt5xml5t64 amd64 5.15.13+dfsg-1ubuntu1 [124 kB]
Get:20 http://archive.ubuntu.com/ubuntu noble/universe amd64 libkf5service5 amd64 5.115.0-0ubuntu4 [201 kB]
Get:21 http://archive.ubuntu.com/ubuntu noble/universe amd64 libkf5service-bin amd64 5.115.0-0ubuntu4 [50.5 kB]
Get:22 http://archive.ubuntu.com/ubuntu noble/universe amd64 kded5 amd64 5.115.0-0ubuntu5 [60.9 kB]
Get:23 http://archive.ubuntu.com/ubuntu noble/universe amd64 libkf5auth-data all 5.115.0-0ubuntu5 [28.0 kB]
Get:24 http://archive.ubuntu.com/ubuntu noble/universe amd64 libpolkit-qt5-1-1 amd64 0.200.0-1build4 [60.0 kB]
Get:25 http://archive.ubuntu.com/ubuntu noble/universe amd64 libkf5authcore5 amd64 5.115.0-0ubuntu5 [57.5 kB]
Get:26 http://archive.ubuntu.com/ubuntu noble/universe amd64 libkf5configwidgets-data all 5.115.0-0ubuntu5 [246 kB]
Get:27 http://archive.ubuntu.com/ubuntu noble/universe amd64 libkf5codecs-data all 5.115.0-0ubuntu5 [55.2 kB]
Get:28 http://archive.ubuntu.com/ubuntu noble/universe amd64 libkf5codecs5 amd64 5.115.0-0ubuntu5 [98.3 kB]
Get:29 http://archive.ubuntu.com/ubuntu noble/universe amd64 libkf5configgui5 amd64 5.115.0-0ubuntu5 [52.2 kB]
Get:30 http://archive.ubuntu.com/ubuntu noble/universe amd64 libkf5guiaddons-bin amd64 5.115.0-0ubuntu5 [11.7 kB]
Get:31 http://archive.ubuntu.com/ubuntu noble/universe amd64 libkf5guiaddons-data all 5.115.0-0ubuntu5 [7736 B]
Get:32 http://archive.ubuntu.com/ubuntu noble/universe amd64 libkf5guiaddons5 amd64 5.115.0-0ubuntu5 [85.0 kB]
Get:33 http://archive.ubuntu.com/ubuntu noble/universe amd64 libkf5widgetsaddons-data all 5.115.0-0ubuntu4 [1195 kB]
Get:34 http://archive.ubuntu.com/ubuntu noble/universe amd64 libkf5widgetsaddons5 amd64 5.115.0-0ubuntu4 [417 kB]
Get:35 http://archive.ubuntu.com/ubuntu noble/universe amd64 libkf5configwidgets5 amd64 5.115.0-0ubuntu5 [155 kB]
Get:36 http://archive.ubuntu.com/ubuntu noble/universe amd64 libkf5doctools5 amd64 5.115.0-0ubuntu5 [17.7 kB]
Get:37 http://archive.ubuntu.com/ubuntu noble/universe amd64 libkf5itemviews-data all 5.115.0-0ubuntu5 [13.9 kB]
Get:38 http://archive.ubuntu.com/ubuntu noble/universe amd64 libkf5itemviews5 amd64 5.115.0-0ubuntu5 [82.5 kB]
Get:39 http://archive.ubuntu.com/ubuntu noble/universe amd64 libkf5kiocore5 amd64 5.115.0-0ubuntu6 [560 kB]
Get:40 http://archive.ubuntu.com/ubuntu noble/universe amd64 libkf5windowsystem-data all 5.115.0-0ubuntu4 [13.0 kB]
Get:41 http://archive.ubuntu.com/ubuntu noble/universe amd64 libkf5windowsystem5 amd64 5.115.0-0ubuntu4 [154 kB]
Get:42 http://archive.ubuntu.com/ubuntu noble/universe amd64 libkf5kiogui5 amd64 5.115.0-0ubuntu6 [104 kB]
Get:43 http://archive.ubuntu.com/ubuntu noble/universe amd64 libkf5kiontlm5 amd64 5.115.0-0ubuntu6 [23.8 kB]
Get:44 http://archive.ubuntu.com/ubuntu noble/universe amd64 libkf5completion-data all 5.115.0-0ubuntu5 [19.2 kB]
Get:45 http://archive.ubuntu.com/ubuntu noble/universe amd64 libkf5completion5 amd64 5.115.0-0ubuntu5 [91.0 kB]
Get:46 http://archive.ubuntu.com/ubuntu noble/universe amd64 libkf5iconthemes-data all 5.115.0-0ubuntu6 [32.7 kB]
Get:47 http://archive.ubuntu.com/ubuntu noble/universe amd64 libkf5iconthemes5 amd64 5.115.0-0ubuntu6 [103 kB]
Get:48 http://archive.ubuntu.com/ubuntu noble/universe amd64 libkf5jobwidgets-data all 5.115.0-0ubuntu5 [38.7 kB]
Get:49 http://archive.ubuntu.com/ubuntu noble/universe amd64 libkf5jobwidgets5 amd64 5.115.0-0ubuntu5 [64.6 kB]
Get:50 http://archive.ubuntu.com/ubuntu noble/universe amd64 libkf5solid5-data all 5.115.0-0ubuntu5 [112 kB]
Get:51 http://archive.ubuntu.com/ubuntu noble/universe amd64 libkf5solid5 amd64 5.115.0-0ubuntu5 [213 kB]
Get:52 http://archive.ubuntu.com/ubuntu noble/universe amd64 libkf5kiowidgets5 amd64 5.115.0-0ubuntu6 [452 kB]
Get:53 http://archive.ubuntu.com/ubuntu noble/universe amd64 libkf5notifications-data all 5.115.0-0ubuntu6 [19.2 kB]
Get:54 http://archive.ubuntu.com/ubuntu noble/universe amd64 libdbusmenu-qt5-2 amd64 0.9.3+16.04.20160218-2build3 [61.7 kB]
Get:55 http://archive.ubuntu.com/ubuntu noble/universe amd64 libqt5texttospeech5 amd64 5.15.13-1 [21.1 kB]
Get:56 http://archive.ubuntu.com/ubuntu noble/universe amd64 libkf5notifications5 amd64 5.115.0-0ubuntu6 [112 kB]
Get:57 http://archive.ubuntu.com/ubuntu noble/universe amd64 libkf5textwidgets-data all 5.115.0-0ubuntu4 [207 kB]
Get:58 http://archive.ubuntu.com/ubuntu noble/universe amd64 libkf5sonnet5-data all 5.115.0-0ubuntu5 [107 kB]
Get:59 http://archive.ubuntu.com/ubuntu noble/universe amd64 libkf5sonnetcore5 amd64 5.115.0-0ubuntu5 [137 kB]
Get:60 http://archive.ubuntu.com/ubuntu noble/universe amd64 libkf5sonnetui5 amd64 5.115.0-0ubuntu5 [50.2 kB]
Get:61 http://archive.ubuntu.com/ubuntu noble/universe amd64 libkf5textwidgets5 amd64 5.115.0-0ubuntu4 [84.1 kB]
Get:62 http://archive.ubuntu.com/ubuntu noble/universe amd64 libkf5wallet-data all 5.115.0-0ubuntu3 [220 kB]
Get:63 http://archive.ubuntu.com/ubuntu noble/universe amd64 libkwalletbackend5-5 amd64 5.115.0-0ubuntu3 [53.9 kB]
Get:64 http://archive.ubuntu.com/ubuntu noble/universe amd64 libkf5wallet5 amd64 5.115.0-0ubuntu3 [41.4 kB]
Get:65 http://archive.ubuntu.com/ubuntu noble/universe amd64 libqca-qt5-2 amd64 2.3.8-1build3 [333 kB]
Get:66 http://archive.ubuntu.com/ubuntu noble/universe amd64 libkf5wallet-bin amd64 5.115.0-0ubuntu3 [164 kB]
Get:67 http://archive.ubuntu.com/ubuntu noble/universe amd64 kio amd64 5.115.0-0ubuntu6 [3382 kB]
Get:68 http://archive.ubuntu.com/ubuntu noble/universe amd64 libkf5xmlgui-data all 5.115.0-0ubuntu5 [439 kB]
Get:69 http://archive.ubuntu.com/ubuntu noble/universe amd64 libkf5globalaccel-data all 5.115.0-0ubuntu5 [28.1 kB]
Get:70 http://archive.ubuntu.com/ubuntu noble/universe amd64 libkf5globalaccel5 amd64 5.115.0-0ubuntu5 [49.0 kB]
Get:71 http://archive.ubuntu.com/ubuntu noble/universe amd64 libkf5globalaccelprivate5 amd64 5.115.0-0ubuntu5 [55.9 kB]
Get:72 http://archive.ubuntu.com/ubuntu noble/main amd64 libxcb-record0 amd64 1.15-1ubuntu2 [7368 B]
Get:73 http://archive.ubuntu.com/ubuntu noble/universe amd64 libkf5globalaccel-bin amd64 5.115.0-0ubuntu5 [15.5 kB]
Get:74 http://archive.ubuntu.com/ubuntu noble/universe amd64 libqt5printsupport5t64 amd64 5.15.13+dfsg-1ubuntu1 [208 kB]
Get:75 http://archive.ubuntu.com/ubuntu noble/universe amd64 libkf5xmlgui5 amd64 5.115.0-0ubuntu5 [273 kB]
Get:76 http://archive.ubuntu.com/ubuntu noble/universe amd64 libkf5parts5 amd64 5.115.0-0ubuntu5 [124 kB]
Get:77 http://archive.ubuntu.com/ubuntu noble/universe amd64 libkpmcore12 amd64 23.08.5-0ubuntu3 [669 kB]
Get:78 http://archive.ubuntu.com/ubuntu noble-updates/universe amd64 libqt5quickwidgets5 amd64 5.15.13+dfsg-1ubuntu0.1 [38.4 kB]
Get:79 http://archive.ubuntu.com/ubuntu noble/main amd64 libyaml-cpp0.8 amd64 0.8.0+dfsg-6build1 [115 kB]
Get:80 http://archive.ubuntu.com/ubuntu noble/universe amd64 calamares amd64 3.3.5-0ubuntu4 [4204 kB]
Get:81 http://archive.ubuntu.com/ubuntu noble/universe amd64 kdialog amd64 4:23.08.5-0ubuntu4 [151 kB]
Get:82 http://archive.ubuntu.com/ubuntu noble-updates/universe amd64 qml-module-qtquick-window2 amd64 5.15.13+dfsg-1ubuntu0.1 [26.2 kB]
Get:83 http://archive.ubuntu.com/ubuntu noble-updates/universe amd64 libqt5qmlworkerscript5 amd64 5.15.13+dfsg-1ubuntu0.1 [33.6 kB]
Get:84 http://archive.ubuntu.com/ubuntu noble-updates/universe amd64 qml-module-qtquick2 amd64 5.15.13+dfsg-1ubuntu0.1 [33.7 kB]
Get:85 http://archive.ubuntu.com/ubuntu noble/main amd64 squashfs-tools amd64 1:4.6.1-1build1 [189 kB]
Get:86 http://archive.ubuntu.com/ubuntu noble-updates/universe amd64 calamares-settings-ubuntu-common amd64 1:24.04.40 [2235 kB]
Get:87 http://archive.ubuntu.com/ubuntu noble/universe amd64 kwayland-data all 4:5.115.0-0ubuntu5 [8684 B]
Get:88 http://archive.ubuntu.com/ubuntu noble/universe amd64 libkf5waylandclient5 amd64 4:5.115.0-0ubuntu5 [229 kB]
Get:89 http://archive.ubuntu.com/ubuntu noble/universe amd64 kwayland-integration amd64 4:5.27.11-0ubuntu3 [33.2 kB]
Get:90 http://archive.ubuntu.com/ubuntu noble/main amd64 libhfstospell11 amd64 0.5.4-1build3 [61.9 kB]
Get:91 http://archive.ubuntu.com/ubuntu noble/universe amd64 libkf5config-bin amd64 5.115.0-0ubuntu5 [38.7 kB]
Get:92 http://archive.ubuntu.com/ubuntu noble/universe amd64 libkf5dbusaddons-bin amd64 5.115.0-0ubuntu5 [10.3 kB]
Get:93 http://archive.ubuntu.com/ubuntu noble/universe amd64 libkf5iconthemes-bin amd64 5.115.0-0ubuntu6 [8406 B]
Get:94 http://archive.ubuntu.com/ubuntu noble/universe amd64 libkf5parts-plugins amd64 5.115.0-0ubuntu5 [8258 B]
Get:95 http://archive.ubuntu.com/ubuntu noble/universe amd64 libkf5xmlgui-bin amd64 5.115.0-0ubuntu5 [21.2 kB]
Get:96 http://archive.ubuntu.com/ubuntu noble/universe amd64 libqca-qt5-2-plugins amd64 2.3.8-1build3 [205 kB]
Get:97 http://archive.ubuntu.com/ubuntu noble/main amd64 libvoikko1 amd64 4.3.2-1build1 [101 kB]
Get:98 http://archive.ubuntu.com/ubuntu noble/main amd64 media-player-info all 24-3 [30.0 kB]
Get:99 http://archive.ubuntu.com/ubuntu noble/universe amd64 qtspeech5-speechd-plugin amd64 5.15.13-1 [15.6 kB]
Get:100 http://archive.ubuntu.com/ubuntu noble/universe amd64 sonnet-plugins amd64 5.115.0-0ubuntu5 [54.7 kB]
Fetched 22.5 MB in 2s (9166 kB/s)
Selecting previously unselected package util-linux-extra.
(Reading database ... (Reading database ... 5%(Reading database ... 10%(Reading database ... 15%(Reading database ... 20%(Reading database ... 25%(Reading database ... 30%(Reading database ... 35%(Reading database ... 40%(Reading database ... 45%(Reading database ... 50%(Reading database ... 55%(Reading database ... 60%(Reading database ... 65%(Reading database ... 70%(Reading database ... 75%(Reading database ... 80%(Reading database ... 85%(Reading database ... 90%(Reading database ... 95%(Reading database ... 100%(Reading database ... 262471 files and directories currently installed.)
Preparing to unpack .../00-util-linux-extra_2.39.3-9ubuntu6.6_amd64.deb ...
Unpacking util-linux-extra (2.39.3-9ubuntu6.6) ...
Selecting previously unselected package libkf5coreaddons-data.
Preparing to unpack .../01-libkf5coreaddons-data_5.115.0-0ubuntu5_all.deb ...
Unpacking libkf5coreaddons-data (5.115.0-0ubuntu5) ...
Selecting previously unselected package libkf5coreaddons5:amd64.
Preparing to unpack .../02-libkf5coreaddons5_5.115.0-0ubuntu5_amd64.deb ...
Unpacking libkf5coreaddons5:amd64 (5.115.0-0ubuntu5) ...
Selecting previously unselected package libkf5i18n-data.
Preparing to unpack .../03-libkf5i18n-data_5.115.0-0ubuntu6_all.deb ...
Unpacking libkf5i18n-data (5.115.0-0ubuntu6) ...
Selecting previously unselected package libkf5i18n5:amd64.
Preparing to unpack .../04-libkf5i18n5_5.115.0-0ubuntu6_amd64.deb ...
Unpacking libkf5i18n5:amd64 (5.115.0-0ubuntu6) ...
Selecting previously unselected package libkf5package-data.
Preparing to unpack .../05-libkf5package-data_5.115.0-0ubuntu5_all.deb ...
Unpacking libkf5package-data (5.115.0-0ubuntu5) ...
Selecting previously unselected package libkf5archive-data.
Preparing to unpack .../06-libkf5archive-data_5.115.0-0ubuntu5_all.deb ...
Unpacking libkf5archive-data (5.115.0-0ubuntu5) ...
Selecting previously unselected package libkf5archive5:amd64.
Preparing to unpack .../07-libkf5archive5_5.115.0-0ubuntu5_amd64.deb ...
Unpacking libkf5archive5:amd64 (5.115.0-0ubuntu5) ...
Selecting previously unselected package libkf5package5:amd64.
Preparing to unpack .../08-libkf5package5_5.115.0-0ubuntu5_amd64.deb ...
Unpacking libkf5package5:amd64 (5.115.0-0ubuntu5) ...
Selecting previously unselected package kpackagetool5.
Preparing to unpack .../09-kpackagetool5_5.115.0-0ubuntu5_amd64.deb ...
Unpacking kpackagetool5 (5.115.0-0ubuntu5) ...
Selecting previously unselected package libappstreamqt5-3:amd64.
Preparing to unpack .../10-libappstreamqt5-3_1.0.2-1build6_amd64.deb ...
Unpacking libappstreamqt5-3:amd64 (1.0.2-1build6) ...
Selecting previously unselected package libkf5config-data.
Preparing to unpack .../11-libkf5config-data_5.115.0-0ubuntu5_all.deb ...
Unpacking libkf5config-data (5.115.0-0ubuntu5) ...
Selecting previously unselected package libkf5configcore5:amd64.
Preparing to unpack .../12-libkf5configcore5_5.115.0-0ubuntu5_amd64.deb ...
Unpacking libkf5configcore5:amd64 (5.115.0-0ubuntu5) ...
Selecting previously unselected package libkf5crash5:amd64.
Preparing to unpack .../13-libkf5crash5_5.115.0-0ubuntu5_amd64.deb ...
Unpacking libkf5crash5:amd64 (5.115.0-0ubuntu5) ...
Selecting previously unselected package libkf5parts-data.
Preparing to unpack .../14-libkf5parts-data_5.115.0-0ubuntu5_all.deb ...
Unpacking libkf5parts-data (5.115.0-0ubuntu5) ...
Selecting previously unselected package libkf5dbusaddons-data.
Preparing to unpack .../15-libkf5dbusaddons-data_5.115.0-0ubuntu5_all.deb ...
Unpacking libkf5dbusaddons-data (5.115.0-0ubuntu5) ...
Selecting previously unselected package libkf5dbusaddons5:amd64.
Preparing to unpack .../16-libkf5dbusaddons5_5.115.0-0ubuntu5_amd64.deb ...
Unpacking libkf5dbusaddons5:amd64 (5.115.0-0ubuntu5) ...
Selecting previously unselected package libkf5service-data.
Preparing to unpack .../17-libkf5service-data_5.115.0-0ubuntu4_all.deb ...
Unpacking libkf5service-data (5.115.0-0ubuntu4) ...
Selecting previously unselected package libqt5xml5t64:amd64.
Preparing to unpack .../18-libqt5xml5t64_5.15.13+dfsg-1ubuntu1_amd64.deb ...
Unpacking libqt5xml5t64:amd64 (5.15.13+dfsg-1ubuntu1) ...
Selecting previously unselected package libkf5service5:amd64.
Preparing to unpack .../19-libkf5service5_5.115.0-0ubuntu4_amd64.deb ...
Unpacking libkf5service5:amd64 (5.115.0-0ubuntu4) ...
Selecting previously unselected package libkf5service-bin.
Preparing to unpack .../20-libkf5service-bin_5.115.0-0ubuntu4_amd64.deb ...
Unpacking libkf5service-bin (5.115.0-0ubuntu4) ...
Selecting previously unselected package kded5.
Preparing to unpack .../21-kded5_5.115.0-0ubuntu5_amd64.deb ...
Unpacking kded5 (5.115.0-0ubuntu5) ...
Selecting previously unselected package libkf5auth-data.
Preparing to unpack .../22-libkf5auth-data_5.115.0-0ubuntu5_all.deb ...
Unpacking libkf5auth-data (5.115.0-0ubuntu5) ...
Selecting previously unselected package libpolkit-qt5-1-1:amd64.
Preparing to unpack .../23-libpolkit-qt5-1-1_0.200.0-1build4_amd64.deb ...
Unpacking libpolkit-qt5-1-1:amd64 (0.200.0-1build4) ...
Selecting previously unselected package libkf5authcore5:amd64.
Preparing to unpack .../24-libkf5authcore5_5.115.0-0ubuntu5_amd64.deb ...
Unpacking libkf5authcore5:amd64 (5.115.0-0ubuntu5) ...
Selecting previously unselected package libkf5configwidgets-data.
Preparing to unpack .../25-libkf5configwidgets-data_5.115.0-0ubuntu5_all.deb ...
Unpacking libkf5configwidgets-data (5.115.0-0ubuntu5) ...
Selecting previously unselected package libkf5codecs-data.
Preparing to unpack .../26-libkf5codecs-data_5.115.0-0ubuntu5_all.deb ...
Unpacking libkf5codecs-data (5.115.0-0ubuntu5) ...
Selecting previously unselected package libkf5codecs5:amd64.
Preparing to unpack .../27-libkf5codecs5_5.115.0-0ubuntu5_amd64.deb ...
Unpacking libkf5codecs5:amd64 (5.115.0-0ubuntu5) ...
Selecting previously unselected package libkf5configgui5:amd64.
Preparing to unpack .../28-libkf5configgui5_5.115.0-0ubuntu5_amd64.deb ...
Unpacking libkf5configgui5:amd64 (5.115.0-0ubuntu5) ...
Selecting previously unselected package libkf5guiaddons-bin.
Preparing to unpack .../29-libkf5guiaddons-bin_5.115.0-0ubuntu5_amd64.deb ...
Unpacking libkf5guiaddons-bin (5.115.0-0ubuntu5) ...
Selecting previously unselected package libkf5guiaddons-data.
Preparing to unpack .../30-libkf5guiaddons-data_5.115.0-0ubuntu5_all.deb ...
Unpacking libkf5guiaddons-data (5.115.0-0ubuntu5) ...
Selecting previously unselected package libkf5guiaddons5:amd64.
Preparing to unpack .../31-libkf5guiaddons5_5.115.0-0ubuntu5_amd64.deb ...
Unpacking libkf5guiaddons5:amd64 (5.115.0-0ubuntu5) ...
Selecting previously unselected package libkf5widgetsaddons-data.
Preparing to unpack .../32-libkf5widgetsaddons-data_5.115.0-0ubuntu4_all.deb ...
Unpacking libkf5widgetsaddons-data (5.115.0-0ubuntu4) ...
Selecting previously unselected package libkf5widgetsaddons5:amd64.
Preparing to unpack .../33-libkf5widgetsaddons5_5.115.0-0ubuntu4_amd64.deb ...
Unpacking libkf5widgetsaddons5:amd64 (5.115.0-0ubuntu4) ...
Selecting previously unselected package libkf5configwidgets5:amd64.
Preparing to unpack .../34-libkf5configwidgets5_5.115.0-0ubuntu5_amd64.deb ...
Unpacking libkf5configwidgets5:amd64 (5.115.0-0ubuntu5) ...
Selecting previously unselected package libkf5doctools5:amd64.
Preparing to unpack .../35-libkf5doctools5_5.115.0-0ubuntu5_amd64.deb ...
Unpacking libkf5doctools5:amd64 (5.115.0-0ubuntu5) ...
Selecting previously unselected package libkf5itemviews-data.
Preparing to unpack .../36-libkf5itemviews-data_5.115.0-0ubuntu5_all.deb ...
Unpacking libkf5itemviews-data (5.115.0-0ubuntu5) ...
Selecting previously unselected package libkf5itemviews5:amd64.
Preparing to unpack .../37-libkf5itemviews5_5.115.0-0ubuntu5_amd64.deb ...
Unpacking libkf5itemviews5:amd64 (5.115.0-0ubuntu5) ...
Selecting previously unselected package libkf5kiocore5:amd64.
Preparing to unpack .../38-libkf5kiocore5_5.115.0-0ubuntu6_amd64.deb ...
Unpacking libkf5kiocore5:amd64 (5.115.0-0ubuntu6) ...
Selecting previously unselected package libkf5windowsystem-data.
Preparing to unpack .../39-libkf5windowsystem-data_5.115.0-0ubuntu4_all.deb ...
Unpacking libkf5windowsystem-data (5.115.0-0ubuntu4) ...
Selecting previously unselected package libkf5windowsystem5:amd64.
Preparing to unpack .../40-libkf5windowsystem5_5.115.0-0ubuntu4_amd64.deb ...
Unpacking libkf5windowsystem5:amd64 (5.115.0-0ubuntu4) ...
Selecting previously unselected package libkf5kiogui5:amd64.
Preparing to unpack .../41-libkf5kiogui5_5.115.0-0ubuntu6_amd64.deb ...
Unpacking libkf5kiogui5:amd64 (5.115.0-0ubuntu6) ...
Selecting previously unselected package libkf5kiontlm5:amd64.
Preparing to unpack .../42-libkf5kiontlm5_5.115.0-0ubuntu6_amd64.deb ...
Unpacking libkf5kiontlm5:amd64 (5.115.0-0ubuntu6) ...
Selecting previously unselected package libkf5completion-data.
Preparing to unpack .../43-libkf5completion-data_5.115.0-0ubuntu5_all.deb ...
Unpacking libkf5completion-data (5.115.0-0ubuntu5) ...
Selecting previously unselected package libkf5completion5:amd64.
Preparing to unpack .../44-libkf5completion5_5.115.0-0ubuntu5_amd64.deb ...
Unpacking libkf5completion5:amd64 (5.115.0-0ubuntu5) ...
Selecting previously unselected package libkf5iconthemes-data.
Preparing to unpack .../45-libkf5iconthemes-data_5.115.0-0ubuntu6_all.deb ...
Unpacking libkf5iconthemes-data (5.115.0-0ubuntu6) ...
Selecting previously unselected package libkf5iconthemes5:amd64.
Preparing to unpack .../46-libkf5iconthemes5_5.115.0-0ubuntu6_amd64.deb ...
Unpacking libkf5iconthemes5:amd64 (5.115.0-0ubuntu6) ...
Selecting previously unselected package libkf5jobwidgets-data.
Preparing to unpack .../47-libkf5jobwidgets-data_5.115.0-0ubuntu5_all.deb ...
Unpacking libkf5jobwidgets-data (5.115.0-0ubuntu5) ...
Selecting previously unselected package libkf5jobwidgets5:amd64.
Preparing to unpack .../48-libkf5jobwidgets5_5.115.0-0ubuntu5_amd64.deb ...
Unpacking libkf5jobwidgets5:amd64 (5.115.0-0ubuntu5) ...
Selecting previously unselected package libkf5solid5-data.
Preparing to unpack .../49-libkf5solid5-data_5.115.0-0ubuntu5_all.deb ...
Unpacking libkf5solid5-data (5.115.0-0ubuntu5) ...
Selecting previously unselected package libkf5solid5:amd64.
Preparing to unpack .../50-libkf5solid5_5.115.0-0ubuntu5_amd64.deb ...
Unpacking libkf5solid5:amd64 (5.115.0-0ubuntu5) ...
Selecting previously unselected package libkf5kiowidgets5:amd64.
Preparing to unpack .../51-libkf5kiowidgets5_5.115.0-0ubuntu6_amd64.deb ...
Unpacking libkf5kiowidgets5:amd64 (5.115.0-0ubuntu6) ...
Selecting previously unselected package libkf5notifications-data.
Preparing to unpack .../52-libkf5notifications-data_5.115.0-0ubuntu6_all.deb ...
Unpacking libkf5notifications-data (5.115.0-0ubuntu6) ...
Selecting previously unselected package libdbusmenu-qt5-2:amd64.
Preparing to unpack .../53-libdbusmenu-qt5-2_0.9.3+16.04.20160218-2build3_amd64.deb ...
Unpacking libdbusmenu-qt5-2:amd64 (0.9.3+16.04.20160218-2build3) ...
Selecting previously unselected package libqt5texttospeech5:amd64.
Preparing to unpack .../54-libqt5texttospeech5_5.15.13-1_amd64.deb ...
Unpacking libqt5texttospeech5:amd64 (5.15.13-1) ...
Selecting previously unselected package libkf5notifications5:amd64.
Preparing to unpack .../55-libkf5notifications5_5.115.0-0ubuntu6_amd64.deb ...
Unpacking libkf5notifications5:amd64 (5.115.0-0ubuntu6) ...
Selecting previously unselected package libkf5textwidgets-data.
Preparing to unpack .../56-libkf5textwidgets-data_5.115.0-0ubuntu4_all.deb ...
Unpacking libkf5textwidgets-data (5.115.0-0ubuntu4) ...
Selecting previously unselected package libkf5sonnet5-data.
Preparing to unpack .../57-libkf5sonnet5-data_5.115.0-0ubuntu5_all.deb ...
Unpacking libkf5sonnet5-data (5.115.0-0ubuntu5) ...
Selecting previously unselected package libkf5sonnetcore5:amd64.
Preparing to unpack .../58-libkf5sonnetcore5_5.115.0-0ubuntu5_amd64.deb ...
Unpacking libkf5sonnetcore5:amd64 (5.115.0-0ubuntu5) ...
Selecting previously unselected package libkf5sonnetui5:amd64.
Preparing to unpack .../59-libkf5sonnetui5_5.115.0-0ubuntu5_amd64.deb ...
Unpacking libkf5sonnetui5:amd64 (5.115.0-0ubuntu5) ...
Selecting previously unselected package libkf5textwidgets5:amd64.
Preparing to unpack .../60-libkf5textwidgets5_5.115.0-0ubuntu4_amd64.deb ...
Unpacking libkf5textwidgets5:amd64 (5.115.0-0ubuntu4) ...
Selecting previously unselected package libkf5wallet-data.
Preparing to unpack .../61-libkf5wallet-data_5.115.0-0ubuntu3_all.deb ...
Unpacking libkf5wallet-data (5.115.0-0ubuntu3) ...
Selecting previously unselected package libkwalletbackend5-5:amd64.
Preparing to unpack .../62-libkwalletbackend5-5_5.115.0-0ubuntu3_amd64.deb ...
Unpacking libkwalletbackend5-5:amd64 (5.115.0-0ubuntu3) ...
Selecting previously unselected package libkf5wallet5:amd64.
Preparing to unpack .../63-libkf5wallet5_5.115.0-0ubuntu3_amd64.deb ...
Unpacking libkf5wallet5:amd64 (5.115.0-0ubuntu3) ...
Selecting previously unselected package libqca-qt5-2:amd64.
Preparing to unpack .../64-libqca-qt5-2_2.3.8-1build3_amd64.deb ...
Unpacking libqca-qt5-2:amd64 (2.3.8-1build3) ...
Selecting previously unselected package libkf5wallet-bin.
Preparing to unpack .../65-libkf5wallet-bin_5.115.0-0ubuntu3_amd64.deb ...
Unpacking libkf5wallet-bin (5.115.0-0ubuntu3) ...
Selecting previously unselected package kio.
Preparing to unpack .../66-kio_5.115.0-0ubuntu6_amd64.deb ...
Unpacking kio (5.115.0-0ubuntu6) ...
Selecting previously unselected package libkf5xmlgui-data.
Preparing to unpack .../67-libkf5xmlgui-data_5.115.0-0ubuntu5_all.deb ...
Unpacking libkf5xmlgui-data (5.115.0-0ubuntu5) ...
Selecting previously unselected package libkf5globalaccel-data.
Preparing to unpack .../68-libkf5globalaccel-data_5.115.0-0ubuntu5_all.deb ...
Unpacking libkf5globalaccel-data (5.115.0-0ubuntu5) ...
Selecting previously unselected package libkf5globalaccel5:amd64.
Preparing to unpack .../69-libkf5globalaccel5_5.115.0-0ubuntu5_amd64.deb ...
Unpacking libkf5globalaccel5:amd64 (5.115.0-0ubuntu5) ...
Selecting previously unselected package libkf5globalaccelprivate5:amd64.
Preparing to unpack .../70-libkf5globalaccelprivate5_5.115.0-0ubuntu5_amd64.deb ...
Unpacking libkf5globalaccelprivate5:amd64 (5.115.0-0ubuntu5) ...
Selecting previously unselected package libxcb-record0:amd64.
Preparing to unpack .../71-libxcb-record0_1.15-1ubuntu2_amd64.deb ...
Unpacking libxcb-record0:amd64 (1.15-1ubuntu2) ...
Selecting previously unselected package libkf5globalaccel-bin.
Preparing to unpack .../72-libkf5globalaccel-bin_5.115.0-0ubuntu5_amd64.deb ...
Unpacking libkf5globalaccel-bin (5.115.0-0ubuntu5) ...
Selecting previously unselected package libqt5printsupport5t64:amd64.
Preparing to unpack .../73-libqt5printsupport5t64_5.15.13+dfsg-1ubuntu1_amd64.deb ...
Unpacking libqt5printsupport5t64:amd64 (5.15.13+dfsg-1ubuntu1) ...
Selecting previously unselected package libkf5xmlgui5:amd64.
Preparing to unpack .../74-libkf5xmlgui5_5.115.0-0ubuntu5_amd64.deb ...
Unpacking libkf5xmlgui5:amd64 (5.115.0-0ubuntu5) ...
Selecting previously unselected package libkf5parts5:amd64.
Preparing to unpack .../75-libkf5parts5_5.115.0-0ubuntu5_amd64.deb ...
Unpacking libkf5parts5:amd64 (5.115.0-0ubuntu5) ...
Selecting previously unselected package libkpmcore12.
Preparing to unpack .../76-libkpmcore12_23.08.5-0ubuntu3_amd64.deb ...
Unpacking libkpmcore12 (23.08.5-0ubuntu3) ...
Selecting previously unselected package libqt5quickwidgets5:amd64.
Preparing to unpack .../77-libqt5quickwidgets5_5.15.13+dfsg-1ubuntu0.1_amd64.deb ...
Unpacking libqt5quickwidgets5:amd64 (5.15.13+dfsg-1ubuntu0.1) ...
Selecting previously unselected package libyaml-cpp0.8:amd64.
Preparing to unpack .../78-libyaml-cpp0.8_0.8.0+dfsg-6build1_amd64.deb ...
Unpacking libyaml-cpp0.8:amd64 (0.8.0+dfsg-6build1) ...
Selecting previously unselected package calamares.
Preparing to unpack .../79-calamares_3.3.5-0ubuntu4_amd64.deb ...
Unpacking calamares (3.3.5-0ubuntu4) ...
Selecting previously unselected package kdialog.
Preparing to unpack .../80-kdialog_4%3a23.08.5-0ubuntu4_amd64.deb ...
Unpacking kdialog (4:23.08.5-0ubuntu4) ...
Selecting previously unselected package qml-module-qtquick-window2:amd64.
Preparing to unpack .../81-qml-module-qtquick-window2_5.15.13+dfsg-1ubuntu0.1_amd64.deb ...
Unpacking qml-module-qtquick-window2:amd64 (5.15.13+dfsg-1ubuntu0.1) ...
Selecting previously unselected package libqt5qmlworkerscript5:amd64.
Preparing to unpack .../82-libqt5qmlworkerscript5_5.15.13+dfsg-1ubuntu0.1_amd64.deb ...
Unpacking libqt5qmlworkerscript5:amd64 (5.15.13+dfsg-1ubuntu0.1) ...
Selecting previously unselected package qml-module-qtquick2:amd64.
Preparing to unpack .../83-qml-module-qtquick2_5.15.13+dfsg-1ubuntu0.1_amd64.deb ...
Unpacking qml-module-qtquick2:amd64 (5.15.13+dfsg-1ubuntu0.1) ...
Selecting previously unselected package squashfs-tools.
Preparing to unpack .../84-squashfs-tools_1%3a4.6.1-1build1_amd64.deb ...
Unpacking squashfs-tools (1:4.6.1-1build1) ...
Selecting previously unselected package calamares-settings-ubuntu-common.
Preparing to unpack .../85-calamares-settings-ubuntu-common_1%3a24.04.40_amd64.deb ...
Unpacking calamares-settings-ubuntu-common (1:24.04.40) ...
Selecting previously unselected package kwayland-data.
Preparing to unpack .../86-kwayland-data_4%3a5.115.0-0ubuntu5_all.deb ...
Unpacking kwayland-data (4:5.115.0-0ubuntu5) ...
Selecting previously unselected package libkf5waylandclient5:amd64.
Preparing to unpack .../87-libkf5waylandclient5_4%3a5.115.0-0ubuntu5_amd64.deb ...
Unpacking libkf5waylandclient5:amd64 (4:5.115.0-0ubuntu5) ...
Selecting previously unselected package kwayland-integration:amd64.
Preparing to unpack .../88-kwayland-integration_4%3a5.27.11-0ubuntu3_amd64.deb ...
Unpacking kwayland-integration:amd64 (4:5.27.11-0ubuntu3) ...
Selecting previously unselected package libhfstospell11:amd64.
Preparing to unpack .../89-libhfstospell11_0.5.4-1build3_amd64.deb ...
Unpacking libhfstospell11:amd64 (0.5.4-1build3) ...
Selecting previously unselected package libkf5config-bin.
Preparing to unpack .../90-libkf5config-bin_5.115.0-0ubuntu5_amd64.deb ...
Unpacking libkf5config-bin (5.115.0-0ubuntu5) ...
Selecting previously unselected package libkf5dbusaddons-bin.
Preparing to unpack .../91-libkf5dbusaddons-bin_5.115.0-0ubuntu5_amd64.deb ...
Unpacking libkf5dbusaddons-bin (5.115.0-0ubuntu5) ...
Selecting previously unselected package libkf5iconthemes-bin.
Preparing to unpack .../92-libkf5iconthemes-bin_5.115.0-0ubuntu6_amd64.deb ...
Unpacking libkf5iconthemes-bin (5.115.0-0ubuntu6) ...
Selecting previously unselected package libkf5parts-plugins:amd64.
Preparing to unpack .../93-libkf5parts-plugins_5.115.0-0ubuntu5_amd64.deb ...
Unpacking libkf5parts-plugins:amd64 (5.115.0-0ubuntu5) ...
Selecting previously unselected package libkf5xmlgui-bin:amd64.
Preparing to unpack .../94-libkf5xmlgui-bin_5.115.0-0ubuntu5_amd64.deb ...
Unpacking libkf5xmlgui-bin:amd64 (5.115.0-0ubuntu5) ...
Selecting previously unselected package libqca-qt5-2-plugins:amd64.
Preparing to unpack .../95-libqca-qt5-2-plugins_2.3.8-1build3_amd64.deb ...
Unpacking libqca-qt5-2-plugins:amd64 (2.3.8-1build3) ...
Selecting previously unselected package libvoikko1:amd64.
Preparing to unpack .../96-libvoikko1_4.3.2-1build1_amd64.deb ...
Unpacking libvoikko1:amd64 (4.3.2-1build1) ...
Selecting previously unselected package media-player-info.
Preparing to unpack .../97-media-player-info_24-3_all.deb ...
Unpacking media-player-info (24-3) ...
Selecting previously unselected package qtspeech5-speechd-plugin:amd64.
Preparing to unpack .../98-qtspeech5-speechd-plugin_5.15.13-1_amd64.deb ...
Unpacking qtspeech5-speechd-plugin:amd64 (5.15.13-1) ...
Selecting previously unselected package sonnet-plugins:amd64.
Preparing to unpack .../99-sonnet-plugins_5.115.0-0ubuntu5_amd64.deb ...
Unpacking sonnet-plugins:amd64 (5.115.0-0ubuntu5) ...
Setting up libkf5codecs-data (5.115.0-0ubuntu5) ...
Setting up libkf5package-data (5.115.0-0ubuntu5) ...
Setting up libkf5service-data (5.115.0-0ubuntu4) ...
Setting up libkf5config-data (5.115.0-0ubuntu5) ...
Setting up squashfs-tools (1:4.6.1-1build1) ...
Setting up libkf5solid5-data (5.115.0-0ubuntu5) ...
Setting up libkf5i18n-data (5.115.0-0ubuntu6) ...
Setting up libkf5auth-data (5.115.0-0ubuntu5) ...
Setting up libkf5itemviews-data (5.115.0-0ubuntu5) ...
Setting up libkf5codecs5:amd64 (5.115.0-0ubuntu5) ...
Setting up libkf5parts-data (5.115.0-0ubuntu5) ...
Setting up libyaml-cpp0.8:amd64 (0.8.0+dfsg-6build1) ...
Setting up libkf5configcore5:amd64 (5.115.0-0ubuntu5) ...
Setting up libkf5windowsystem-data (5.115.0-0ubuntu4) ...
Setting up qml-module-qtquick-window2:amd64 (5.15.13+dfsg-1ubuntu0.1) ...
Setting up libqt5xml5t64:amd64 (5.15.13+dfsg-1ubuntu1) ...
Setting up media-player-info (24-3) ...
Setting up libkf5xmlgui-data (5.115.0-0ubuntu5) ...
Setting up libkf5configwidgets-data (5.115.0-0ubuntu5) ...
Setting up libkf5completion-data (5.115.0-0ubuntu5) ...
Setting up libqt5qmlworkerscript5:amd64 (5.15.13+dfsg-1ubuntu0.1) ...
Setting up libqt5quickwidgets5:amd64 (5.15.13+dfsg-1ubuntu0.1) ...
Setting up libkf5coreaddons-data (5.115.0-0ubuntu5) ...
Setting up libkf5configgui5:amd64 (5.115.0-0ubuntu5) ...
Setting up libqt5texttospeech5:amd64 (5.15.13-1) ...
Setting up libkf5dbusaddons-data (5.115.0-0ubuntu5) ...
Setting up libkf5notifications-data (5.115.0-0ubuntu6) ...
Setting up libkf5dbusaddons-bin (5.115.0-0ubuntu5) ...
Setting up libkf5wallet-data (5.115.0-0ubuntu3) ...
Setting up libkf5jobwidgets-data (5.115.0-0ubuntu5) ...
Setting up libkf5sonnet5-data (5.115.0-0ubuntu5) ...
Setting up libkf5iconthemes-data (5.115.0-0ubuntu6) ...
Setting up libkf5kiontlm5:amd64 (5.115.0-0ubuntu6) ...
Setting up libkf5globalaccel-data (5.115.0-0ubuntu5) ...
Setting up libappstreamqt5-3:amd64 (1.0.2-1build6) ...
Setting up qtspeech5-speechd-plugin:amd64 (5.15.13-1) ...
Setting up libkf5config-bin (5.115.0-0ubuntu5) ...
Setting up libkf5guiaddons-bin (5.115.0-0ubuntu5) ...
Setting up libkf5textwidgets-data (5.115.0-0ubuntu4) ...
Setting up libkf5guiaddons-data (5.115.0-0ubuntu5) ...
Setting up libkf5coreaddons5:amd64 (5.115.0-0ubuntu5) ...
Setting up libdbusmenu-qt5-2:amd64 (0.9.3+16.04.20160218-2build3) ...
Setting up libkf5windowsystem5:amd64 (5.115.0-0ubuntu4) ...
Setting up libkf5archive-data (5.115.0-0ubuntu5) ...
Setting up libqca-qt5-2:amd64 (2.3.8-1build3) ...
Setting up qml-module-qtquick2:amd64 (5.15.13+dfsg-1ubuntu0.1) ...
Setting up libkf5widgetsaddons-data (5.115.0-0ubuntu4) ...
Setting up libpolkit-qt5-1-1:amd64 (0.200.0-1build4) ...
Setting up libhfstospell11:amd64 (0.5.4-1build3) ...
Setting up kwayland-data (4:5.115.0-0ubuntu5) ...
Setting up util-linux-extra (2.39.3-9ubuntu6.6) ...
Setting up libqt5printsupport5t64:amd64 (5.15.13+dfsg-1ubuntu1) ...
Setting up libkf5sonnetcore5:amd64 (5.115.0-0ubuntu5) ...
Setting up libxcb-record0:amd64 (1.15-1ubuntu2) ...
Setting up libkf5solid5:amd64 (5.115.0-0ubuntu5) ...
Setting up libvoikko1:amd64 (4.3.2-1build1) ...
Setting up libkf5itemviews5:amd64 (5.115.0-0ubuntu5) ...
Setting up libkf5authcore5:amd64 (5.115.0-0ubuntu5) ...
Setting up libkf5widgetsaddons5:amd64 (5.115.0-0ubuntu4) ...
Setting up libkf5i18n5:amd64 (5.115.0-0ubuntu6) ...
Setting up libkf5guiaddons5:amd64 (5.115.0-0ubuntu5) ...
Setting up libkf5configwidgets5:amd64 (5.115.0-0ubuntu5) ...
Setting up libkf5xmlgui-bin:amd64 (5.115.0-0ubuntu5) ...
Setting up libkf5notifications5:amd64 (5.115.0-0ubuntu6) ...
Setting up libkf5jobwidgets5:amd64 (5.115.0-0ubuntu5) ...
Setting up libkwalletbackend5-5:amd64 (5.115.0-0ubuntu3) ...
Setting up libkf5dbusaddons5:amd64 (5.115.0-0ubuntu5) ...
Setting up libkf5archive5:amd64 (5.115.0-0ubuntu5) ...
Setting up libqca-qt5-2-plugins:amd64 (2.3.8-1build3) ...
Setting up sonnet-plugins:amd64 (5.115.0-0ubuntu5) ...
Setting up libkf5globalaccel5:amd64 (5.115.0-0ubuntu5) ...
Setting up libkf5globalaccelprivate5:amd64 (5.115.0-0ubuntu5) ...
Setting up libkf5sonnetui5:amd64 (5.115.0-0ubuntu5) ...
Setting up libkf5crash5:amd64 (5.115.0-0ubuntu5) ...
Setting up libkf5waylandclient5:amd64 (4:5.115.0-0ubuntu5) ...
Setting up libkf5service5:amd64 (5.115.0-0ubuntu4) ...
Setting up libkf5completion5:amd64 (5.115.0-0ubuntu5) ...
Setting up libkf5wallet5:amd64 (5.115.0-0ubuntu3) ...
Setting up libkpmcore12 (23.08.5-0ubuntu3) ...
Setting up libkf5iconthemes5:amd64 (5.115.0-0ubuntu6) ...
Setting up libkf5package5:amd64 (5.115.0-0ubuntu5) ...
Setting up kwayland-integration:amd64 (4:5.27.11-0ubuntu3) ...
Setting up kpackagetool5 (5.115.0-0ubuntu5) ...
Setting up libkf5globalaccel-bin (5.115.0-0ubuntu5) ...
Setting up libkf5service-bin (5.115.0-0ubuntu4) ...
Setting up libkf5doctools5:amd64 (5.115.0-0ubuntu5) ...
Setting up kded5 (5.115.0-0ubuntu5) ...
Setting up libkf5xmlgui5:amd64 (5.115.0-0ubuntu5) ...
Setting up libkf5textwidgets5:amd64 (5.115.0-0ubuntu4) ...
Setting up libkf5iconthemes-bin (5.115.0-0ubuntu6) ...
Setting up libkf5kiocore5:amd64 (5.115.0-0ubuntu6) ...
Setting up libkf5wallet-bin (5.115.0-0ubuntu3) ...
Setting up libkf5kiogui5:amd64 (5.115.0-0ubuntu6) ...
Setting up libkf5kiowidgets5:amd64 (5.115.0-0ubuntu6) ...
Setting up kio (5.115.0-0ubuntu6) ...
Setting up kdialog (4:23.08.5-0ubuntu4) ...
Setting up libkf5parts5:amd64 (5.115.0-0ubuntu5) ...
Setting up calamares (3.3.5-0ubuntu4) ...
Setting up libkf5parts-plugins:amd64 (5.115.0-0ubuntu5) ...
Setting up calamares-settings-ubuntu-common (1:24.04.40) ...

Configuration file '/etc/calamares/modules/before_bootloader_context.conf'
 ==> File on system created by you or by a script.
 ==> File also in package provided by package maintainer.
 ==> Keeping old config file as default.

Configuration file '/etc/calamares/modules/bootloader.conf'
 ==> File on system created by you or by a script.
 ==> File also in package provided by package maintainer.
 ==> Keeping old config file as default.
Processing triggers for hicolor-icon-theme (0.17-2) ...
Processing triggers for gnome-menus (3.36.0-1.1ubuntu3) ...
Processing triggers for libc-bin (2.39-0ubuntu8.9) ...
Processing triggers for man-db (2.12.0-4build2) ...
Processing triggers for dbus (1.14.10-4ubuntu4.1) ...
Processing triggers for shared-mime-info (2.4-4) ...
Processing triggers for udev (255.4-1ubuntu8.17) ...
Processing triggers for desktop-file-utils (0.27-2build1) ...
    -> boot loader packages for the installer
Get:1 http://archive.ubuntu.com/ubuntu noble-updates/main amd64 grub-efi-amd64 amd64 2.12-1ubuntu7.3 [52.8 kB]
Get:2 http://archive.ubuntu.com/ubuntu noble-updates/main amd64 grub-pc amd64 2.12-1ubuntu7.3 [137 kB]
Fetched 190 kB in 1s (337 kB/s)
W: Download is performed unsandboxed as root as file '/usr/lib/veil/bootloader/grub-efi-amd64_2.12-1ubuntu7.3_amd64.deb' couldn't be accessed by user '_apt'. - pkgAcquire::Run (13: Permission denied)
total 188
-rw-r--r-- 1 root root  52804 Apr  2  2025 grub-efi-amd64_2.12-1ubuntu7.3_amd64.deb
-rw-r--r-- 1 root root 137104 Apr  2  2025 grub-pc_2.12-1ubuntu7.3_amd64.deb
tr: write error: Broken pipe
tr: write error: Broken pipe

==>   80-defaults.sh
    -> desktop defaults
    -> GTK 4 theme for new users
    -> default programs

==>   90-cleanup.sh
    -> boot splash into the initramfs
update-initramfs: Generating /boot/initrd.img-7.0.0-31-generic
cryptsetup: WARNING: Couldn't determine root device
    -> tidying packages
Reading package lists...
Building dependency tree...
Reading state information...
The following packages will be REMOVED:
  libllvm20:i386*
0 upgraded, 0 newly installed, 1 to remove and 0 not upgraded.
After this operation, 162 MB disk space will be freed.
(Reading database ... (Reading database ... 5%(Reading database ... 10%(Reading database ... 15%(Reading database ... 20%(Reading database ... 25%(Reading database ... 30%(Reading database ... 35%(Reading database ... 40%(Reading database ... 45%(Reading database ... 50%(Reading database ... 55%(Reading database ... 60%(Reading database ... 65%(Reading database ... 70%(Reading database ... 75%(Reading database ... 80%(Reading database ... 85%(Reading database ... 90%(Reading database ... 95%(Reading database ... 100%(Reading database ... 267432 files and directories currently installed.)
Removing libllvm20:i386 (1:20.1.8-0ubuntu1~kisak~n) ...
Processing triggers for libc-bin (2.39-0ubuntu8.9) ...
    -> removing build leftovers
    -> ownership
    -> installed packages: 2084
    -> size: 9.6G

==> Laying out the image

==> Squashing the system (this is the slow part)
Parallel mksquashfs: Using 4 processors
Creating 4.0 filesystem on /mnt/veil/work/image/casper/filesystem.squashfs, block size 1048576.
[/                                                           ]     0/49932   0%[|                                                         ]    100/192006   0%[\                                                         ]   2100/192006   1%[\                                                         ]   2500/192006   1%[===-                                                      ]  12700/192006   6%[====-                                                     ]  13500/192006   7%[====/                                                     ]  15200/192006   7%[====|                                                     ]  16500/192006   8%[======/                                                   ]  22100/192006  11%[===========\                                              ]  38100/192006  19%[===========\                                              ]  38300/192006  19%[===========/                                              ]  39800/192006  20%[===========\                                              ]  40000/192006  20%[===========-                                              ]  40200/192006  20%[=============/                                            ]  46000/192006  23%Unrecognised xattr prefix system.posix_acl_access
Unrecognised xattr prefix system.posix_acl_default

[=========================================================-] 192006/192006 100%

Exportable Squashfs 4.0 filesystem, xz compressed, data block size 1048576
	compressed data, compressed metadata, compressed fragments,
	compressed xattrs, compressed ids
	duplicates are not removed
Filesystem size 3150530.22 Kbytes (3076.69 Mbytes)
	33.51% of uncompressed filesystem size (9402509.33 Kbytes)
Inode table size 2412128 bytes (2355.59 Kbytes)
	21.40% of uncompressed inode table size (11272224 bytes)
Directory table size 2909396 bytes (2841.21 Kbytes)
	34.96% of uncompressed directory table size (8322759 bytes)
Xattr table size 40 bytes (0.04 Kbytes)
	100.00% of uncompressed xattr table size (40 bytes)
No duplicate files removed
Number of inodes 305657
Number of files 197508
Number of fragments 3694
Number of symbolic links 91146
Number of device nodes 0
Number of fifo nodes 0
Number of socket nodes 0
Number of directories 17003
Number of hard-links 20
Number of ids (unique uids + gids) 30
Number of uids 13
	root (0)
	polkitd (989)
	_apt (42)
	tcpdump (107)
	unknown (113)
	postgres (112)
	man (6)
	sphinxsearch (110)
	unknown (115)
	unknown (116)
	sshd (105)
	_chrony (109)
	uuidd (103)
Number of gids 24
	root (0)
	dip (30)
	polkitd (989)
	shadow (42)
	input (995)
	tss (104)
	rdma (107)
	messagebus (101)
	mail (8)
	staff (50)
	_chrony (113)
	man (12)
	unknown (119)
	ssl-cert (115)
	unknown (120)
	docker (118)
	lxd (105)
	netdev (111)
	systemd-coredump (988)
	sphinxsearch (114)
	syslog (102)
	adm (4)
	utmp (43)
	systemd-journal (999)

==> BIOS boot image

==> UEFI boot image

==> Writing the ISO
xorriso 1.5.6 : RockRidge filesystem manipulator, libburnia project.

Drive current: -outdev 'stdio:/home/runner/work/veil-os/veil-os/out/veil-os-1.0-amd64.iso'
Media current: stdio file, overwriteable
Media status : is blank
Media summary: 0 sessions, 0 data blocks, 0 data, 92.1g free
Added to ISO image: file '/EFI/efiboot.img'='/mnt/veil/work/image/isolinux/efiboot.img'
xorriso : UPDATE :       1 files added in 1 seconds
Added to ISO image: directory '/'='/mnt/veil/work/image'
xorriso : UPDATE :     332 files added in 1 seconds
xorriso : NOTE : Copying to System Area: 512 bytes from file '/mnt/veil/work/boot_hybrid.img'
xorriso : UPDATE :  6.23% done
xorriso : UPDATE :  66.42% done
xorriso : UPDATE :  84.79% done
xorriso : UPDATE :  96.97% done
ISO image produced: 1642592 sectors
Written to medium : 1642592 sectors at LBA 0
Writing to 'stdio:/home/runner/work/veil-os/veil-os/out/veil-os-1.0-amd64.iso' completed successfully.


==> Done: /home/runner/work/veil-os/veil-os/out/veil-os-1.0-amd64.iso (3.2G)
